seq	Shear	Stretch	Stagger	Buckle	ProT	Opening	MGW	EP	Shear-FL	Stretch-FL	Stagger-FL	Buckle-FL	ProT-FL	Opening-FL	MGW-FL	Shift_-1	Shift_1	Slide_-1	Slide_1	Rise_-1	Rise_1	Tilt_-1	Tilt_1	Roll_-1	Roll_1	HelT_-1	HelT_1	Shift-FL_-1	Shift-FL_1	Slide-FL_-1	Slide-FL_1	Rise-FL_-1	Rise-FL_1	Tilt-FL_-1	Tilt-FL_1	Roll-FL_-1	Roll-FL_1	HelT-FL_-1	HelT-FL_1	
CAAAC	0.144400	-0.029400	-0.082900	7.957800	-13.073500	-2.028700	4.928700	-8.265700	0.241800	0.109500	0.312100	8.188300	5.985000	3.655900	1.048900	-0.200900	0.079300	-1.004200	-1.202300	3.169100	3.233900	-1.741200	-1.128900	-2.173600	-3.014300	35.340200	36.013800	0.506500	0.484000	0.412700	0.382800	0.243000	0.254800	3.176500	3.214100	4.973000	5.142300	3.827300	3.719300	
ACCTT	0.275600	-0.020300	0.132100	-3.831900	-1.554700	0.541800	3.857100	-4.179500	0.244900	0.123900	0.269100	6.538800	5.856700	2.111600	1.123600	0.005200	-0.439300	-1.938600	-1.897200	3.755700	3.589300	-2.182700	2.493200	-2.865200	-3.290200	36.020300	33.041400	0.402800	0.478500	0.366400	0.362800	0.330400	0.307800	3.236900	3.117800	5.323900	5.823300	3.922100	3.336200	
CATTG	-0.144900	-0.026800	-0.041200	-3.213800	-10.175700	-1.452800	4.728300	-7.940400	0.249900	0.119900	0.318400	7.793000	6.140900	3.742000	1.086100	-0.127800	0.126800	-1.528700	-1.162600	3.297500	3.163800	-0.828400	2.643800	-4.866200	-2.080500	32.700400	35.083300	0.505000	0.475600	0.366200	0.413100	0.233300	0.252600	2.912800	3.216100	4.403300	4.811900	3.278500	3.831300	
GTACG	0.114100	-0.030300	0.059100	2.709100	-8.827400	-0.861000	5.986000	-6.722900	0.250200	0.135600	0.339200	8.330100	5.615300	3.833200	0.992000	-0.010300	0.253500	-1.394700	-1.512500	3.256600	3.325300	-0.273800	-0.230300	5.031900	-1.966600	34.108300	34.399600	0.516900	0.483400	0.465300	0.376600	0.289400	0.221400	3.808100	3.209000	6.204900	4.246400	4.109000	3.400100	
CAAGG	0.136400	-0.018200	0.046600	7.461800	-9.158500	-1.038300	4.780300	-7.716600	0.248000	0.127400	0.310000	7.579600	5.757200	3.623900	1.004700	0.039500	0.370800	-1.204800	-1.836300	3.123700	3.383900	-2.540500	-2.361400	-2.522600	-2.742700	34.878700	32.227400	0.463200	0.447000	0.387500	0.381300	0.244500	0.269300	3.185900	3.035300	5.080200	5.137300	3.612500	3.366900	
TCACC	0.115700	-0.030200	-0.032700	2.415300	-7.053400	-0.649100	5.447700	-7.119500	0.250100	0.121300	0.333400	8.015600	5.673300	3.747400	0.949400	-0.254500	0.272000	-1.322900	-1.562200	3.405500	3.353800	0.074500	-0.838200	5.044800	-3.084800	34.557600	34.176700	0.506500	0.459900	0.505000	0.390400	0.317400	0.221900	3.548900	3.025100	5.473000	4.262200	3.889000	3.385100	
GCTCA	-0.093800	-0.027800	-0.034000	-0.915800	-6.697200	-0.677000	5.393000	-7.107000	0.250000	0.123600	0.330400	7.471900	5.463700	3.676400	0.959200	-0.249900	0.170700	-1.767900	-1.523900	3.344000	3.288600	1.817600	-0.692700	-1.911400	-0.897500	31.431500	35.563000	0.424700	0.457100	0.391500	0.448000	0.267200	0.270800	3.132400	3.608600	4.628600	4.818400	3.320400	4.174500	
CGAGT	0.107600	-0.021500	-0.075400	0.730100	-7.762200	-0.479600	4.881700	-7.355200	0.250200	0.130700	0.341300	8.043100	5.579100	3.755900	1.005600	-0.116900	0.210700	-1.497200	-1.796500	3.295200	3.517400	0.570600	-1.740800	-1.197200	-1.857600	35.905100	32.049500	0.459800	0.437900	0.439400	0.397800	0.269300	0.328000	3.612000	3.198400	5.000300	5.168200	4.069900	3.389500	
GGTGA	-0.115700	-0.030200	-0.032700	-2.415300	-7.053400	-0.649100	5.447700	-7.119500	0.250100	0.121300	0.333400	8.015600	5.673300	3.747400	0.949400	-0.272000	0.254500	-1.562200	-1.322900	3.353800	3.405500	0.838200	-0.074500	-3.084800	5.044800	34.176700	34.557600	0.459900	0.506500	0.390400	0.505000	0.221900	0.317400	3.025100	3.548900	4.262200	5.473000	3.385100	3.889000	
TCGAC	-0.266900	-0.038700	-0.040000	-1.857600	-6.797900	0.341600	5.605600	-4.546100	0.246300	0.120500	0.292300	7.979800	5.721000	2.138400	0.927200	-0.047800	-0.191200	-1.513600	-1.496400	3.492600	3.280100	-0.049700	0.740000	5.907500	-0.783900	33.249300	34.872300	0.505500	0.456800	0.451800	0.448000	0.340700	0.274300	3.666600	3.679000	5.685800	4.682200	3.711600	4.140900	
ATACA	0.104900	-0.030500	0.049700	3.167500	-8.678800	-0.934100	5.844200	-7.011200	0.250100	0.129700	0.336500	8.485600	5.641900	3.779200	1.088900	0.001100	0.229200	-1.386400	-1.567900	3.412600	3.332300	-0.544300	-0.842700	6.264300	-1.958200	34.731800	34.864500	0.513400	0.496700	0.460800	0.386700	0.331600	0.233700	3.921100	3.195700	6.526100	4.485700	4.098800	3.439300	
GCCGT	0.270500	-0.046600	0.020800	0.335300	-3.970000	0.313200	5.073300	-3.959200	0.248700	0.118900	0.267800	6.844000	5.645700	2.021500	0.888700	-0.110700	0.006700	-1.789900	-1.741900	3.399900	3.694800	-0.863000	1.223000	-0.876400	5.263800	33.528500	33.477600	0.394600	0.498900	0.406500	0.396700	0.261300	0.344400	3.226300	3.541100	4.601400	5.728700	3.739300	3.685400	
ATATA	0.079300	-0.018500	-0.089200	-2.921300	-8.905000	-0.570500	5.774100	-6.963600	0.250000	0.133900	0.350000	7.836700	5.985600	3.880800	1.119600	0.011200	-0.049100	-1.565400	-1.515100	3.562600	3.257500	-0.561100	-0.073800	8.190400	-2.662600	34.809300	32.501000	0.513800	0.525200	0.410600	0.374300	0.358400	0.235100	3.954700	3.031900	6.642300	4.520900	3.918100	3.197900	
CACGA	0.257200	-0.029100	-0.012000	5.546400	-7.608100	0.525800	5.342200	-4.628200	0.245300	0.117500	0.280900	7.736000	6.063700	2.169400	1.001100	0.337500	-0.013900	-1.437300	-1.580000	3.349700	3.618800	-0.586400	0.069200	-2.258100	5.954200	34.144200	34.037900	0.498200	0.514700	0.377200	0.423600	0.220700	0.336100	3.158700	3.630700	4.263500	5.703500	3.387100	3.835800	
GAACA	0.139800	-0.017700	0.079700	9.012800	-10.834000	-1.007700	4.837300	-7.925600	0.240100	0.120300	0.301300	7.823400	5.695800	3.659300	1.026100	-0.132500	0.357600	-1.050200	-1.628400	3.124700	3.427600	-2.524500	-0.281900	-3.046600	-2.595400	35.918000	35.424800	0.476100	0.475400	0.397300	0.363800	0.245200	0.239900	3.169200	3.112600	4.856900	4.490000	3.708000	3.473500	
CACAG	0.269200	-0.030300	0.021900	5.540400	-7.773800	0.475500	5.352700	-4.959500	0.250100	0.123400	0.285000	7.520700	6.025100	2.214000	0.981700	0.400700	-0.287300	-1.481000	-1.531000	3.377100	3.546700	-0.740300	1.419600	-2.053500	5.454900	34.452800	34.936700	0.497600	0.517200	0.381000	0.443600	0.232100	0.331100	3.148200	3.740200	4.248600	5.790700	3.468600	3.940200	
TGATC	0.099300	-0.020000	-0.112000	-2.002200	-7.837800	-0.500200	4.912000	-7.793400	0.250100	0.119900	0.347000	7.558200	5.870300	3.731200	1.110800	-0.192800	0.060500	-1.564700	-1.531600	3.372200	3.269800	1.098700	0.454100	-0.858800	-4.295400	36.140000	32.670100	0.467500	0.492800	0.458200	0.371600	0.291900	0.248000	3.729300	2.977700	4.977300	4.419600	4.225200	3.192900	
GGTCG	-0.111500	-0.020400	0.013500	-4.342100	-8.109900	-0.441500	4.800600	-7.701600	0.249700	0.123900	0.330700	7.819400	5.584000	3.611000	0.942100	-0.270500	0.158200	-1.577000	-1.357800	3.378200	3.235700	0.628100	-0.344600	-3.201500	-1.450500	34.781300	35.903200	0.445500	0.457200	0.384600	0.447600	0.227800	0.253800	3.049900	3.550400	4.290100	4.680100	3.379400	4.133000	
CGTGA	-0.108300	-0.030600	0.023400	-3.570500	-8.108500	-0.916700	5.750500	-6.776200	0.250200	0.128200	0.329400	8.495900	5.586400	3.802900	0.936800	-0.261700	0.297900	-1.483300	-1.212400	3.338000	3.397500	0.754200	-0.117100	-2.460300	5.281200	34.064900	34.736300	0.488700	0.513200	0.379500	0.522800	0.221500	0.317500	3.145000	3.577800	4.261000	5.521800	3.394900	3.950900	
GGTGG	-0.122900	-0.029200	-0.109800	1.195500	-6.896200	-0.611100	5.533900	-6.916900	0.250300	0.129100	0.343600	8.247500	5.737300	3.741800	0.946000	-0.263400	0.296500	-1.551700	-1.338200	3.349800	3.218700	0.868000	-1.368400	-2.883600	2.570100	34.053200	34.050800	0.461700	0.500100	0.394000	0.466400	0.223500	0.278700	3.041000	3.437800	4.288700	5.531600	3.364800	3.728200	
ACTAT	-0.104300	-0.023600	-0.063200	0.708100	-8.279500	-0.604400	5.320800	-7.274400	0.251700	0.128600	0.347200	7.974800	5.740500	3.786600	1.054800	-0.184300	-0.056500	-1.759800	-1.533900	3.496600	3.527900	1.708900	0.301600	-1.612200	6.871100	32.289700	34.680300	0.451100	0.510100	0.408500	0.395100	0.334000	0.359400	3.298900	3.971500	5.349600	6.634800	3.505300	3.822100	
CCAGT	0.112800	-0.022700	-0.165200	-1.580000	-7.257200	-0.524700	5.346800	-6.983800	0.255700	0.130800	0.350200	7.790300	5.767300	3.884100	0.928500	-0.289500	0.174400	-1.506700	-1.708200	3.347800	3.443000	1.396700	-2.059400	3.807700	-1.716000	34.262900	31.448300	0.511700	0.444900	0.423800	0.407200	0.294700	0.294400	3.636000	3.214700	5.725200	5.184500	3.644800	3.386600	
GGCAG	0.249800	-0.030600	0.086100	0.338500	-3.281400	0.349600	5.418100	-4.507300	0.248300	0.119400	0.270300	7.037600	5.424500	2.034100	0.930800	-0.059700	-0.337300	-1.624100	-1.544000	3.400000	3.399100	-0.335100	1.848700	-1.501800	4.169700	36.255900	33.884200	0.403000	0.505400	0.401000	0.420000	0.208500	0.317500	3.063400	3.676000	4.207600	5.630400	3.841200	3.607700	
CCAGA	0.107900	-0.021500	-0.124400	-1.483600	-6.142600	-0.530400	5.532100	-7.031800	0.257800	0.131000	0.350100	8.025800	5.613200	3.857300	0.902800	-0.294400	0.228000	-1.479500	-1.702400	3.294100	3.323800	1.139700	-2.244100	2.675500	-0.829100	33.983600	31.074600	0.505700	0.442900	0.431800	0.415400	0.288700	0.282000	3.578600	3.277600	5.681300	4.904400	3.693200	3.362700	
AATCA	-0.096900	-0.019400	-0.180000	4.837200	-9.878500	-0.427500	4.532500	-8.018300	0.250200	0.120100	0.347400	7.451600	5.929700	3.858700	1.209500	0.227500	0.251300	-1.543100	-1.574100	3.320100	3.448900	0.877000	-1.439600	-5.140700	-0.463200	33.365600	36.607300	0.494900	0.465000	0.358200	0.453400	0.237100	0.299500	2.892600	3.760100	4.640900	5.081200	3.249600	4.179800	
TACGT	0.287800	-0.030200	-0.039400	5.803500	-7.763100	0.634400	4.878200	-4.495600	0.240300	0.118500	0.284200	7.892500	5.993100	2.194600	1.066700	0.291900	0.066800	-1.542400	-1.753000	3.356400	3.822200	-0.091600	0.752300	-2.247300	6.610700	34.672000	34.426200	0.490600	0.513900	0.379000	0.383600	0.236000	0.374000	3.249100	3.688000	4.564100	5.852100	3.431500	3.884500	
TGCGG	0.267700	-0.030300	0.071300	-0.317000	-3.906500	0.324400	5.626700	-4.111800	0.240300	0.120100	0.271900	7.299800	5.351000	2.084600	0.948700	0.024400	0.037600	-1.539500	-1.576400	3.387500	3.305900	0.670800	-0.529200	-1.301600	2.487700	35.836400	32.930400	0.434500	0.486900	0.414100	0.433900	0.208400	0.283100	3.162800	3.433700	4.214800	5.569900	3.876900	3.721300	
CCCGC	0.251700	-0.032700	0.069100	-1.507800	-2.896800	0.314800	5.305600	-3.861300	0.247200	0.120100	0.267100	6.640200	5.582000	2.033500	0.872100	-0.131400	0.012400	-1.783300	-1.697300	3.341200	3.423700	-0.047100	1.139100	-1.789700	3.175500	33.229300	32.393400	0.397200	0.475000	0.410900	0.418000	0.244500	0.296900	3.151400	3.457300	4.641300	5.626600	3.709100	3.526100	
TCGGG	-0.245000	-0.037000	0.048400	0.296000	-3.161200	0.290000	5.249100	-4.126100	0.248800	0.120900	0.271400	6.811700	5.710000	2.036400	0.873600	0.079900	0.128800	-1.608600	-1.788500	3.486500	3.346500	-0.679300	0.137200	4.053200	-1.859400	32.831800	33.345200	0.492900	0.400700	0.425100	0.408400	0.318700	0.242100	3.537100	3.180000	5.679600	4.533500	3.671900	3.701700	
TATCT	-0.070600	-0.019300	-0.149200	2.336300	-8.086900	-0.135800	4.695400	-7.570500	0.244100	0.131000	0.340700	7.783700	5.910500	3.793500	1.179600	0.071500	0.222500	-1.544600	-1.673700	3.308100	3.512900	0.656800	-2.456200	-4.098600	-1.306600	32.814300	36.915500	0.493100	0.444200	0.367600	0.459000	0.245000	0.300500	2.994300	3.667100	4.596600	5.477300	3.208200	4.267600	
CGTAC	-0.114100	-0.030300	0.059100	-2.709100	-8.827400	-0.861000	5.986000	-6.722900	0.250200	0.135600	0.339200	8.330100	5.615300	3.833200	0.992000	-0.253500	0.010300	-1.512500	-1.394700	3.325300	3.256600	0.230300	0.273800	-1.966600	5.031900	34.399600	34.108300	0.483400	0.516900	0.376600	0.465300	0.221400	0.289400	3.209000	3.808100	4.246400	6.204900	3.400100	4.109000	
CCTGG	-0.131700	-0.019300	-0.211200	4.997900	-6.471700	-0.795300	5.419200	-6.916500	0.259600	0.131600	0.367100	8.708400	5.900300	3.926300	0.895100	-0.252500	0.253300	-1.771700	-1.506900	3.264400	3.281100	2.260700	-0.760200	-2.978100	3.127700	31.126100	33.864500	0.429300	0.497300	0.379500	0.436100	0.252200	0.288300	3.140100	3.560800	4.751100	5.562400	3.245600	3.712800	
CGCAT	0.265800	-0.040300	0.099800	0.141500	-4.067800	0.240000	5.554100	-4.650500	0.248200	0.120300	0.274200	7.523200	5.426200	2.054500	0.966800	0.016700	-0.341200	-1.566300	-1.464500	3.396400	3.503400	-0.020300	1.985700	-1.248700	5.259200	35.927500	35.152200	0.432800	0.515400	0.403400	0.452400	0.210600	0.334700	3.173200	3.573300	4.170800	5.784500	3.796000	3.813800	
TTTTA	-0.152300	-0.028100	-0.107900	-6.986400	-13.414500	-2.139300	4.920300	-8.319200	0.246300	0.107000	0.321400	8.092900	5.874900	3.846800	1.151200	0.142000	0.271300	-1.031400	-1.048700	3.227100	3.172300	0.815100	1.006900	-2.643500	-1.624700	36.842300	35.711000	0.535900	0.519300	0.436800	0.435100	0.264600	0.256100	3.287000	3.339900	5.459100	4.880500	3.922400	3.877600	
ACAGT	0.088400	-0.028700	-0.120000	0.429100	-8.077100	-0.342800	5.086000	-7.168400	0.251000	0.127600	0.343500	8.160200	5.705800	3.840500	1.092300	-0.263300	0.191100	-1.559700	-1.744000	3.652200	3.521700	0.295900	-2.343000	5.550200	-1.767900	35.148900	32.042700	0.529300	0.454300	0.440100	0.408600	0.333500	0.307300	3.714500	3.246700	5.967000	5.340600	3.879900	3.419800	
GCTGA	-0.091400	-0.031500	-0.053800	0.020300	-6.268400	-0.821800	5.674700	-6.783000	0.250600	0.124200	0.330300	7.502100	5.446300	3.717200	0.918000	-0.245800	0.264400	-1.729000	-1.475300	3.318200	3.471800	1.887400	0.014600	-1.652200	5.799400	30.975600	34.489600	0.429000	0.511900	0.390600	0.466700	0.260900	0.319800	3.132000	3.697300	4.569200	5.574400	3.302200	3.821600	
TGATT	0.096900	-0.019400	-0.180000	-4.837200	-9.878500	-0.427500	4.532500	-8.018300	0.250200	0.120100	0.347400	7.451600	5.929700	3.858700	1.209500	-0.251300	-0.227500	-1.574100	-1.543100	3.448900	3.320100	1.439600	-0.877000	-0.463200	-5.140700	36.607300	33.365600	0.465000	0.494900	0.453400	0.358200	0.299500	0.237100	3.760100	2.892600	5.081200	4.640900	4.179800	3.249600	
TACGG	0.302100	-0.029700	-0.020000	4.029700	-7.417800	0.708600	5.404800	-4.565900	0.240200	0.124900	0.297600	8.263600	5.969700	2.225600	0.986600	0.292500	0.074700	-1.511000	-1.642400	3.347700	3.404700	-0.218100	-0.566800	-2.048300	2.985800	34.368900	33.370400	0.498200	0.493700	0.378700	0.426500	0.234500	0.310200	3.223500	3.555700	4.322300	5.678400	3.409000	3.717400	
AAGGG	-0.286700	-0.017400	0.127900	5.412900	-0.377300	0.521500	4.447400	-4.793900	0.241000	0.130100	0.267100	6.351100	5.466700	2.103000	0.963400	0.419200	0.105800	-1.875200	-1.936300	3.490300	3.459100	-2.381700	1.063500	-3.218800	-2.856700	32.707200	34.035600	0.469300	0.384900	0.371300	0.381100	0.294600	0.247500	3.092300	3.089400	5.613800	5.160100	3.402700	3.702700	
GCGAT	-0.260800	-0.032100	-0.078500	-2.835000	-6.936700	0.444900	5.279700	-4.553900	0.241000	0.119800	0.290800	7.765800	5.893200	2.140100	0.979800	-0.096600	-0.220600	-1.663200	-1.536500	3.526700	3.442400	-0.250800	0.979100	4.193500	0.091100	32.472100	35.676900	0.475600	0.466800	0.418300	0.450100	0.329900	0.301700	3.573700	3.853400	5.775000	5.203100	3.510700	4.199100	
TACCA	0.272600	-0.038500	0.065500	2.665200	-6.059800	0.267600	5.142600	-4.565500	0.240400	0.119700	0.287900	7.118400	5.703800	2.139400	1.016600	0.233800	-0.019500	-1.564000	-1.778300	3.390200	3.446600	-0.937000	-0.567200	-2.319500	-1.033300	34.742100	34.896500	0.478300	0.411400	0.378900	0.424100	0.234200	0.271500	3.208200	3.286300	4.461100	4.703600	3.460900	3.957100	
AGAAA	0.065300	-0.030200	-0.265600	1.191800	-10.618200	-0.646300	4.644500	-8.156400	0.240500	0.111700	0.338500	8.486400	5.720400	3.757100	1.103500	-0.322200	-0.272500	-1.508100	-1.037800	3.480200	3.199800	3.206200	-1.501800	-1.308000	-2.994100	36.408100	36.310800	0.463600	0.507400	0.486900	0.427000	0.290200	0.247900	3.617700	3.219000	4.991800	5.188800	4.295700	3.864300	
CTCCC	0.319500	-0.050200	-0.105800	0.947500	-4.469000	0.514600	4.904500	-3.962700	0.239700	0.120100	0.289000	7.513600	5.666600	2.143900	0.879500	0.204700	0.002800	-1.602600	-1.879900	3.384400	3.478500	-1.100300	-0.898900	-1.377500	-0.820100	35.636200	33.694600	0.439300	0.390000	0.430900	0.388200	0.289800	0.270200	3.619200	3.246800	5.054600	4.575000	4.024400	3.727300	
ATTAT	-0.099000	-0.020600	-0.240500	1.550500	-11.363000	-0.955400	5.294000	-7.712500	0.249900	0.118500	0.352800	8.751300	5.843900	3.826300	1.102200	0.166200	0.098900	-1.222500	-1.456500	3.210700	3.562100	1.821400	-1.294700	-2.491300	7.879100	35.798500	34.957000	0.494400	0.527500	0.435000	0.441600	0.274500	0.361700	3.376900	3.947500	5.375600	6.571100	3.760700	3.990100	
GCCTA	0.252200	-0.028500	0.159500	-3.905500	-1.317300	0.188600	4.986500	-4.568400	0.249500	0.119700	0.259500	6.105600	5.190400	2.030600	0.934200	-0.122200	-0.272300	-1.909200	-1.794400	3.541600	3.362700	-1.645100	2.498300	-1.887800	-2.108400	34.004100	31.926500	0.381600	0.437400	0.385700	0.387400	0.265200	0.272800	3.076100	3.246100	4.737000	4.688800	3.706100	3.316000	
CACAT	0.278700	-0.035800	-0.012400	7.206500	-8.526800	0.446700	5.117200	-5.063200	0.250000	0.121400	0.291100	7.875000	6.201800	2.228800	1.084600	0.444000	-0.329200	-1.499100	-1.521200	3.388500	3.685500	-0.496800	1.379100	-2.216700	6.399600	34.533800	35.897400	0.499500	0.538400	0.368900	0.446300	0.237500	0.381200	3.217900	3.793300	4.366000	6.040900	3.413100	3.931800	
GTCGA	0.266900	-0.038700	-0.040000	1.857600	-6.797900	0.341600	5.605600	-4.546100	0.246300	0.120500	0.292300	7.979800	5.721000	2.138400	0.927200	0.191200	0.047800	-1.496400	-1.513600	3.280100	3.492600	-0.740000	0.049700	-0.783900	5.907500	34.872300	33.249300	0.456800	0.505500	0.448000	0.451800	0.274300	0.340700	3.679000	3.666600	4.682200	5.685800	4.140900	3.711600	
TATTC	-0.135100	-0.021400	-0.025400	-2.968900	-9.799500	-1.184600	4.615700	-8.211300	0.249100	0.120800	0.321000	7.511100	6.030100	3.759900	1.215100	-0.127200	0.141000	-1.579000	-1.175900	3.313400	3.226900	-0.441100	2.608400	-4.159200	-3.246700	33.360700	36.104000	0.507800	0.485400	0.360000	0.427200	0.250200	0.268900	2.982400	3.259800	4.841100	5.166700	3.294600	3.853500	
TCGCC	-0.243400	-0.029900	0.043800	-0.191000	-3.141200	0.410000	5.390200	-4.235700	0.248000	0.117600	0.269700	7.224900	5.487500	2.033700	0.948000	0.075300	0.061600	-1.580800	-1.616100	3.455300	3.402200	-0.504300	0.110200	3.729700	-1.617700	32.701700	36.187400	0.482700	0.398700	0.426300	0.407300	0.323300	0.208800	3.461000	3.070500	5.664300	4.254200	3.623100	3.833400	
TGAAT	0.102200	-0.029900	-0.242000	-0.095200	-10.702400	-1.110300	5.151300	-7.679700	0.248700	0.111900	0.342600	8.345400	5.650500	3.676300	1.079600	-0.258500	-0.166000	-1.477700	-1.220400	3.391700	3.226700	2.281600	-2.003600	0.468300	-2.697600	36.096000	36.047000	0.476200	0.484100	0.476200	0.431100	0.279100	0.272000	3.712300	3.328200	4.761000	5.077500	4.247700	3.808600	
TTTGG	-0.092500	-0.029800	-0.235900	0.346700	-9.512000	-1.263900	5.441200	-7.603500	0.250100	0.110600	0.339500	8.364300	5.866600	3.862000	0.994500	0.225500	0.472800	-1.068000	-1.335700	3.134600	3.356700	1.528300	-2.672100	-3.240800	4.421400	35.339500	34.641500	0.503300	0.511400	0.421500	0.501500	0.235100	0.296400	3.237900	3.522200	5.068000	5.436200	3.877900	3.785800	
CTATA	0.092300	-0.018200	-0.036300	-3.409800	-7.816800	-0.674100	5.844400	-6.915800	0.249800	0.134600	0.348200	7.439200	5.942700	3.903200	1.071000	-0.000500	-0.052800	-1.524400	-1.516400	3.463200	3.249500	-0.313200	0.001000	7.103900	-2.734900	34.642500	32.587900	0.504200	0.519200	0.389100	0.373100	0.314000	0.230600	3.931800	3.019200	6.200000	4.426100	3.817100	3.244200	
CGATG	0.102400	-0.020200	-0.099900	-1.473300	-8.133000	-0.734000	5.096100	-7.551600	0.248400	0.125900	0.337800	7.790700	5.791900	3.715400	1.013300	-0.203300	-0.032400	-1.486400	-1.475600	3.313400	3.254100	0.579000	0.313300	-0.893100	-3.937300	36.317000	32.258100	0.465800	0.495800	0.459800	0.364000	0.271900	0.228300	3.661900	2.933100	4.865700	4.257900	4.226700	3.210300	
TACAT	0.281400	-0.039700	0.050900	5.408500	-7.267600	0.434900	5.251200	-5.038700	0.250000	0.119400	0.297800	7.789100	5.946200	2.217400	1.126000	0.356400	-0.343300	-1.532300	-1.483600	3.391600	3.630900	-0.555400	1.494200	-1.839000	5.999800	34.800500	35.876000	0.502600	0.529100	0.372600	0.460400	0.243500	0.370100	3.307900	3.753300	4.516400	5.988800	3.423200	3.902600	
AGCGC	0.243600	-0.029900	0.015500	1.395400	-3.780200	0.431800	5.211300	-4.185500	0.240200	0.119900	0.269200	6.980700	5.494000	2.012600	0.963800	-0.011100	-0.019900	-1.650900	-1.699000	3.455000	3.429200	1.203200	0.478300	-1.964800	2.915700	36.812200	32.151200	0.391700	0.457500	0.394500	0.405100	0.215100	0.300300	2.988600	3.368100	4.558000	5.695900	3.776700	3.449700	
GCCCG	0.276800	-0.041600	0.045500	-0.578800	-2.788700	0.222700	4.971600	-4.084900	0.240200	0.120100	0.269000	6.459900	5.415900	2.026700	0.830800	-0.092000	-0.110900	-1.820700	-1.805300	3.443500	3.402700	-0.791600	-0.228300	-1.223200	-1.623200	33.666900	33.815000	0.380600	0.399000	0.400600	0.412900	0.256200	0.250200	3.110900	3.171200	4.543900	4.577200	3.722200	3.741900	
GATAC	-0.100800	-0.020200	-0.028200	3.415800	-7.977600	-0.787100	5.711000	-7.106800	0.250300	0.132600	0.357300	7.397500	6.029900	3.849500	1.090600	-0.040200	-0.000700	-1.497600	-1.471900	3.267700	3.361700	-0.817900	0.250600	-3.615700	5.762300	32.254000	34.415300	0.509700	0.512700	0.372700	0.434700	0.231200	0.302600	2.953900	3.855100	4.434500	6.274600	3.216600	3.973000	
GTTCA	-0.097700	-0.028100	-0.183600	-1.896200	-10.524600	-1.169900	5.321000	-7.410500	0.241800	0.113400	0.330500	8.295300	5.649500	3.664300	0.986500	0.071800	0.322900	-1.235200	-1.403000	3.149700	3.332500	1.542900	-1.833700	-2.713200	0.345600	35.210700	36.053600	0.472800	0.482000	0.402300	0.498400	0.250000	0.272400	3.209600	3.638400	4.872000	4.553300	3.664200	4.331100	
GTCCA	0.287000	-0.041100	-0.002300	0.216000	-5.924900	0.243100	5.140800	-4.693000	0.241000	0.120000	0.289700	7.481600	5.541200	2.129000	0.918000	0.147600	-0.007600	-1.527000	-1.775100	3.326200	3.431000	-1.095000	-0.981500	-0.965000	-0.398700	35.494100	34.265900	0.447600	0.418800	0.448700	0.435600	0.280000	0.275300	3.649600	3.365900	4.850100	4.520300	4.120700	3.952300	
CTATT	0.103100	-0.007900	-0.140900	-5.717700	-10.135000	-0.598900	5.181000	-7.610600	0.254000	0.129900	0.351400	7.417200	6.138000	3.985800	1.194900	-0.056400	-0.171800	-1.557500	-1.552800	3.513200	3.338000	0.241400	-0.517300	7.255900	-5.721400	35.064700	33.848600	0.515500	0.517500	0.398400	0.363400	0.347800	0.260400	3.935500	3.020100	6.533400	4.972600	3.846400	3.361400	
TTTCG	-0.096800	-0.028700	-0.223300	-0.849300	-10.514600	-1.226600	5.032300	-7.976800	0.241200	0.110800	0.337100	8.179000	5.620700	3.708100	1.055000	0.248700	0.246900	-1.052100	-1.426200	3.165400	3.336900	1.099600	-1.579100	-2.480100	-0.204300	36.113200	35.887400	0.503300	0.477100	0.434300	0.472800	0.244200	0.267700	3.262300	3.684000	5.088800	4.735300	3.880000	4.217800	
GACTT	0.253800	-0.023800	0.087500	0.068900	-4.083300	0.401600	3.883200	-5.219600	0.240700	0.120300	0.283700	7.044400	6.056200	2.167000	1.268900	0.194600	-0.351900	-1.771700	-1.877600	3.538100	3.647100	-2.415500	1.593300	-4.469600	-4.702000	35.733200	33.885600	0.441000	0.483800	0.384000	0.374600	0.262700	0.338500	3.253900	3.250400	5.169300	5.890600	3.494700	3.467000	
TCACT	0.114300	-0.027100	-0.036700	0.269600	-7.036700	-0.339300	5.287900	-7.217700	0.250100	0.121500	0.339100	7.997400	5.781700	3.790100	1.025000	-0.213100	0.268600	-1.442200	-1.720300	3.442100	3.437700	0.261100	-1.516100	4.820700	-3.574400	34.362900	34.475400	0.510900	0.466000	0.491200	0.406400	0.325400	0.243800	3.606700	3.064700	5.722300	4.766600	3.821800	3.515600	
AAACT	0.167600	-0.003500	0.092400	11.356400	-12.714100	-0.558200	3.918200	-9.401100	0.241600	0.124400	0.322600	7.887700	6.015600	3.997200	1.218600	0.138200	0.477800	-1.171500	-1.803700	3.233200	3.638500	-1.303900	-0.844100	-4.597900	-5.430800	36.713300	37.210700	0.489800	0.450300	0.381300	0.367400	0.269100	0.265500	3.212900	3.077300	5.550500	5.212700	3.745100	3.554300	
AAAAG	0.158200	-0.005400	-0.087400	8.089200	-14.447900	-1.505700	3.839700	-10.346400	0.250400	0.123000	0.341400	8.172300	6.731500	4.055000	1.274400	-0.030200	0.142100	-1.078100	-1.264400	3.289400	3.302500	-1.075200	-1.487600	-4.735100	-4.271700	37.612300	36.947000	0.540200	0.506600	0.421500	0.402500	0.285300	0.277900	3.275600	3.320000	5.987500	6.009700	3.867300	3.729800	
AGTGG	-0.117600	-0.026600	-0.070800	-0.504800	-7.464700	-0.318400	5.290600	-7.030800	0.250100	0.129300	0.343400	7.969200	5.837800	3.785400	0.996600	-0.264300	0.259800	-1.702100	-1.440900	3.425800	3.286700	1.655700	-1.500900	-3.425600	3.002400	34.376200	34.066800	0.469100	0.499700	0.400300	0.450700	0.239000	0.288200	3.095600	3.482600	4.687700	5.655900	3.539500	3.705100	
CGCAA	0.252800	-0.040200	0.110700	1.159800	-4.002900	0.190800	5.791100	-4.894600	0.249900	0.113800	0.274500	7.331400	5.545900	2.083500	1.017900	0.025100	-0.485700	-1.534500	-1.153900	3.388000	3.327100	-0.074100	2.263100	-1.036200	4.641400	35.837800	34.654800	0.444400	0.511800	0.410600	0.541100	0.210100	0.296600	3.215900	3.491300	4.166100	5.538500	3.862500	3.971900	
CTGAT	-0.273700	-0.038300	-0.015000	-2.276000	-6.526600	0.388800	5.307300	-5.062300	0.250000	0.118800	0.299700	7.812900	5.978400	2.167600	1.004900	0.304500	-0.258900	-1.581700	-1.596000	3.509200	3.429800	-1.471500	1.567800	5.540600	-0.243300	34.162700	35.529500	0.521900	0.464600	0.438300	0.459600	0.334000	0.299900	3.828600	3.871800	5.797400	4.991700	3.654200	4.198000	
GTGAG	-0.265700	-0.040000	0.030700	-1.226100	-6.353300	0.224200	5.785900	-4.904300	0.249900	0.119300	0.301100	7.724000	5.806100	2.154400	0.958100	0.263600	-0.187600	-1.418500	-1.574200	3.376200	3.353100	-1.195800	1.247700	4.633700	0.064900	34.120200	34.936500	0.509000	0.464000	0.491100	0.444500	0.322600	0.278400	3.619100	3.754400	5.514200	4.958600	3.781900	4.171600	
AGGCA	-0.294800	-0.039900	0.035700	0.585200	-2.474000	0.404100	4.824200	-3.764800	0.240400	0.119800	0.265600	6.791800	5.301800	2.043500	0.922100	0.050000	-0.052100	-1.901200	-1.681000	3.476600	3.451800	1.253800	-0.629100	-1.937300	-2.161500	34.293000	36.538700	0.380800	0.395300	0.375600	0.400400	0.260300	0.220000	3.087600	3.109200	4.948300	4.431500	3.732700	3.807400	
AGATC	0.074800	-0.021200	-0.203900	-1.586700	-8.227000	0.178900	4.295100	-8.124800	0.246400	0.129000	0.341400	7.762900	5.943500	3.752100	1.184100	-0.194300	0.026500	-1.715800	-1.567200	3.562000	3.318400	2.871500	0.149100	-1.716900	-4.959000	36.822800	33.002900	0.447500	0.487100	0.452500	0.378300	0.323400	0.258600	3.719300	2.985200	5.577200	4.657500	4.195800	3.193800	
CAGGG	-0.251200	-0.019200	0.153800	4.170800	-0.439800	0.318300	4.886300	-4.553100	0.243300	0.120600	0.263200	6.279600	5.412600	2.050000	0.878500	0.335300	0.128700	-1.820200	-1.927400	3.349500	3.417100	-2.861500	0.965500	-1.636400	-2.631400	31.464600	33.797500	0.441500	0.378900	0.378700	0.387400	0.271400	0.246500	3.146800	3.088900	4.837700	4.824400	3.268700	3.659900	
CTTTG	-0.151400	-0.028900	-0.104100	-6.443000	-12.452500	-1.899100	4.563100	-8.752200	0.244700	0.111600	0.322100	8.182200	6.114500	3.654400	1.041700	-0.101500	0.131500	-1.287900	-1.067700	3.255100	3.176000	1.580500	1.730200	-4.455200	-2.303900	36.128400	35.434700	0.488300	0.496400	0.385100	0.413500	0.259100	0.252700	3.264900	3.204000	5.567500	5.183700	3.688100	3.777500	
GAGGT	-0.252400	-0.020000	0.124800	3.182100	-0.919200	0.384000	4.428100	-4.346200	0.241100	0.120200	0.260100	6.299800	5.460700	2.044600	1.005900	0.180400	0.040300	-1.853500	-1.952700	3.401500	3.731800	-3.036200	2.029700	-1.873700	-2.173100	31.693300	35.467900	0.435400	0.396200	0.356000	0.374400	0.280700	0.311300	3.162800	3.188900	4.992700	4.982800	3.211500	3.941700	
GTATT	0.102300	-0.011100	-0.101500	-5.377700	-10.207100	-0.703900	5.365400	-7.405400	0.254900	0.131000	0.356500	7.378500	6.138800	4.018100	1.213100	-0.028000	-0.185800	-1.492300	-1.537500	3.415100	3.305500	0.132900	-0.386000	5.839400	-5.229000	34.679600	33.612400	0.516000	0.513500	0.438800	0.362400	0.314300	0.243200	3.873400	2.951500	6.553700	4.926700	4.009300	3.310000	
ACGTG	-0.279900	-0.030200	-0.072400	-6.918800	-8.691100	0.593600	4.855400	-4.539800	0.240400	0.121400	0.280300	8.010600	6.203100	2.195000	1.034600	-0.062200	-0.362700	-1.761700	-1.444900	3.839900	3.349100	-0.695600	0.357500	7.100300	-2.872300	34.686100	34.400200	0.525400	0.495300	0.384900	0.375300	0.376400	0.228900	3.685600	3.164100	5.904500	4.337000	3.943500	3.418200	
GGTCC	-0.097700	-0.015000	-0.036000	-3.217600	-7.358400	0.065100	4.727200	-7.772600	0.249200	0.129700	0.332900	7.654200	5.624400	3.622900	0.923800	-0.224800	0.172700	-1.623600	-1.451300	3.393200	3.253700	0.882600	-0.443500	-3.435700	-1.934300	34.677000	35.912200	0.442800	0.441600	0.389100	0.454900	0.231700	0.256000	3.079300	3.501100	4.370800	4.845500	3.364100	4.088400	
GGAGC	0.077600	-0.021900	-0.076200	0.322600	-6.047200	-0.205800	5.049300	-7.414000	0.241600	0.129100	0.328600	7.306200	5.441900	3.644400	0.915600	-0.176000	0.211600	-1.552300	-1.781400	3.298800	3.335200	0.478000	-1.738900	-1.502600	-2.570400	35.824500	31.236800	0.434500	0.418300	0.439700	0.383200	0.263800	0.265800	3.499300	3.119400	4.984000	4.730600	4.076600	3.269900	
GGTTC	-0.148700	-0.017000	0.052300	-8.474200	-10.170200	-0.863800	4.500000	-8.194300	0.240200	0.121700	0.308000	7.414800	5.779300	3.602600	1.011700	-0.364900	0.084500	-1.613400	-1.117100	3.441900	3.152700	0.434500	2.492700	-3.681700	-3.320600	35.337400	35.265100	0.440800	0.472200	0.365200	0.402300	0.230500	0.253400	2.966600	3.184500	4.442900	4.918400	3.366100	3.648700	
CCAAA	0.092500	-0.029800	-0.235900	-0.346700	-9.512000	-1.263900	5.441200	-7.603500	0.250100	0.110600	0.339500	8.364300	5.866600	3.862000	0.994500	-0.472800	-0.225500	-1.335700	-1.068000	3.356700	3.134600	2.672100	-1.528300	4.421400	-3.240800	34.641500	35.339500	0.511400	0.503300	0.501500	0.421500	0.296400	0.235100	3.522200	3.237900	5.436200	5.068000	3.785800	3.877900	
AGGGC	-0.302900	-0.048300	0.008300	0.794900	-2.128000	0.349500	4.691900	-2.709100	0.239900	0.120100	0.266600	6.409200	5.452200	2.017000	0.872800	0.065900	0.059900	-1.928200	-1.851400	3.500600	3.450500	1.130300	0.657900	-2.001400	-1.602900	34.354800	33.607800	0.380300	0.371500	0.369900	0.384600	0.254800	0.258300	3.084900	3.117500	4.979800	4.637200	3.735500	3.611400	
ATACC	0.108000	-0.027000	0.001000	3.341100	-8.380000	-0.561200	5.437600	-7.230600	0.249900	0.129300	0.337500	7.948000	5.668600	3.646000	1.024200	0.032300	0.260100	-1.445600	-1.618400	3.450600	3.379500	-0.266600	-0.684300	5.769500	-2.765400	34.561500	34.749900	0.501100	0.451300	0.433900	0.386000	0.327200	0.228000	3.905200	3.112500	6.511800	4.406900	3.944200	3.372300	
CGGGT	-0.270600	-0.040400	0.037400	0.654800	-3.532200	0.271100	4.735600	-3.976700	0.240300	0.120300	0.270500	6.768500	5.688300	2.042400	0.884600	0.119900	0.065600	-1.815800	-1.844800	3.423600	3.630600	0.274800	1.031600	-1.766200	-0.768600	33.860400	34.827700	0.400500	0.398600	0.408200	0.405600	0.253200	0.290600	3.170900	3.217100	4.637700	4.698200	3.702800	3.897700	
GGTAA	-0.119200	-0.028100	0.082700	-1.480600	-7.085500	-0.771200	5.493700	-7.489200	0.251500	0.119800	0.339700	7.704200	5.633700	3.777100	1.037500	-0.229000	-0.122700	-1.579000	-1.269100	3.336500	3.293600	0.229500	1.476700	-3.133100	5.509900	34.507800	34.196500	0.462100	0.534100	0.392700	0.521900	0.223500	0.299000	3.105200	3.853400	4.429500	6.209700	3.403900	4.105000	
GCGCA	-0.246000	-0.030100	0.074700	0.095400	-3.887400	0.300300	5.745700	-3.876900	0.240400	0.119600	0.267100	7.120100	5.332900	2.041600	0.970000	-0.059800	-0.005800	-1.608300	-1.550300	3.355400	3.395000	-0.578300	-0.484800	3.368600	-1.059700	32.804600	35.844800	0.471200	0.435500	0.426100	0.409400	0.297400	0.208000	3.399400	3.155200	5.557000	4.269500	3.662300	3.903100	
AGGGT	-0.299600	-0.049100	-0.015300	0.074700	-2.642700	0.448900	4.318700	-2.349600	0.240000	0.119700	0.268800	6.684200	5.730800	2.043500	0.930600	0.079300	0.008400	-1.951400	-1.863100	3.526700	3.658000	1.288000	0.939700	-2.341100	-1.711300	34.340900	34.708300	0.380100	0.390000	0.366600	0.385000	0.261600	0.298200	3.112200	3.225500	5.138500	4.834700	3.662300	3.814400	
CAGAC	-0.248900	-0.030500	0.115600	3.124300	-3.880800	0.148400	5.203600	-5.096800	0.250100	0.121100	0.279600	7.149100	5.462100	2.116700	0.971000	0.230800	-0.140500	-1.678700	-1.634800	3.341100	3.428600	-2.776500	2.586400	-0.050800	-0.798800	31.670700	35.149600	0.460300	0.449700	0.412400	0.457700	0.275200	0.287000	3.188800	3.632600	4.663200	4.896500	3.456700	4.185900	
AAAGT	0.147100	0.014900	0.072200	8.590200	-11.496100	-0.249300	3.468200	-9.994700	0.251200	0.128700	0.330800	7.912900	6.163200	4.002500	1.300800	0.256500	0.303000	-1.249100	-1.879800	3.256900	3.730800	-1.713100	-1.573300	-5.651400	-3.730300	37.194600	33.956500	0.508200	0.474100	0.407600	0.379400	0.279300	0.358500	3.266900	3.208500	6.118800	5.748000	3.766700	3.480300	
CGCTA	0.242900	-0.024400	0.181600	-4.123300	-1.802300	0.194600	5.192000	-4.682400	0.246200	0.120300	0.259600	6.668700	5.081400	2.071700	0.967100	0.007100	-0.246600	-1.663100	-1.720300	3.447500	3.338700	-1.148100	2.136000	-1.687100	-1.951000	36.890400	31.795600	0.390300	0.442500	0.399900	0.393700	0.214900	0.266200	3.066100	3.257500	4.428200	4.686400	3.818000	3.402600	
CGGTA	-0.273000	-0.030400	0.040100	-3.614700	-5.916600	0.367000	4.967000	-4.540900	0.240100	0.120200	0.282700	7.118700	5.711500	2.155900	0.949100	0.059300	-0.258000	-1.756000	-1.566800	3.422600	3.385000	0.315200	0.762400	-0.575700	-2.186800	34.522400	34.811900	0.409600	0.480800	0.423900	0.380100	0.268000	0.232300	3.284500	3.217900	4.542600	4.354500	3.885500	3.421700	
GGCAC	0.247300	-0.038500	0.140300	-0.542100	-3.435900	0.228000	5.622800	-4.750500	0.249900	0.119600	0.274000	7.053400	5.415500	2.044600	0.930900	-0.090100	-0.308600	-1.554100	-1.439300	3.381300	3.327000	-0.612900	1.600500	-1.253100	4.094300	36.339900	33.964600	0.416000	0.493000	0.402800	0.445300	0.205200	0.304200	3.068400	3.498700	4.155500	5.527600	3.825500	3.777300	
TACTA	0.248900	-0.025100	0.177900	-0.529600	-3.997200	0.246400	5.279900	-4.813300	0.249900	0.120100	0.277500	6.871500	5.606300	2.142800	1.130800	0.253700	-0.235700	-1.687800	-1.709800	3.511600	3.339900	-2.163700	2.416100	-2.242100	-1.580300	35.262500	32.121500	0.480000	0.456500	0.388200	0.412900	0.252000	0.269200	3.240900	3.378300	4.723700	4.760000	3.521200	3.510000	
ATCAA	0.268800	-0.040300	-0.021700	3.581500	-7.158100	0.299300	5.538600	-5.281800	0.250000	0.110400	0.300900	7.797000	6.022100	2.181600	1.070500	0.254600	-0.461800	-1.612000	-1.222100	3.399700	3.420600	-1.517600	1.976100	-0.186300	5.147200	35.180100	34.760500	0.468500	0.519300	0.460100	0.554400	0.288400	0.320300	3.895200	3.627700	4.924500	5.758100	4.222400	3.878000	
TCATA	0.085000	-0.020200	-0.052000	-2.189200	-7.025900	-0.784100	5.834800	-6.807800	0.250000	0.119600	0.344000	7.765100	5.847300	3.858400	1.089400	-0.321300	-0.044700	-1.404000	-1.501100	3.511900	3.245000	-0.021800	-0.420000	5.839700	-3.127700	35.071900	32.119300	0.530200	0.517900	0.480400	0.368900	0.335300	0.232300	3.694700	2.989000	5.752200	4.457100	3.912600	3.252600	
GGACG	0.093900	-0.016900	-0.008600	3.405600	-8.012700	-0.230200	4.986200	-7.333600	0.249300	0.130500	0.328000	7.979700	5.539400	3.663200	0.935200	-0.219200	0.204500	-1.399500	-1.539000	3.231500	3.352600	0.272300	-0.776100	-1.730700	-2.749200	36.134100	34.536000	0.449300	0.471200	0.458200	0.382300	0.252500	0.225200	3.474300	3.191300	4.687900	4.317000	4.113300	3.403400	
CTCGC	0.261300	-0.031200	-0.055900	1.777400	-6.305900	0.370400	5.478400	-4.347300	0.240300	0.120000	0.290700	7.602700	5.741300	2.112700	0.908900	0.185900	0.102700	-1.553800	-1.642200	3.348500	3.478300	-0.790100	0.244000	-0.040200	4.574900	35.057200	32.552000	0.459700	0.480000	0.438500	0.426400	0.283400	0.327500	3.697500	3.536300	4.909500	5.614400	4.090100	3.549100	
GAGGC	-0.257300	-0.025600	0.129500	3.080100	-0.757900	0.243400	4.855700	-4.349500	0.240200	0.120200	0.258500	6.053900	5.181000	2.015500	0.915700	0.151600	0.106600	-1.821000	-1.921700	3.361900	3.537000	-2.972700	1.696100	-1.248600	-2.190300	31.654200	33.933400	0.431200	0.376200	0.367700	0.376400	0.269800	0.265400	3.145900	3.071000	4.703500	4.747600	3.280700	3.707900	
AGAAT	0.077100	-0.029800	-0.287500	-0.370500	-10.171100	-0.476900	4.452600	-8.247600	0.240900	0.120100	0.346400	8.441200	5.749800	3.691600	1.103700	-0.274800	-0.169200	-1.573000	-1.240500	3.511000	3.267000	3.292000	-2.291500	-1.375100	-3.639900	36.309800	36.071200	0.460600	0.477100	0.470600	0.425600	0.302000	0.282000	3.659000	3.310100	5.090300	5.155800	4.215900	3.777600	
CAGGT	-0.246200	-0.020400	0.142400	4.045100	-1.736000	0.329300	4.622900	-4.703600	0.248700	0.119800	0.265800	6.488200	5.557700	2.059900	0.981100	0.341600	0.053800	-1.817600	-1.936500	3.413600	3.712800	-2.928500	2.012800	-2.114500	-1.579500	31.851900	35.506800	0.447400	0.397200	0.367300	0.375700	0.280200	0.313900	3.157000	3.210300	4.980000	5.061000	3.200200	3.960800	
TTCAA	0.265000	-0.040300	0.053400	0.406200	-6.108100	0.211700	5.950400	-5.391500	0.249900	0.109000	0.299300	7.903700	5.752700	2.206000	1.084700	0.319800	-0.436100	-1.450800	-1.095800	3.319300	3.334400	-1.918200	2.194500	0.577300	5.442600	34.748200	34.703800	0.481500	0.524200	0.485100	0.596000	0.266900	0.315900	3.734100	3.578600	4.564100	5.566900	4.298900	3.992300	
GCCTC	0.257300	-0.025600	0.129500	-3.080100	-0.757900	0.243400	4.855700	-4.349500	0.240200	0.120200	0.258500	6.053900	5.181000	2.015500	0.915700	-0.106600	-0.151600	-1.921700	-1.821000	3.537000	3.361900	-1.696100	2.972700	-2.190300	-1.248600	33.933400	31.654200	0.376200	0.431200	0.376400	0.367700	0.265400	0.269800	3.071000	3.145900	4.747600	4.703500	3.707900	3.280700	
AGAAG	0.070700	-0.030100	-0.271000	0.373400	-10.055000	-0.443900	4.537700	-7.941300	0.240900	0.120600	0.340000	8.352400	5.702100	3.647400	1.008000	-0.303000	-0.093200	-1.559900	-1.291700	3.495300	3.226100	3.052000	-2.353400	-1.103000	-3.500000	36.460900	35.390300	0.459000	0.459900	0.474400	0.389600	0.294600	0.250700	3.614000	3.246000	4.879800	5.047900	4.209600	3.669300	
TAGGC	-0.252200	-0.028500	0.159500	3.905500	-1.317300	0.188600	4.986500	-4.568400	0.249500	0.119700	0.259500	6.105600	5.190400	2.030600	0.934200	0.272300	0.122200	-1.794400	-1.909200	3.362700	3.541600	-2.498300	1.645100	-2.108400	-1.887800	31.926500	34.004100	0.437400	0.381600	0.387400	0.385700	0.272800	0.265200	3.246100	3.076100	4.688800	4.737000	3.316000	3.706100	
CTAGG	0.103000	-0.030100	0.006700	0.678600	-6.568000	-0.862200	5.686000	-6.952300	0.249300	0.131000	0.330700	7.242000	5.604600	3.729500	0.925800	0.016000	0.240700	-1.508400	-1.759500	3.336700	3.255300	-0.348000	-1.815000	6.167500	-2.642700	34.309200	31.282300	0.491000	0.433400	0.391400	0.386500	0.299000	0.250000	3.909700	3.175100	6.170400	4.803300	3.763900	3.316800	
GGCCA	0.272700	-0.032200	0.056700	-1.059200	-2.517900	0.350400	4.882200	-4.251000	0.240800	0.120100	0.269200	6.740200	5.344000	2.026600	0.885700	-0.052600	-0.091600	-1.653800	-1.806600	3.422100	3.390900	-0.296100	-0.595400	-2.192000	-1.393800	36.713400	33.756800	0.380900	0.397500	0.395300	0.403100	0.210100	0.257300	3.009000	3.168800	4.290100	4.700900	3.751400	3.790500	
GTAGG	0.103100	-0.027700	0.055300	1.000000	-6.369800	-0.841400	5.814900	-6.846100	0.249900	0.131100	0.338500	7.384300	5.586800	3.798500	0.960900	0.025900	0.264300	-1.462800	-1.759500	3.257800	3.240900	-0.732700	-1.617400	5.102400	-2.582300	34.167100	31.178700	0.493400	0.436200	0.421300	0.392100	0.292700	0.249500	3.824700	3.198500	6.175800	4.853000	3.922300	3.368400	
GTCTT	0.276300	-0.034500	0.108300	-3.299500	-3.850900	0.173200	4.684400	-5.612100	0.247600	0.120700	0.281000	7.009200	5.605100	2.162900	1.085800	0.137600	-0.270600	-1.658800	-1.743300	3.455800	3.521100	-2.648000	1.827000	-1.252700	-2.271100	35.751200	33.154500	0.442300	0.498700	0.451800	0.396200	0.298100	0.318100	3.671800	3.239800	5.273400	5.369000	4.086400	3.506300	
AAACG	0.149300	-0.008200	0.111900	12.283800	-13.142600	-0.934900	4.415900	-8.282000	0.241000	0.125600	0.308000	7.688100	5.734100	3.732900	1.099600	0.086100	0.462500	-1.060500	-1.580700	3.176400	3.458400	-1.696200	0.279600	-3.429400	-3.575800	37.104300	35.955900	0.491300	0.457400	0.378900	0.345700	0.243200	0.233300	3.104900	3.127600	5.410200	4.543100	3.701400	3.448300	
TAAAG	0.152100	-0.029500	-0.112500	6.168400	-12.774200	-1.735400	4.726500	-8.026800	0.243800	0.115500	0.319000	8.011200	5.864000	3.672700	1.062100	-0.238200	0.073600	-1.073000	-1.271000	3.192100	3.251200	-1.150000	-1.521000	-1.507600	-3.501300	35.698000	36.174300	0.512100	0.486500	0.437200	0.391900	0.256800	0.262200	3.301900	3.208800	4.961500	5.355600	3.819800	3.651200	
ACTAA	-0.111700	-0.029300	-0.038500	2.796800	-7.889800	-0.948200	5.731100	-7.031700	0.255800	0.122900	0.349200	7.642900	5.673400	3.925700	1.021300	-0.176800	-0.115600	-1.723100	-1.333000	3.398600	3.407700	1.239800	1.173300	-1.164500	6.344800	31.717200	34.546200	0.450400	0.525900	0.421400	0.488400	0.314800	0.307600	3.263000	3.891700	5.294200	6.237600	3.522300	4.013800	
TCTCC	-0.075700	-0.019000	-0.072200	-1.015300	-6.089000	-0.021700	4.938000	-7.512200	0.247700	0.129600	0.330900	7.785800	5.469800	3.746300	0.953300	-0.174500	0.164300	-1.737100	-1.541300	3.362000	3.295100	1.930000	-0.374300	-1.799800	-1.541600	31.556800	35.841900	0.437000	0.436900	0.388600	0.445300	0.290400	0.269200	3.222700	3.510200	4.918800	4.985600	3.365400	4.083800	
TGCAT	0.264000	-0.040500	0.107900	0.434600	-3.743100	0.242300	5.600300	-4.574300	0.247300	0.118900	0.273200	7.439100	5.397800	2.042000	1.028700	0.017700	-0.339400	-1.614500	-1.455000	3.409600	3.479100	0.252300	2.054800	-1.639200	5.054100	36.160200	35.197500	0.429200	0.519000	0.412800	0.463200	0.214800	0.339400	3.163200	3.565900	4.385700	5.738700	3.920900	3.823500	
GTTTT	-0.149400	-0.011700	-0.066300	-8.858500	-14.494500	-1.747400	4.316000	-9.066000	0.242900	0.124300	0.325000	8.092500	6.329400	4.045500	1.233600	-0.122600	0.094000	-1.218900	-1.022100	3.298300	3.249800	1.142400	1.199500	-3.858900	-4.409800	36.584000	37.621000	0.490000	0.542100	0.386400	0.423200	0.273100	0.273000	3.253200	3.255400	5.485600	5.807600	3.715600	3.864500	
TCACG	0.108300	-0.030600	0.023400	3.570500	-8.108500	-0.916700	5.750500	-6.776200	0.250200	0.128200	0.329400	8.495900	5.586400	3.802900	0.936800	-0.297900	0.261700	-1.212400	-1.483300	3.397500	3.338000	0.117100	-0.754200	5.281200	-2.460300	34.736300	34.064900	0.513200	0.488700	0.522800	0.379500	0.317500	0.221500	3.577800	3.145000	5.521800	4.261000	3.950900	3.394900	
GGGCC	-0.296000	-0.039000	-0.004400	0.442200	-2.075100	0.491700	4.818100	-4.361200	0.239900	0.120100	0.267300	6.664600	5.338000	2.058600	0.860700	0.060700	0.000000	-1.831100	-1.656900	3.371600	3.418900	0.456100	0.000000	-2.007200	-2.379300	33.442600	36.603700	0.376800	0.372700	0.389600	0.393400	0.248600	0.210300	3.065000	2.985900	4.710500	4.356500	3.673400	3.775300	
CTTGG	-0.092700	-0.029300	-0.283100	2.044000	-9.773500	-1.010600	5.334300	-7.243900	0.249500	0.122200	0.341200	8.238000	5.812700	3.722200	0.931200	0.055100	0.448500	-1.286300	-1.395400	3.116400	3.431100	2.331600	-2.453900	-3.231400	5.459900	34.433800	34.572300	0.464000	0.500100	0.386300	0.459800	0.241000	0.307000	3.250000	3.531600	4.864900	5.486700	3.624100	3.726800	
CCCCC	0.319700	-0.040500	-0.009400	-2.032900	-1.017700	0.542100	4.800800	-2.707800	0.240000	0.129500	0.266700	6.553100	5.445600	2.095400	0.810300	-0.064600	-0.064600	-1.894600	-1.894600	3.392800	3.392800	0.019300	0.019300	-1.996500	-1.996500	33.352800	33.352800	0.377600	0.377600	0.380400	0.380400	0.249200	0.249200	3.067100	3.067100	4.656200	4.656200	3.616500	3.616500	
TCCGA	0.248700	-0.038700	0.083000	-0.949900	-3.159100	0.237900	5.371400	-4.358400	0.250300	0.116900	0.271000	6.791200	5.636800	2.042500	0.916600	-0.072700	-0.083600	-1.728800	-1.588600	3.448200	3.457500	-0.810300	0.879500	-0.253900	3.431700	33.864400	32.739500	0.408900	0.492500	0.424500	0.433200	0.274400	0.311900	3.424700	3.500000	4.625000	5.737900	3.845400	3.649900	
TCGCA	-0.245800	-0.030600	0.074600	-0.549200	-3.917900	0.292000	5.685700	-3.987500	0.244800	0.115700	0.268100	7.294200	5.440500	2.046400	0.987100	0.018800	0.005600	-1.490800	-1.551500	3.429000	3.395900	-0.430400	-0.463500	4.144600	-1.133700	33.309200	35.849400	0.492300	0.432700	0.432000	0.411000	0.318000	0.208200	3.493400	3.169700	5.573700	4.229200	3.767800	3.903900	
GATCT	-0.074800	-0.021200	-0.203900	1.586700	-8.227000	0.178900	4.295100	-8.124800	0.246400	0.129000	0.341400	7.762900	5.943500	3.752100	1.184100	-0.026500	0.194300	-1.567200	-1.715800	3.318400	3.562000	-0.149100	-2.871500	-4.959000	-1.716900	33.002900	36.822800	0.487100	0.447500	0.378300	0.452500	0.258600	0.323400	2.985200	3.719300	4.657500	5.577200	3.193800	4.195800	
CTCGT	0.279500	-0.038100	-0.073800	1.929000	-6.458700	0.386900	5.113300	-4.557300	0.241300	0.113000	0.291200	7.954800	5.832900	2.139300	0.925200	0.172800	0.079300	-1.517400	-1.682600	3.351700	3.719900	-0.792100	0.520000	-0.899500	6.012800	35.756700	33.855900	0.449300	0.511600	0.432600	0.399100	0.285200	0.357400	3.731200	3.653300	4.831800	5.759700	4.005100	3.803400	
CGTTC	-0.145700	-0.019700	0.072900	-9.573000	-10.973900	-0.982100	4.754400	-7.819400	0.240000	0.125000	0.302000	7.804000	5.678300	3.616900	0.996700	-0.371200	0.127000	-1.563000	-1.074600	3.423000	3.135100	0.021400	2.380000	-3.309100	-2.988800	35.335000	35.987900	0.462300	0.478700	0.355200	0.399800	0.225400	0.243500	3.087600	3.146900	4.374600	4.859800	3.427000	3.704800	
TCATT	0.095200	-0.010300	-0.205500	-6.254300	-8.982500	0.004800	4.534500	-8.072300	0.250200	0.120300	0.341300	7.689200	6.189900	3.949500	1.237900	-0.292400	-0.269800	-1.564100	-1.558800	3.640800	3.328800	0.320900	-0.975100	5.653600	-6.906800	35.355200	33.415000	0.546200	0.506400	0.468100	0.382500	0.350400	0.248200	3.729400	2.950400	6.102000	5.319300	3.828800	3.360800	
CGAAT	0.102600	-0.029600	-0.247900	-0.641200	-10.584500	-1.047100	4.817800	-7.895400	0.243300	0.118400	0.344400	8.268400	5.657900	3.663800	1.062500	-0.255100	-0.154300	-1.470200	-1.216500	3.377300	3.232100	1.811500	-1.883000	-0.370600	-2.921100	35.870700	35.910300	0.475900	0.480600	0.457900	0.430700	0.272900	0.271400	3.716000	3.340500	4.818000	5.250400	4.152300	3.768700	
TGGTA	-0.272600	-0.038500	0.065500	-2.665200	-6.059800	0.267600	5.142600	-4.565500	0.240400	0.119700	0.287900	7.118400	5.703800	2.139400	1.016600	0.019500	-0.233800	-1.778300	-1.564000	3.446600	3.390200	0.567200	0.937000	-1.033300	-2.319500	34.896500	34.742100	0.411400	0.478300	0.424100	0.378900	0.271500	0.234200	3.286300	3.208200	4.703600	4.461100	3.957100	3.460900	
TGGTG	-0.267400	-0.039500	0.007000	-4.039800	-6.915400	0.260600	4.879200	-4.654300	0.240300	0.120300	0.282600	7.217200	5.891900	2.148500	0.972900	0.009100	-0.310600	-1.783000	-1.500400	3.499000	3.396700	1.043100	1.197500	-0.929700	-2.654100	35.326700	34.544800	0.412400	0.479100	0.418000	0.377200	0.274300	0.227600	3.278600	3.101500	4.691800	4.290700	4.001700	3.416200	
CCCCG	0.281000	-0.039400	0.052900	-1.687600	-1.830100	0.280500	4.918200	-3.464200	0.240000	0.126900	0.271200	6.563300	5.447900	2.068000	0.810500	-0.099900	-0.128600	-1.848600	-1.812500	3.365100	3.364100	-0.223600	-0.139900	-1.738900	-1.757400	33.389500	33.484900	0.384500	0.398000	0.396500	0.407100	0.246900	0.250800	3.098400	3.165700	4.682300	4.595300	3.707200	3.700400	
AACGG	0.277100	-0.020600	-0.106200	8.135000	-10.038400	0.982100	4.658800	-5.021800	0.240300	0.122900	0.282500	7.639800	6.121100	2.307100	1.025600	0.486800	0.047300	-1.515900	-1.742700	3.416600	3.568200	0.530200	-0.918800	-3.424400	4.110300	35.488500	33.481300	0.461200	0.500600	0.349700	0.391200	0.223900	0.323500	3.060300	3.513500	4.547200	5.832200	3.463400	3.618300	
CCGCA	-0.267700	-0.030300	0.071300	0.317000	-3.906500	0.324400	5.626700	-4.111800	0.240300	0.120100	0.271900	7.299800	5.351000	2.084600	0.948700	-0.037600	-0.024400	-1.576400	-1.539500	3.305900	3.387500	0.529200	-0.670800	2.487700	-1.301600	32.930400	35.836400	0.486900	0.434500	0.433900	0.414100	0.283100	0.208400	3.433700	3.162800	5.569900	4.214800	3.721300	3.876900	
AATCT	-0.074800	-0.023700	-0.263700	4.978600	-10.015900	0.383100	3.908200	-8.647900	0.250000	0.127300	0.348600	7.882700	6.072800	4.011200	1.299500	0.255600	0.216700	-1.571700	-1.733500	3.368800	3.636800	1.276900	-3.051300	-6.968900	-1.980700	33.971200	37.561200	0.483200	0.450900	0.370900	0.443200	0.252600	0.334700	2.928500	3.716200	4.875800	5.575500	3.245000	4.143800	
GTACC	0.119700	-0.031400	0.068900	2.702700	-8.102700	-0.831400	5.797100	-6.847400	0.249900	0.129800	0.341000	7.762900	5.650000	3.720900	0.969000	-0.003400	0.303900	-1.407900	-1.570600	3.280000	3.366000	-0.378500	-0.300600	4.858100	-2.486600	34.159100	34.548500	0.508600	0.458100	0.452900	0.384400	0.285700	0.226600	3.831700	3.105900	6.222300	4.301000	4.045800	3.382800	
AGCCC	0.295700	-0.039400	-0.015600	0.588200	-2.373100	0.557900	4.665400	-4.549800	0.239800	0.119900	0.268500	6.753100	5.412500	2.047700	0.880500	0.019800	-0.075100	-1.732200	-1.838600	3.505100	3.414100	1.099400	-0.590800	-2.776300	-1.832700	37.344300	33.440400	0.359000	0.373400	0.382900	0.379600	0.222400	0.251500	2.947800	3.068200	4.594200	4.677600	3.737400	3.602600	
CCACG	0.111700	-0.029500	-0.030400	2.346800	-7.839400	-0.621000	5.679700	-6.727100	0.250300	0.131200	0.330700	8.260900	5.656800	3.793000	0.922200	-0.309400	0.235900	-1.322500	-1.479200	3.223600	3.315700	1.517300	-0.824700	3.129000	-2.313000	34.076800	33.930300	0.501500	0.485700	0.475300	0.381900	0.281700	0.220400	3.439300	3.134200	5.499400	4.231500	3.801500	3.400200	
GGAAT	0.089900	-0.030200	-0.274000	-1.731100	-9.610400	-0.697700	4.687200	-8.079700	0.240400	0.120000	0.341200	8.123000	5.704200	3.657800	1.041200	-0.292800	-0.151300	-1.511700	-1.253500	3.394800	3.234700	1.977500	-2.010300	-0.765700	-3.766100	36.062300	35.831200	0.455900	0.475100	0.464600	0.428600	0.281300	0.272100	3.630600	3.317400	4.870600	5.203900	4.139800	3.749700	
GTGGA	-0.256800	-0.040100	0.140200	1.227400	-3.495500	0.164300	5.586600	-4.795200	0.249500	0.118200	0.278200	6.891600	5.581200	2.069500	0.905800	0.290800	0.090700	-1.463200	-1.755100	3.324700	3.431400	-2.163900	1.236800	3.458700	-0.499000	34.089000	33.924200	0.505300	0.412500	0.454100	0.434700	0.303300	0.273400	3.589300	3.365300	5.480600	4.678700	3.718200	3.943100	
TTGTA	-0.275400	-0.040200	0.091000	-5.024300	-7.123600	0.267300	5.800600	-5.117000	0.250100	0.111600	0.298300	7.585900	6.017700	2.233700	1.124700	0.466100	-0.324700	-1.109600	-1.531800	3.373100	3.370800	-2.370100	0.670300	5.765600	-1.301700	35.373100	34.267500	0.511800	0.515600	0.549400	0.375000	0.314600	0.235100	3.567400	3.271100	5.584600	4.387400	4.085600	3.466900	
CTTGT	-0.090000	-0.030900	-0.262200	-0.599900	-10.942200	-1.085800	5.191400	-7.462700	0.249300	0.117200	0.342500	8.834900	5.985400	3.771500	1.037300	0.021400	0.457000	-1.218700	-1.386300	3.185100	3.713300	2.271000	-1.107900	-3.572300	6.848900	35.031200	35.437100	0.474200	0.517900	0.381300	0.495400	0.244300	0.354000	3.246600	3.647600	5.000200	5.669000	3.634300	3.989500	
GGCCC	0.296000	-0.039000	-0.004400	-0.442200	-2.075100	0.491700	4.818100	-4.361200	0.239900	0.120100	0.267300	6.664600	5.338000	2.058600	0.860700	0.000000	-0.060700	-1.656900	-1.831100	3.418900	3.371600	0.000000	-0.456100	-2.379300	-2.007200	36.603700	33.442600	0.372700	0.376800	0.393400	0.389600	0.210300	0.248600	2.985900	3.065000	4.356500	4.710500	3.775300	3.673400	
CTACC	0.116800	-0.028800	0.030200	2.042400	-7.734700	-0.617700	5.554600	-7.208700	0.249900	0.129000	0.335300	7.656200	5.620000	3.669700	0.963400	0.011900	0.240000	-1.432800	-1.586100	3.334100	3.359800	-0.218100	-0.569600	5.739800	-2.760600	34.234200	34.618900	0.497200	0.453000	0.412300	0.388500	0.301900	0.225600	3.918800	3.093900	6.140600	4.327200	3.848700	3.378800	
GCCAA	0.271300	-0.040300	0.066200	-0.534400	-3.416300	0.279000	5.514400	-4.919700	0.249900	0.116000	0.277100	7.009800	5.624600	2.067400	0.963400	-0.110700	-0.484500	-1.782400	-1.260500	3.383600	3.339600	-1.076100	2.502000	-0.960600	3.666300	33.091400	34.818100	0.402200	0.514000	0.423700	0.519300	0.258200	0.289700	3.202800	3.483100	4.581700	5.497100	3.840300	3.809400	
TAGGA	-0.253900	-0.023000	0.189300	4.923000	-1.206100	0.183900	4.975600	-4.927700	0.249700	0.118400	0.260600	6.129300	5.230600	2.046300	0.930300	0.296200	0.072200	-1.784700	-1.846400	3.341700	3.603300	-2.509000	2.044900	-2.310100	-1.048200	32.069200	34.586500	0.441000	0.396100	0.387200	0.398400	0.262800	0.278900	3.260300	3.276600	4.692800	4.794100	3.327300	3.851000	
ATGCC	-0.260600	-0.039200	0.083400	-0.188900	-3.195100	0.331300	5.272500	-4.797700	0.248200	0.119900	0.275000	7.201700	5.459700	2.032300	0.975200	0.366900	0.033400	-1.535900	-1.620800	3.502700	3.393000	-1.974200	0.324800	4.369900	-1.788100	34.775900	36.336400	0.515900	0.401600	0.448300	0.400200	0.348300	0.209600	3.582900	3.058400	5.787100	4.336900	3.690900	3.843500	
GGGGA	-0.320900	-0.041600	0.005900	2.177800	-1.487100	0.509600	4.814500	-3.886700	0.239900	0.120300	0.268400	6.675100	5.445500	2.090900	0.818300	0.062600	0.005700	-1.897300	-1.870700	3.401200	3.498900	0.004600	1.040900	-2.075200	-0.775200	33.505000	33.909500	0.376300	0.388900	0.381600	0.391300	0.249600	0.276200	3.080500	3.292700	4.680400	4.698400	3.626600	3.718500	
AGTCA	-0.110800	-0.020300	-0.029800	-2.386400	-8.123300	-0.179900	4.808400	-7.597400	0.250100	0.121500	0.340100	7.913200	5.656900	3.690600	1.072900	-0.255600	0.122800	-1.750000	-1.446600	3.497800	3.297400	1.754900	-0.897100	-3.013400	-1.295600	35.254700	35.967200	0.443000	0.456300	0.389800	0.442100	0.246800	0.270800	3.086800	3.612200	4.724500	4.820800	3.460600	4.033400	
AAGTA	-0.262200	-0.028500	0.123600	-0.145600	-4.322500	0.315600	4.097100	-5.306900	0.243000	0.120100	0.283100	7.132700	5.891100	2.180000	1.244500	0.294100	-0.299500	-1.836400	-1.738000	3.563000	3.546200	-1.919500	1.911400	-3.495600	-3.865300	33.659500	35.729100	0.474800	0.460100	0.386700	0.386200	0.325100	0.272200	3.207100	3.259300	5.637800	5.115200	3.493800	3.481300	
TACAA	0.275400	-0.040200	0.091000	5.024300	-7.123600	0.267300	5.800600	-5.117000	0.250100	0.111600	0.298300	7.585900	6.017700	2.233700	1.124700	0.324700	-0.466100	-1.531800	-1.109600	3.370800	3.373100	-0.670300	2.370100	-1.301700	5.765600	34.267500	35.373100	0.515600	0.511800	0.375000	0.549400	0.235100	0.314600	3.271100	3.567400	4.387400	5.584600	3.466900	4.085600	
TCTTG	-0.135400	-0.027500	0.043200	-6.287400	-9.202000	-1.339700	4.902900	-7.715900	0.249600	0.120400	0.313100	7.652600	5.774900	3.694300	0.974900	-0.293400	-0.005400	-1.787000	-1.200000	3.492500	3.129600	1.956600	2.628400	-1.059300	-2.824200	32.400600	34.880200	0.463400	0.464900	0.400300	0.384400	0.308000	0.245900	3.228300	3.203000	5.014700	5.025800	3.464100	3.662400	
GGCCT	0.292700	-0.040100	0.001300	-0.359000	-2.232300	0.452400	4.646300	-3.995300	0.240200	0.119700	0.266300	6.619100	5.326700	2.019700	0.883600	0.004900	-0.073300	-1.695200	-1.912700	3.437500	3.499400	0.121000	-1.414400	-2.618300	-1.798100	36.600300	34.152600	0.368800	0.375700	0.390600	0.367500	0.212700	0.260700	2.978000	3.090400	4.360400	4.988900	3.764000	3.652200	
TCTGT	-0.080300	-0.030000	-0.051500	-2.629800	-7.099800	-0.762800	5.318200	-7.129600	0.250200	0.120100	0.336400	7.947800	5.569500	3.794300	0.969800	-0.219600	0.267200	-1.721000	-1.472800	3.373900	3.576000	2.233000	-0.235700	-0.508700	4.706500	31.613100	35.220900	0.445500	0.516500	0.419900	0.459700	0.285200	0.328300	3.278700	3.655100	4.806500	5.798200	3.362900	3.956400	
TGAAG	0.098300	-0.029900	-0.224100	0.186100	-10.056100	-1.123100	5.165100	-7.537200	0.240900	0.117500	0.339400	8.160600	5.617800	3.638500	0.984100	-0.287300	-0.060100	-1.476300	-1.288400	3.377400	3.191500	2.089400	-1.995200	0.398700	-3.169500	36.146400	35.237000	0.475100	0.464400	0.475900	0.396900	0.284400	0.248900	3.687000	3.266200	4.725000	5.013000	4.233800	3.698900	
CTGGC	-0.264400	-0.040600	0.087700	0.158200	-3.396700	0.193500	5.417400	-4.565800	0.248900	0.119600	0.270700	6.655600	5.557700	2.029800	0.890300	0.341500	0.132400	-1.556100	-1.780200	3.435600	3.417500	-2.255200	0.898500	4.151100	-1.191400	34.289900	33.438600	0.511700	0.394400	0.424800	0.412800	0.317900	0.258000	3.720000	3.157600	5.541800	4.602800	3.633500	3.802600	
AGACG	0.083700	-0.013700	-0.044000	4.807900	-8.690600	0.072400	4.858600	-7.367000	0.250000	0.132200	0.333000	8.142900	5.575000	3.703200	1.001000	-0.180600	0.192900	-1.449900	-1.554800	3.337500	3.375200	1.969700	-0.947100	-1.598400	-2.913500	36.364200	34.804400	0.451400	0.469000	0.461500	0.375200	0.270100	0.228600	3.497200	3.200200	4.941800	4.300900	4.110500	3.386800	
AGAGC	0.062800	-0.025300	-0.092300	1.813500	-6.609500	-0.100100	5.010000	-7.328800	0.243700	0.129300	0.330000	7.332100	5.439800	3.657400	0.980800	-0.151100	0.218200	-1.663900	-1.789800	3.398300	3.389100	1.992200	-2.271600	-1.407200	-2.033500	36.159000	31.409600	0.439000	0.418200	0.444800	0.373600	0.271300	0.272400	3.523400	3.116400	5.249700	4.689600	4.164500	3.224200	
AAGAA	-0.266000	-0.031800	0.116400	3.715200	-3.534000	0.112600	4.626400	-5.778100	0.244100	0.117400	0.282800	6.888000	5.699400	2.187500	1.125000	0.302100	-0.321000	-1.805000	-1.502600	3.532800	3.447600	-2.158900	3.170800	-2.137300	-1.129400	33.112500	36.758700	0.495600	0.463000	0.393800	0.486100	0.311600	0.291000	3.268300	3.583000	5.259400	5.078100	3.514700	4.263900	
ACGGA	-0.266800	-0.043100	0.058800	0.773600	-3.633600	0.297100	5.079700	-4.172900	0.248600	0.115600	0.269100	6.900700	5.669400	2.042200	0.920500	0.004000	0.066000	-1.721600	-1.754400	3.677900	3.487500	-1.197400	0.821700	4.303600	-0.653600	33.333500	34.188700	0.498200	0.412000	0.408500	0.421700	0.339500	0.281200	3.547600	3.398600	5.826900	4.718000	3.663000	3.830600	
TACTG	0.247000	-0.026400	0.154700	-0.132200	-4.001900	0.286200	5.085200	-4.914500	0.249100	0.120700	0.279500	6.964900	5.692400	2.131900	1.076900	0.273800	-0.236900	-1.698800	-1.717300	3.510600	3.375500	-2.130700	3.139200	-1.986000	-0.345100	35.259500	31.944400	0.483700	0.458300	0.386700	0.404900	0.256100	0.280200	3.231300	3.240100	4.671500	4.877700	3.531700	3.473100	
AACAG	0.266400	-0.023100	-0.014200	6.740100	-9.274200	0.694200	4.912400	-5.353200	0.250100	0.119400	0.289800	7.239900	6.063100	2.292500	1.036400	0.478800	-0.307800	-1.540100	-1.581600	3.415100	3.607400	-0.014000	1.279800	-2.549700	5.665600	35.215200	34.930200	0.468700	0.513300	0.350800	0.422400	0.225900	0.334400	3.066600	3.765100	4.518700	5.815500	3.489600	3.820700	
CCTCG	-0.101700	-0.020200	-0.044300	-1.571300	-6.526900	-0.625300	5.150400	-7.157500	0.250000	0.131100	0.335100	7.751100	5.483600	3.684500	0.898200	-0.275000	0.105300	-1.791300	-1.457400	3.285300	3.242100	2.168100	-0.173300	-2.690500	-1.291700	31.477100	35.756900	0.423400	0.450400	0.376400	0.444100	0.250700	0.264900	3.107400	3.565300	4.791500	4.881400	3.289400	4.108600	
ACGAC	-0.280200	-0.041400	-0.029900	-0.270400	-6.566900	0.316000	5.348800	-4.643100	0.241200	0.110500	0.289200	7.966300	5.715000	2.147300	0.959300	-0.115200	-0.140100	-1.638500	-1.468000	3.688600	3.290400	-0.645300	0.707300	6.511500	-1.566700	33.867300	35.435100	0.516200	0.446400	0.416700	0.439100	0.360200	0.273100	3.640800	3.669400	5.706700	4.742200	3.871700	4.079200	
TCTCG	-0.095400	-0.021000	-0.039100	-1.398000	-6.890200	-0.633900	5.144800	-7.172800	0.249500	0.130100	0.334900	7.854100	5.469100	3.733800	0.962800	-0.221100	0.132800	-1.733300	-1.469100	3.369600	3.286300	1.782900	-0.236100	-1.365900	-0.957500	31.742900	35.844900	0.440500	0.453900	0.399400	0.448100	0.290600	0.267400	3.227900	3.601500	4.864500	4.916100	3.396100	4.119600	
CACGT	0.279900	-0.030200	-0.072400	6.918800	-8.691100	0.593600	4.855400	-4.539800	0.240400	0.121400	0.280300	8.010600	6.203100	2.195000	1.034600	0.362700	0.062200	-1.444900	-1.761700	3.349100	3.839900	-0.357500	0.695600	-2.872300	7.100300	34.400200	34.686100	0.495300	0.525400	0.375300	0.384900	0.228900	0.376400	3.164100	3.685600	4.337000	5.904500	3.418200	3.943500	
GATTA	-0.147300	-0.029100	-0.032700	-2.597700	-10.174100	-1.346000	4.881000	-7.944600	0.249900	0.119500	0.328500	7.497800	6.080500	3.738200	1.150100	-0.161300	0.145500	-1.561600	-1.260200	3.339100	3.196400	-1.195700	1.908500	-4.748100	-2.042900	32.843600	35.513600	0.501200	0.488600	0.369400	0.437600	0.250700	0.272200	2.933800	3.385500	4.576300	4.987100	3.251400	3.811600	
CGGCA	-0.268700	-0.038200	0.079900	0.378900	-3.102400	0.260700	5.181400	-4.230800	0.240300	0.120300	0.268400	6.919000	5.233700	2.051600	0.890800	0.104700	0.008100	-1.742300	-1.632700	3.343200	3.428200	0.092700	-0.300700	-1.048100	-1.331800	33.893900	36.529900	0.396700	0.409400	0.422200	0.400700	0.245300	0.213000	3.165800	3.128700	4.428700	4.262600	3.831900	3.842300	
CTCAT	0.281500	-0.043000	-0.026700	2.212900	-6.014000	0.271900	5.302200	-5.071900	0.249900	0.114400	0.300000	7.890900	5.839000	2.134600	0.977300	0.198300	-0.309900	-1.599100	-1.548200	3.355000	3.591200	-1.116600	1.287100	-0.566900	5.846200	35.239500	34.946300	0.451200	0.531500	0.439000	0.469000	0.284200	0.361500	3.756200	3.770000	4.906900	5.825200	4.072700	3.789600	
AAAAA	0.158500	-0.009800	-0.083600	8.002000	-14.915600	-2.076900	3.884600	-10.618800	0.254400	0.120900	0.344400	8.174100	7.141600	4.761900	1.350100	-0.085900	-0.085900	-1.033800	-1.033800	3.277400	3.277400	-0.929800	-0.929800	-4.685000	-4.685000	37.692700	37.692700	0.554900	0.554900	0.446000	0.446000	0.293400	0.293400	3.341400	3.341400	5.862300	5.862300	3.946500	3.946500	
AGCAT	0.259100	-0.039500	0.045100	1.880400	-3.507600	0.345400	5.055400	-4.884100	0.248100	0.118700	0.271300	7.092700	5.535100	2.011900	1.017900	0.001500	-0.381500	-1.702700	-1.591100	3.467000	3.579200	0.868200	1.969700	-2.302100	4.380300	37.033100	34.652500	0.382600	0.508000	0.391500	0.427100	0.215800	0.343600	3.013800	3.568300	4.678400	5.768100	3.805400	3.605300	
CAGCT	-0.230700	-0.021700	0.120600	2.290700	-1.351300	0.290900	4.795300	-4.944500	0.241100	0.120300	0.261700	6.538700	5.281300	2.040500	0.983500	0.277300	0.033700	-1.781900	-1.792100	3.394700	3.550100	-2.747400	0.008900	-1.214700	-2.913300	31.494700	37.773800	0.427300	0.358400	0.368700	0.379000	0.271700	0.222000	3.121900	2.903000	4.745900	4.853100	3.200400	3.877500	
AACTT	0.239100	-0.028700	0.056300	1.912900	-6.302900	0.417100	3.392700	-4.800400	0.244600	0.119500	0.287200	7.153600	6.369600	2.262100	1.320300	0.495000	-0.351900	-1.769800	-1.874200	3.627200	3.694500	-0.844600	1.353200	-5.231700	-4.652100	37.479600	34.208200	0.454200	0.481100	0.360600	0.370600	0.266000	0.347000	3.136700	3.195800	5.399400	5.852100	3.567100	3.431600	
TAGTA	-0.248900	-0.025100	0.177900	0.529600	-3.997200	0.246400	5.279900	-4.813300	0.249900	0.120100	0.277500	6.871500	5.606300	2.142800	1.130800	0.235700	-0.253700	-1.709800	-1.687800	3.339900	3.511600	-2.416100	2.163700	-1.580300	-2.242100	32.121500	35.262500	0.456500	0.480000	0.412900	0.388200	0.269200	0.252000	3.378300	3.240900	4.760000	4.723700	3.510000	3.521200	
ACGAT	-0.277800	-0.040200	-0.100800	-3.321100	-6.906200	0.458700	4.910900	-4.606700	0.242200	0.111300	0.292500	8.044300	6.047200	2.150300	1.010800	-0.051200	-0.219300	-1.705900	-1.547900	3.742700	3.441100	-0.567900	0.995200	6.254400	-1.166600	33.700500	36.282300	0.518200	0.459100	0.394600	0.447400	0.363300	0.307400	3.686500	3.877500	6.009500	5.156600	3.717600	4.114800	
CGTCA	-0.107500	-0.021100	0.032000	-4.232900	-8.497900	-0.726400	5.348500	-7.046000	0.250000	0.124100	0.328900	8.098700	5.524600	3.674700	0.977300	-0.239300	0.209300	-1.519100	-1.346400	3.351400	3.231300	0.502300	-0.432700	-2.171900	-1.163200	34.691400	36.178000	0.476300	0.463100	0.370700	0.463200	0.223500	0.259500	3.185300	3.558700	4.281900	4.620800	3.426800	4.181800	
GAGGG	-0.262900	-0.019700	0.139100	4.348500	-0.069400	0.342500	4.820100	-4.478200	0.240200	0.124500	0.258000	6.053400	5.260100	2.042300	0.890700	0.179200	0.124400	-1.826400	-1.924900	3.334700	3.433700	-3.028600	1.050400	-1.441400	-2.554500	31.550800	33.733100	0.431000	0.381400	0.366100	0.384200	0.269600	0.249000	3.147400	3.063000	4.711700	4.950400	3.263100	3.683900	
GATAA	-0.095500	-0.019700	-0.012800	4.376500	-7.524500	-0.843100	5.905100	-7.202400	0.253900	0.116900	0.357500	7.351800	6.013100	3.924700	1.136100	-0.015400	-0.146900	-1.515600	-1.341500	3.245600	3.416000	-0.792600	1.465500	-3.585200	7.867800	32.189900	34.313000	0.507600	0.528900	0.374400	0.496900	0.232200	0.316300	2.991300	3.890700	4.372100	6.231000	3.203900	4.097900	
GGCTC	0.241600	-0.016600	0.129600	-3.635100	-0.669100	0.353200	4.763600	-4.872900	0.241000	0.120000	0.260300	6.401800	5.172600	2.037900	0.962700	-0.033200	-0.164100	-1.726400	-1.791300	3.475800	3.347200	-1.096100	2.675100	-2.621800	-1.682000	37.160800	31.602000	0.365100	0.421600	0.389900	0.369500	0.216900	0.277900	2.936000	3.138800	4.527500	4.739600	3.790600	3.243000	
GAGTG	-0.250200	-0.022600	0.110700	-0.020400	-3.527300	0.320800	4.808800	-5.088900	0.240300	0.119700	0.274200	6.987700	5.861900	2.113500	1.076300	0.155500	-0.305200	-1.808400	-1.687800	3.421000	3.504000	-2.886600	2.142300	-1.042200	-2.783600	32.091000	34.629300	0.451800	0.465300	0.388200	0.392000	0.293900	0.241200	3.203700	3.072800	4.785300	4.563300	3.466300	3.478800	
CCGAA	-0.269600	-0.040500	-0.036900	-1.308000	-6.179400	0.340300	5.467500	-4.815700	0.240700	0.110800	0.290000	7.462500	5.654300	2.173800	0.934800	-0.085700	-0.265600	-1.591900	-1.398500	3.373800	3.319500	0.490700	1.441800	4.218500	-0.419300	32.879800	35.558600	0.497700	0.477500	0.442700	0.475800	0.305800	0.265700	3.594400	3.695500	5.657300	4.596900	3.682400	4.261600	
CTGGA	-0.266100	-0.039700	0.104000	1.157200	-3.031700	0.240900	5.328700	-4.434100	0.248700	0.119900	0.270300	6.782000	5.582300	2.038500	0.889700	0.333300	0.057500	-1.574000	-1.792700	3.419000	3.460800	-2.514300	1.211700	4.157900	-0.584200	34.091100	33.938700	0.514500	0.406600	0.427900	0.421200	0.319200	0.277900	3.765500	3.382200	5.613800	4.663900	3.578400	3.877200	
CGCTC	0.247800	-0.021500	0.161800	-3.623700	-1.276700	0.259000	5.019000	-4.799000	0.240900	0.120000	0.259100	6.524700	5.065400	2.048500	0.934700	0.022200	-0.132500	-1.676600	-1.755300	3.455000	3.323100	-0.959700	2.789100	-1.859400	-1.045900	36.983600	31.748900	0.387800	0.436200	0.396400	0.380200	0.217900	0.271000	3.063400	3.151100	4.409100	4.701000	3.803100	3.316800	
GGAAA	0.079100	-0.030000	-0.263700	0.036600	-10.068700	-0.701000	4.640800	-8.405600	0.240400	0.110100	0.337900	8.287600	5.690100	3.731400	1.045900	-0.332200	-0.277200	-1.443700	-1.031500	3.388600	3.162300	1.811700	-1.261700	-0.768000	-3.222500	36.459000	36.125000	0.465000	0.507000	0.486200	0.434700	0.281100	0.244400	3.605700	3.245900	4.836400	5.254000	4.234400	3.896500	
AAGAG	-0.272800	-0.030300	0.082700	2.739500	-3.351900	0.304800	4.582400	-5.416900	0.244100	0.120400	0.282900	6.897800	5.708000	2.140400	1.062000	0.289300	-0.175200	-1.838900	-1.705100	3.555300	3.506000	-2.001300	2.439700	-1.746700	-0.669000	32.996900	36.076000	0.490600	0.442900	0.381700	0.429800	0.321100	0.306300	3.244000	3.632700	5.151000	5.161200	3.435800	4.064100	
ACGCT	-0.260700	-0.030900	-0.008700	-1.799900	-4.052500	0.454200	4.935400	-4.256800	0.239700	0.118200	0.269500	7.224800	5.568300	2.028800	0.981100	0.034700	0.001700	-1.740500	-1.666200	3.692100	3.479200	-0.745400	-1.189100	4.766300	-2.234600	33.144300	37.046200	0.475200	0.385700	0.384400	0.393000	0.349400	0.216200	3.474900	2.988700	5.770800	4.618700	3.617200	3.761600	
GCTTA	-0.138700	-0.029500	0.049400	-5.985200	-8.805000	-1.199900	5.007900	-7.555100	0.248300	0.123100	0.311400	7.274700	5.626800	3.604500	1.028200	-0.330100	0.046800	-1.795900	-1.279500	3.434900	3.137100	1.603200	1.872400	-2.235900	-2.711600	32.058600	35.213000	0.431500	0.476400	0.376300	0.409200	0.282000	0.253600	3.055800	3.312000	5.017300	4.968300	3.309900	3.764500	
AATGA	-0.095200	-0.010300	-0.205500	6.254300	-8.982500	0.004800	4.534500	-8.072300	0.250200	0.120300	0.341300	7.689200	6.189900	3.949500	1.237900	0.269800	0.292400	-1.558800	-1.564100	3.328800	3.640800	0.975100	-0.320900	-6.906800	5.653600	33.415000	35.355200	0.506400	0.546200	0.382500	0.468100	0.248200	0.350400	2.950400	3.729400	5.319300	6.102000	3.360800	3.828800	
GAGCA	-0.246500	-0.016400	0.183600	3.766500	-1.002800	0.248300	5.057100	-4.769000	0.240900	0.119400	0.256200	6.426900	5.091400	2.053000	1.010900	0.154800	-0.008400	-1.755000	-1.698700	3.295000	3.453800	-2.777700	0.611200	-1.351500	-2.272200	31.721100	37.104200	0.433600	0.395100	0.383100	0.402000	0.269800	0.219000	3.137200	3.058800	4.636000	4.506500	3.369500	3.897700	
ATGCG	-0.265800	-0.040300	0.099800	-0.141500	-4.067800	0.240000	5.554100	-4.650500	0.248200	0.120300	0.274200	7.523200	5.426200	2.054500	0.966800	0.341200	-0.016700	-1.464500	-1.566300	3.503400	3.396400	-1.985700	0.020300	5.259200	-1.248700	35.152200	35.927500	0.515400	0.432800	0.452400	0.403400	0.334700	0.210600	3.573300	3.173200	5.784500	4.170800	3.813800	3.796000	
GTCCC	0.318500	-0.049800	-0.084600	0.964600	-5.264600	0.494500	4.931900	-4.704800	0.240000	0.119900	0.288300	7.572600	5.619500	2.139300	0.874000	0.180400	0.026100	-1.536900	-1.807800	3.336400	3.444600	-0.970700	-0.840800	-1.069800	-0.824700	35.554400	33.881400	0.441300	0.400800	0.448400	0.409700	0.281100	0.268400	3.617000	3.246900	4.883700	4.504300	4.114300	3.801600	
GTGCA	-0.250100	-0.040100	0.167600	0.494700	-3.793600	0.172700	5.958100	-4.543900	0.249100	0.119000	0.272100	7.322800	5.390200	2.068100	1.014100	0.258100	0.051400	-1.353100	-1.543400	3.271700	3.406200	-1.671900	0.072900	3.886800	-1.080400	34.339000	35.945800	0.498100	0.445100	0.475200	0.413700	0.305800	0.213700	3.509500	3.167100	5.484400	4.384400	3.873300	3.946800	
CGATA	0.096100	-0.018600	-0.057200	-2.629100	-7.594200	-0.681200	5.296500	-7.210000	0.250000	0.124000	0.339200	7.553000	5.804500	3.742800	1.097800	-0.190800	-0.019000	-1.471700	-1.511100	3.302600	3.261600	0.228100	-0.156800	-0.857800	-3.236900	36.308400	32.436400	0.460300	0.502000	0.456800	0.366300	0.271600	0.234900	3.679600	2.990900	4.849600	4.338900	4.201400	3.235600	
GGCGC	0.245000	-0.029800	0.055800	-0.360800	-3.363700	0.382700	5.398200	-4.069800	0.240400	0.119900	0.267700	6.985800	5.396600	2.030800	0.935500	-0.038800	0.018100	-1.581000	-1.659800	3.385500	3.382100	0.024000	0.612300	-1.544300	2.934400	36.271700	32.295100	0.403000	0.458400	0.406000	0.419400	0.206300	0.300900	3.030300	3.361000	4.222700	5.611200	3.842600	3.525800	
GATCA	-0.099300	-0.020000	-0.112000	2.002200	-7.837800	-0.500200	4.912000	-7.793400	0.250100	0.119900	0.347000	7.558200	5.870300	3.731200	1.110800	-0.060500	0.192800	-1.531600	-1.564700	3.269800	3.372200	-0.454100	-1.098700	-4.295400	-0.858800	32.670100	36.140000	0.492800	0.467500	0.371600	0.458200	0.248000	0.291900	2.977700	3.729300	4.419600	4.977300	3.192900	4.225200	
CCGGT	-0.248300	-0.039500	-0.000800	-2.127500	-4.813000	0.345300	5.115000	-4.000000	0.250000	0.119900	0.269400	6.995200	5.802800	2.060100	0.894400	-0.020100	0.028300	-1.670600	-1.776100	3.372800	3.547000	0.447800	1.045700	2.475200	-0.226300	32.463300	34.702200	0.488300	0.416200	0.404200	0.422300	0.285500	0.289600	3.516400	3.311400	5.711600	4.717600	3.471900	3.951600	
GGCTT	0.255000	-0.019600	0.134800	-3.286600	-1.550500	0.427800	4.287500	-5.168900	0.241100	0.120100	0.264600	6.446200	5.322200	2.105200	1.073600	-0.033600	-0.364300	-1.733400	-1.820800	3.502300	3.478800	-1.034300	1.711000	-3.671500	-3.885200	37.497400	32.729100	0.361300	0.447800	0.376100	0.374000	0.224300	0.289900	2.971700	3.073800	4.871400	5.520600	3.761500	3.329700	
CGACG	0.108900	-0.022400	0.025500	4.272200	-8.523400	-0.692900	5.177000	-7.207400	0.249800	0.129800	0.325400	8.109100	5.506800	3.651300	0.934600	-0.195300	0.247100	-1.313600	-1.536000	3.214400	3.351300	0.152000	-0.535700	-1.349200	-2.510900	36.091900	34.626400	0.462000	0.474800	0.453600	0.372600	0.252600	0.224200	3.530300	3.177200	4.618400	4.296200	4.157300	3.409600	
CGTCC	-0.093900	-0.016900	-0.008600	-3.405600	-8.012700	-0.230200	4.986200	-7.333600	0.249300	0.130500	0.328000	7.979700	5.539400	3.663200	0.935200	-0.204500	0.219200	-1.539000	-1.399500	3.352600	3.231500	0.776100	-0.272300	-2.749200	-1.730700	34.536000	36.134100	0.471200	0.449300	0.382300	0.458200	0.225200	0.252500	3.191300	3.474300	4.317000	4.687900	3.403400	4.113300	
CGAGA	0.095400	-0.021000	-0.039100	1.398000	-6.890200	-0.633900	5.144800	-7.172800	0.249500	0.130100	0.334900	7.854100	5.469100	3.733800	0.962800	-0.132800	0.221100	-1.469100	-1.733300	3.286300	3.369600	0.236100	-1.782900	-0.957500	-1.365900	35.844900	31.742900	0.453900	0.440500	0.448100	0.399400	0.267400	0.290600	3.601500	3.227900	4.916100	4.864500	4.119600	3.396100	
ATCGG	0.271400	-0.036300	-0.095700	3.580200	-6.984600	0.515700	5.265400	-4.469100	0.241500	0.120200	0.290700	7.861300	5.879700	2.185200	0.949700	0.232100	0.063400	-1.538800	-1.659800	3.396700	3.444800	-0.832700	-0.915800	-0.035000	4.140900	35.646700	32.651000	0.467800	0.492200	0.452100	0.423300	0.299200	0.316100	3.867400	3.588000	5.158300	5.884300	4.237700	3.554200	
GCATC	0.092300	-0.019800	-0.141700	-2.752100	-7.814400	-0.485900	5.348800	-7.181600	0.250200	0.121400	0.342100	7.440700	5.854100	3.739500	1.033900	-0.339300	0.039700	-1.475400	-1.503600	3.492100	3.272600	1.093900	0.039000	4.436000	-4.185300	34.588000	32.167200	0.502900	0.489100	0.436600	0.374900	0.315700	0.235600	3.517200	2.962400	5.633300	4.376200	3.772800	3.193400	
GCCCT	0.302900	-0.048300	0.008300	-0.794900	-2.128000	0.349500	4.691900	-2.709100	0.239900	0.120100	0.266600	6.409200	5.452200	2.017000	0.872800	-0.059900	-0.065900	-1.851400	-1.928200	3.450500	3.500600	-0.657900	-1.130300	-1.602900	-2.001400	33.607800	34.354800	0.371500	0.380300	0.384600	0.369900	0.258300	0.254800	3.117500	3.084900	4.637200	4.979800	3.611400	3.735500	
GACAT	0.279700	-0.038100	0.009500	5.471300	-7.159900	0.540900	4.992600	-5.274600	0.249900	0.119500	0.297400	7.805700	6.173100	2.205900	1.097900	0.284000	-0.348000	-1.561600	-1.567700	3.398000	3.683300	-1.031900	1.398700	-2.569300	5.238200	34.578800	35.636000	0.484200	0.537000	0.382300	0.454400	0.241600	0.385900	3.278500	3.780200	4.507900	6.157900	3.443400	3.830000	
TCCCG	0.283700	-0.039900	0.064200	-1.821300	-2.659000	0.234100	4.902900	-4.173600	0.239900	0.119900	0.270300	6.589800	5.429900	2.068300	0.834800	-0.055000	-0.114400	-1.797400	-1.799600	3.485400	3.382000	-1.165800	-0.037400	-0.672500	-1.952700	34.126300	33.831300	0.393600	0.397100	0.409900	0.412900	0.269200	0.248600	3.323100	3.145700	4.658900	4.622900	3.804900	3.740800	
CATAC	-0.097800	-0.020000	-0.030300	3.622200	-8.325700	-0.886600	5.922500	-6.801000	0.250100	0.138700	0.350600	7.607800	6.011300	3.900100	1.094800	0.095800	0.007100	-1.465900	-1.453000	3.235600	3.367400	-0.658400	0.248600	-2.975000	6.319300	32.014200	34.416800	0.521800	0.518800	0.363200	0.443500	0.220300	0.299500	2.950300	3.868300	4.358700	6.263500	3.247900	4.041300	
GCACC	0.112800	-0.032300	-0.004900	3.312800	-7.753200	-0.724800	5.573900	-6.887300	0.250000	0.129100	0.333600	7.673300	5.608800	3.695500	0.943900	-0.314400	0.300000	-1.303500	-1.548800	3.293700	3.362800	0.773200	-0.753300	3.295800	-2.738700	34.339300	34.212400	0.494200	0.453500	0.474900	0.383800	0.287800	0.223600	3.442800	3.031300	5.471200	4.229900	3.869800	3.341200	
TGCTT	0.259700	-0.019600	0.178500	-4.101400	-1.485900	0.302300	4.646600	-5.053500	0.240700	0.119900	0.260500	6.403100	5.194900	2.080200	1.072100	0.012700	-0.320500	-1.715700	-1.786000	3.476800	3.439800	-0.597900	2.077200	-3.093000	-3.392500	37.432100	32.890400	0.388800	0.457400	0.390800	0.383300	0.228500	0.282800	3.075200	3.081500	4.842200	5.313700	3.874100	3.407900	
GTGTA	-0.264100	-0.039600	0.122800	-3.969600	-6.760200	0.338900	5.807200	-4.848300	0.250000	0.121600	0.296400	7.472900	5.849900	2.208500	1.065900	0.266200	-0.294700	-1.358800	-1.507700	3.356900	3.364200	-1.497000	0.835300	4.762500	-1.253400	34.652600	34.439700	0.510400	0.520900	0.489300	0.376300	0.312900	0.236000	3.553500	3.272400	5.724500	4.344000	4.033900	3.444400	
GCAGG	0.107000	-0.027200	-0.075200	0.977000	-6.177000	-0.581800	5.505500	-6.829100	0.251100	0.129700	0.342700	7.376300	5.638500	3.751600	0.917000	-0.281100	0.279800	-1.451500	-1.772000	3.329300	3.273200	0.461100	-2.313700	3.792100	-2.573000	34.098900	31.028600	0.497500	0.428700	0.449300	0.384700	0.296800	0.250800	3.562800	3.104800	5.509000	4.810800	3.794200	3.248300	
CGAGC	0.096600	-0.027500	-0.046300	0.890000	-6.788700	-0.660000	5.199300	-7.147100	0.249600	0.128600	0.331000	7.546600	5.432900	3.633300	0.915400	-0.139500	0.244600	-1.459700	-1.765500	3.279400	3.345500	0.260200	-1.749200	-1.048100	-2.118000	35.951800	31.430200	0.448400	0.422000	0.443900	0.383900	0.265400	0.264600	3.587900	3.126400	4.909800	4.717900	4.116800	3.292300	
TCTAC	-0.108800	-0.030800	0.044200	-0.424900	-6.819400	-1.173800	5.946000	-6.812100	0.250400	0.128800	0.342200	7.640200	5.508000	3.842400	0.995100	-0.222700	-0.011100	-1.664900	-1.448600	3.321500	3.287200	1.412800	0.535300	-0.800400	4.818700	31.653000	34.341600	0.452200	0.504600	0.429300	0.433900	0.280000	0.296300	3.302100	3.859500	4.890900	6.305700	3.502400	3.967200	
TACAG	0.272600	-0.030400	0.090400	3.926400	-6.410900	0.445900	5.463700	-4.834500	0.250100	0.121200	0.291400	7.459000	5.863000	2.211900	1.012300	0.324300	-0.285200	-1.528800	-1.511700	3.383400	3.489100	-0.659600	1.584900	-1.710400	5.126600	34.607300	34.734000	0.504200	0.514200	0.379100	0.445800	0.246500	0.330200	3.246600	3.725500	4.468000	5.627200	3.427300	3.920500	
AGTTA	-0.160800	-0.026000	0.054500	-7.351200	-10.782400	-1.014500	4.601600	-7.910100	0.242900	0.121200	0.317900	7.908300	5.917700	3.646100	1.166500	-0.409500	0.032900	-1.774400	-1.250600	3.569700	3.162500	1.262500	1.444400	-4.295200	-3.198300	36.175100	35.072600	0.449700	0.479200	0.374000	0.402900	0.255900	0.255400	3.030800	3.326100	4.848700	4.989900	3.543300	3.581900	
AAGCT	-0.253300	-0.022400	0.119600	2.923900	-1.344800	0.408800	4.115100	-5.215500	0.240500	0.119600	0.266100	6.356200	5.358800	2.068700	1.083800	0.370800	0.007400	-1.852800	-1.802200	3.524700	3.574700	-1.651100	-0.146000	-3.922300	-3.860400	32.845100	38.017000	0.441500	0.351100	0.360000	0.367900	0.291400	0.230100	3.108800	2.913300	5.434300	5.172000	3.288500	3.750300	
CCCTG	0.251200	-0.019200	0.153800	-4.170800	-0.439800	0.318300	4.886300	-4.553100	0.243300	0.120600	0.263200	6.279600	5.412600	2.050000	0.878500	-0.128700	-0.335300	-1.927400	-1.820200	3.417100	3.349500	-0.965500	2.861500	-2.631400	-1.636400	33.797500	31.464600	0.378900	0.441500	0.387400	0.378700	0.246500	0.271400	3.088900	3.146800	4.824400	4.837700	3.659900	3.268700	
TATAG	-0.092300	-0.018200	-0.036300	3.409800	-7.816800	-0.674100	5.844400	-6.915800	0.249800	0.134600	0.348200	7.439200	5.942700	3.903200	1.071000	0.052800	0.000500	-1.516400	-1.524400	3.249500	3.463200	-0.001000	0.313200	-2.734900	7.103900	32.587900	34.642500	0.519200	0.504200	0.373100	0.389100	0.230600	0.314000	3.019200	3.931800	4.426100	6.200000	3.244200	3.817100	
GTATC	0.100800	-0.020200	-0.028200	-3.415800	-7.977600	-0.787100	5.711000	-7.106800	0.250300	0.132600	0.357300	7.397500	6.029900	3.849500	1.090600	0.000700	0.040200	-1.471900	-1.497600	3.361700	3.267700	-0.250600	0.817900	5.762300	-3.615700	34.415300	32.254000	0.512700	0.509700	0.434700	0.372700	0.302600	0.231200	3.855100	2.953900	6.274600	4.434500	3.973000	3.216600	
GTTAA	-0.100400	-0.019500	-0.137600	0.444900	-10.461300	-1.193400	5.893200	-7.185800	0.249900	0.111300	0.341800	8.895700	5.868000	3.984600	1.072300	0.139400	-0.003400	-1.247400	-1.135600	3.125700	3.346300	0.985400	0.313500	-2.512400	7.392100	34.817500	34.284600	0.494500	0.554700	0.415300	0.634500	0.251700	0.321200	3.353500	3.834800	4.815900	6.103000	3.761300	4.236400	
GTTTA	-0.146400	-0.029700	-0.094800	-8.001900	-13.239000	-1.911200	5.103200	-7.906200	0.241800	0.113100	0.310900	8.106100	5.791900	3.675100	1.063400	-0.061900	0.293000	-1.185300	-1.029000	3.230000	3.167000	1.187000	1.165400	-2.571300	-1.171300	35.903200	35.706300	0.478900	0.519000	0.379800	0.434800	0.258900	0.252400	3.173400	3.270100	4.929700	4.797700	3.649000	3.843200	
ACACC	0.104800	-0.030200	-0.028100	4.809700	-8.616500	-0.673700	5.293200	-7.098900	0.250000	0.123600	0.332200	8.180600	5.704400	3.741700	0.982500	-0.278800	0.329800	-1.341800	-1.559400	3.489600	3.376500	0.341100	-0.771000	4.859400	-2.926900	34.915500	34.427000	0.505900	0.457800	0.484500	0.385900	0.321500	0.224500	3.541300	3.029900	5.697300	4.304000	4.036900	3.339100	
TCATG	0.091800	-0.002300	-0.213500	-4.414100	-9.437800	-0.377800	5.308300	-7.289700	0.250100	0.129400	0.347200	8.260000	6.169400	3.846100	1.060000	-0.319900	-0.118700	-1.491000	-1.443000	3.579700	3.245300	0.775500	-0.066500	6.220800	-3.579500	35.072000	31.965800	0.528900	0.518600	0.476800	0.360700	0.348100	0.226100	3.685700	2.948700	5.774200	4.271900	3.868400	3.204200	
GTCAC	0.273400	-0.039800	0.047300	0.836400	-6.777200	0.247700	5.908400	-4.885000	0.250000	0.117700	0.300200	7.922600	5.736000	2.178200	0.971500	0.150700	-0.220300	-1.513800	-1.316000	3.284500	3.356500	-0.947100	1.107000	-0.780900	4.762600	34.678400	34.370000	0.465900	0.516500	0.458700	0.531200	0.273600	0.327700	3.717900	3.595000	4.804500	5.476800	4.273400	3.913700	
CGTTT	-0.149300	-0.008200	0.111900	-12.283800	-13.142600	-0.934900	4.415900	-8.282000	0.241000	0.125600	0.308000	7.688100	5.734100	3.732900	1.099600	-0.462500	-0.086100	-1.580700	-1.060500	3.458400	3.176400	-0.279600	1.696200	-3.575800	-3.429400	35.955900	37.104300	0.457400	0.491300	0.345700	0.378900	0.233300	0.243200	3.127600	3.104900	4.543100	5.410200	3.448300	3.701400	
CAACA	0.149500	-0.022500	0.103900	9.432400	-11.549400	-1.642200	5.178000	-7.554900	0.242700	0.120700	0.306000	8.063100	5.811400	3.691700	0.986100	-0.077500	0.424200	-1.076800	-1.631400	3.090400	3.434200	-2.824200	-0.136800	-2.137300	-2.605800	34.877700	35.608600	0.476700	0.481200	0.386000	0.349400	0.227400	0.239700	3.137400	3.133200	4.751200	4.448600	3.593400	3.461900	
ACCCA	0.273300	-0.040000	0.041700	-0.613300	-3.470200	0.346600	4.666000	-3.556100	0.240900	0.119800	0.272000	6.795800	5.736200	2.049400	0.907900	-0.069400	-0.100700	-1.841100	-1.845600	3.627000	3.433600	-1.069100	-0.552900	-1.134400	-1.644000	34.803500	34.076500	0.396600	0.400300	0.391300	0.389500	0.294100	0.259100	3.244500	3.167600	4.709100	4.790100	3.867800	3.720300	
TTTAC	-0.092000	-0.020100	-0.181700	-0.869500	-11.884100	-1.199600	5.919200	-7.196200	0.250600	0.112300	0.350800	8.593400	5.781600	4.059400	1.066600	0.259300	0.123000	-1.040200	-1.345300	3.144700	3.332300	0.783800	-1.191000	-1.976100	6.375200	35.575600	34.008800	0.514200	0.545400	0.434000	0.541400	0.241200	0.305800	3.360100	3.879700	4.900100	6.157500	3.907100	4.158300	
AAAAC	0.149400	-0.011700	-0.066300	8.858500	-14.494500	-1.747400	4.316000	-9.066000	0.242900	0.124300	0.325000	8.092500	6.329400	4.045500	1.233600	-0.094000	0.122600	-1.022100	-1.218900	3.249800	3.298300	-1.199500	-1.142400	-4.409800	-3.858900	37.621000	36.584000	0.542100	0.490000	0.423200	0.386400	0.273000	0.273100	3.255400	3.253200	5.807600	5.485600	3.864500	3.715600	
GAAGA	0.125000	-0.015300	0.035000	6.451200	-8.037500	-0.868200	4.588900	-8.052700	0.243200	0.121100	0.312800	7.438700	5.699200	3.658900	0.997800	-0.045800	0.279000	-1.242000	-1.799500	3.168200	3.518400	-2.624800	-1.922900	-2.991800	-1.867300	35.343600	32.409000	0.465700	0.458400	0.402500	0.391100	0.262000	0.310700	3.213000	3.231700	4.948800	5.029800	3.756700	3.397600	
ATTAG	-0.097700	-0.019300	-0.245000	2.852700	-11.502400	-0.888400	5.468900	-7.362100	0.249900	0.120600	0.349800	8.167100	5.794900	3.812800	0.997100	0.193400	0.078700	-1.201800	-1.472200	3.183400	3.517700	1.803600	-1.112600	-1.722200	8.249200	35.436000	34.443800	0.490300	0.513300	0.437000	0.399500	0.261200	0.325700	3.373800	3.956700	5.004500	6.251500	3.781800	3.761600	
GAAGG	0.122500	-0.005600	0.040300	6.741900	-7.623700	-0.551700	4.654100	-7.921700	0.241400	0.127000	0.309500	7.365000	5.685500	3.591800	1.021900	-0.006100	0.353400	-1.256200	-1.859300	3.152600	3.373400	-2.568300	-2.219600	-2.965700	-3.077700	35.292800	31.970300	0.463700	0.435600	0.405100	0.375400	0.256100	0.266800	3.199900	3.056900	5.120900	5.119900	3.737800	3.321200	
GTGGG	-0.260900	-0.038600	0.125400	1.606100	-2.953400	0.246300	5.610800	-4.430700	0.249500	0.120000	0.276300	6.759800	5.643700	2.078900	0.886100	0.297400	0.147400	-1.465900	-1.782700	3.321600	3.326600	-2.144100	0.424000	3.523200	-1.614600	33.923100	33.255800	0.501900	0.406100	0.449400	0.418100	0.301500	0.244300	3.578800	3.176700	5.566800	4.680900	3.641400	3.824000	
TTCTC	0.257700	-0.029400	0.114100	-3.373000	-2.622900	0.161600	4.831100	-5.539100	0.242300	0.117300	0.277800	6.755400	5.463400	2.113500	1.063900	0.304300	-0.136300	-1.516800	-1.768600	3.440500	3.364300	-3.200200	2.676700	-1.266300	-1.514800	36.398500	31.978100	0.468400	0.453900	0.486600	0.397300	0.285300	0.282000	3.614800	3.236800	5.062700	4.821300	4.298500	3.459700	
CACCC	0.301600	-0.039200	-0.065400	4.061900	-5.792900	0.593200	4.741600	-4.468100	0.239900	0.120100	0.278800	7.281900	6.047500	2.159000	0.936000	0.346500	0.007600	-1.550600	-1.866800	3.416100	3.507800	-0.912500	-0.676200	-2.849500	-1.043200	34.469300	34.475700	0.462600	0.393300	0.383100	0.391400	0.234400	0.273000	3.102100	3.176300	4.299100	4.611000	3.366600	3.881400	
TCAAT	0.093400	-0.030000	-0.316300	-2.576100	-10.858800	-1.034100	5.470800	-7.256500	0.249900	0.111000	0.348500	8.596000	5.794400	3.785700	0.998200	-0.430800	-0.144200	-1.317900	-1.189300	3.581300	3.232800	1.477600	-2.225500	7.373300	-2.035800	34.656800	35.349100	0.508600	0.480900	0.504100	0.419900	0.330800	0.265700	3.649600	3.296500	5.516100	4.944900	3.873200	3.777200	
TTAAT	0.099500	-0.019500	-0.232000	-3.823700	-11.233500	-1.009100	5.642900	-7.443800	0.250100	0.112900	0.356100	8.254000	5.845700	3.989900	1.090600	0.018100	-0.194400	-1.263400	-1.197700	3.450100	3.178800	0.001500	-1.625000	6.971800	-1.605900	34.502900	35.333400	0.548300	0.493100	0.592400	0.439800	0.324300	0.257900	3.887400	3.398200	6.294600	5.020600	4.155600	3.779800	
TACCT	0.297900	-0.039600	-0.016600	3.638900	-5.437400	0.547400	4.376800	-4.529900	0.239800	0.119800	0.280600	7.137100	5.895800	2.154600	1.030200	0.307800	-0.012500	-1.633400	-1.941900	3.417300	3.609000	-0.443600	-1.712700	-3.334500	-1.846900	35.055800	35.571700	0.449400	0.397200	0.387300	0.372800	0.236800	0.291000	3.237500	3.243900	4.562900	5.258600	3.371300	3.880100	
CGTTA	-0.153100	-0.020300	0.102100	-10.195700	-11.346900	-1.272700	5.170200	-7.516000	0.248600	0.121300	0.306500	8.084600	5.706500	3.636400	1.011500	-0.440700	0.137600	-1.546600	-1.106200	3.410300	3.092100	-0.162800	1.806400	-2.969000	-2.273600	35.447100	35.519400	0.462400	0.493900	0.353800	0.409500	0.227500	0.250300	3.108000	3.247400	4.313900	4.801500	3.437300	3.709700	
AACCC	0.307500	-0.038500	-0.113600	5.738600	-7.907100	0.992000	4.061900	-4.636600	0.240000	0.117500	0.279900	7.122200	6.145400	2.260600	1.020400	0.479100	0.013100	-1.629600	-1.888300	3.499200	3.600700	0.097500	-1.187600	-4.152900	-1.441000	36.074400	34.913100	0.428000	0.390300	0.354100	0.368100	0.239800	0.283700	3.026400	3.181100	4.673100	4.843600	3.400600	3.803600	
TCCCA	0.285600	-0.039900	0.059900	-1.741300	-2.410400	0.304400	4.861100	-3.177900	0.240300	0.120000	0.269900	6.610100	5.461400	2.061600	0.856100	-0.065900	-0.092700	-1.808000	-1.827800	3.485600	3.383500	-1.260500	-0.131000	-0.834100	-1.765300	34.035200	34.002600	0.393000	0.395400	0.403500	0.407500	0.275500	0.252100	3.316600	3.160000	4.620300	4.732300	3.788200	3.746100	
TAAGG	0.135100	-0.013900	0.071300	7.501200	-8.497600	-1.001100	4.911300	-7.672600	0.247600	0.124500	0.312000	7.406800	5.671400	3.604200	1.028700	0.000100	0.375800	-1.301300	-1.846800	3.104600	3.375400	-1.885200	-2.151800	-3.068800	-2.841100	34.962500	32.055600	0.480100	0.446300	0.408300	0.382000	0.251700	0.262700	3.302800	3.061200	5.037900	5.145500	3.723700	3.365900	
TGTGT	-0.095900	-0.031800	0.032900	-5.456200	-9.273600	-0.879200	5.573300	-6.806600	0.250000	0.127500	0.331400	8.727500	5.701200	3.846000	1.003700	-0.336200	0.315300	-1.536200	-1.242900	3.366500	3.446100	0.964400	-0.224100	-2.064300	5.208200	34.552500	35.605700	0.495000	0.514800	0.382800	0.509400	0.235000	0.322800	3.196600	3.550100	4.430400	5.659800	3.446700	4.113000	
GCAAA	0.098100	-0.030500	-0.229700	1.870900	-10.565600	-1.587600	5.555000	-7.723500	0.249100	0.108900	0.340000	8.826000	5.931100	3.910100	1.074100	-0.528100	-0.191300	-1.190100	-1.014700	3.388700	3.134000	1.836600	-1.438800	5.365000	-2.679400	34.420700	35.504300	0.508300	0.508600	0.534600	0.414300	0.308700	0.235700	3.557500	3.171800	5.499400	5.142700	3.904200	3.826900	
GGTCA	-0.108300	-0.020000	0.012900	-4.270800	-7.950000	-0.397500	4.934900	-7.607300	0.250000	0.120700	0.331700	7.764800	5.601300	3.635600	0.980500	-0.267900	0.167100	-1.579400	-1.376500	3.382500	3.247600	0.635700	-0.658000	-3.383300	-1.408500	34.859700	35.949700	0.446200	0.459000	0.382300	0.456300	0.227400	0.261900	3.060600	3.563300	4.322700	4.681200	3.389300	4.137700	
TCCTT	0.281800	-0.019200	0.165800	-4.772100	-1.249600	0.348500	4.319100	-5.152600	0.243100	0.121300	0.267700	6.249900	5.535800	2.108700	1.019300	-0.021900	-0.404600	-1.891600	-1.852500	3.638700	3.499800	-2.120500	2.415300	-1.643200	-3.218800	34.933900	33.078600	0.399200	0.474700	0.384700	0.369500	0.293500	0.290200	3.306000	3.082500	5.287300	5.645900	3.852800	3.385000	
AATAC	-0.102300	-0.011100	-0.101500	5.377700	-10.207100	-0.703900	5.365400	-7.405400	0.254900	0.131000	0.356500	7.378500	6.138800	4.018100	1.213100	0.185800	0.028000	-1.537500	-1.492300	3.305500	3.415100	0.386000	-0.132900	-5.229000	5.839400	33.612400	34.679600	0.513500	0.516000	0.362400	0.438800	0.243200	0.314300	2.951500	3.873400	4.926700	6.553700	3.310000	4.009300	
GACGC	0.259900	-0.025100	-0.030800	4.941300	-7.441700	0.641800	5.092000	-4.606200	0.240600	0.120200	0.282200	7.503800	6.044500	2.144500	0.999200	0.234400	0.050400	-1.525000	-1.733300	3.357100	3.602900	-0.773700	0.201000	-2.312500	4.400900	34.302800	32.938900	0.477200	0.477400	0.376600	0.404200	0.232900	0.337100	3.164300	3.493600	4.277400	5.775400	3.440300	3.579500	
GTTGC	-0.094900	-0.029600	-0.195100	-2.068900	-10.567900	-1.340100	5.692200	-7.022800	0.250000	0.121600	0.338500	8.746500	5.943300	3.795700	1.006200	0.022900	0.497600	-1.172300	-1.185300	3.138900	3.392000	1.894100	-1.542300	-2.380100	5.510700	34.461700	34.695100	0.474100	0.502700	0.385500	0.526400	0.245900	0.310300	3.177700	3.519500	4.757700	5.510600	3.650300	3.881000	
CCGTT	-0.277100	-0.020600	-0.106200	-8.135000	-10.038400	0.982100	4.658800	-5.021800	0.240300	0.122900	0.282500	7.639800	6.121100	2.307100	1.025600	-0.047300	-0.486800	-1.742700	-1.515900	3.568200	3.416600	0.918800	-0.530200	4.110300	-3.424400	33.481300	35.488500	0.500600	0.461200	0.391200	0.349700	0.323500	0.223900	3.513500	3.060300	5.832200	4.547200	3.618300	3.463400	
ACTTC	-0.144600	-0.009800	0.013300	-5.617900	-8.783600	-0.565100	4.309700	-8.302900	0.244200	0.121300	0.318600	7.765200	5.843600	3.671700	1.074100	-0.271500	0.012800	-1.854100	-1.248000	3.646400	3.210300	1.557900	2.536700	-3.001100	-3.241100	32.779600	35.649200	0.443700	0.479400	0.387200	0.401800	0.343100	0.264100	3.147100	3.207200	5.388000	5.296700	3.473000	3.698900	
TAAGC	0.138700	-0.029500	0.049400	5.985200	-8.805000	-1.199900	5.007900	-7.555100	0.248300	0.123100	0.311400	7.274700	5.626800	3.604500	1.028200	-0.046800	0.330100	-1.279500	-1.795900	3.137100	3.434900	-1.872400	-1.603200	-2.711600	-2.235900	35.213000	32.058600	0.476400	0.431500	0.409200	0.376300	0.253600	0.282000	3.312000	3.055800	4.968300	5.017300	3.764500	3.309900	
AAGAC	-0.276300	-0.034500	0.108300	3.299500	-3.850900	0.173200	4.684400	-5.612100	0.247600	0.120700	0.281000	7.009200	5.605100	2.162900	1.085800	0.270600	-0.137600	-1.743300	-1.658800	3.521100	3.455800	-1.827000	2.648000	-2.271100	-1.252700	33.154500	35.751200	0.498700	0.442300	0.396200	0.451800	0.318100	0.298100	3.239800	3.671800	5.369000	5.273400	3.506300	4.086400	
GGTTT	-0.159200	-0.000700	0.084600	-11.737100	-12.371900	-0.620300	4.133600	-8.938200	0.240700	0.120300	0.312800	7.396700	5.829600	3.686200	1.143300	-0.479100	-0.130800	-1.629600	-1.126400	3.499200	3.198000	-0.097500	1.532400	-4.152900	-4.170900	36.074400	36.767800	0.428000	0.484200	0.354100	0.385600	0.239800	0.254600	3.026400	3.180500	4.673100	5.543800	3.400600	3.715200	
TATCG	-0.096100	-0.018600	-0.057200	2.629100	-7.594200	-0.681200	5.296500	-7.210000	0.250000	0.124000	0.339200	7.553000	5.804500	3.742800	1.097800	0.019000	0.190800	-1.511100	-1.471700	3.261600	3.302600	0.156800	-0.228100	-3.236900	-0.857800	32.436400	36.308400	0.502000	0.460300	0.366300	0.456800	0.234900	0.271600	2.990900	3.679600	4.338900	4.849600	3.235600	4.201400	
ATTCT	-0.077100	-0.029800	-0.287500	0.370500	-10.171100	-0.476900	4.452600	-8.247600	0.240900	0.120100	0.346400	8.441200	5.749800	3.691600	1.103700	0.169200	0.274800	-1.240500	-1.573000	3.267000	3.511000	2.291500	-3.292000	-3.639900	-1.375100	36.071200	36.309800	0.477100	0.460600	0.425600	0.470600	0.282000	0.302000	3.310100	3.659000	5.155800	5.090300	3.777600	4.215900	
ATAAC	0.095100	-0.021700	-0.162600	1.717800	-10.740900	-1.190300	5.537800	-7.403100	0.249800	0.119400	0.337200	8.924100	5.782500	3.837900	1.064500	-0.142500	-0.062100	-1.377900	-1.257400	3.512500	3.151800	0.867600	-1.256000	7.201700	-2.890700	34.794400	35.133800	0.535600	0.481300	0.491900	0.408900	0.345000	0.258100	3.908400	3.285900	6.438000	4.953600	4.152500	3.685600	
ATCAT	0.283800	-0.041200	-0.032900	2.697200	-6.292000	0.396900	4.840200	-5.497800	0.249900	0.111900	0.307500	8.283400	6.243500	2.168700	1.109000	0.267600	-0.307800	-1.611700	-1.599100	3.440100	3.617500	-1.499500	1.480700	-1.045000	5.097900	35.729500	34.884300	0.461200	0.542600	0.456400	0.462900	0.310900	0.368100	3.902900	3.847700	5.142600	6.326100	4.169700	3.769000	
TTTAT	-0.079500	-0.019900	-0.241600	-0.766200	-12.177300	-1.070600	5.716300	-7.431800	0.250500	0.111500	0.343400	8.826500	5.772300	3.965300	1.095900	0.259900	0.123300	-1.022000	-1.385100	3.168800	3.544200	1.010600	-1.208700	-1.635500	8.279500	36.029000	34.384700	0.516400	0.534300	0.434300	0.483200	0.244800	0.351300	3.303600	3.941900	4.965900	6.355800	3.848200	4.115900	
AACGT	0.269400	-0.025500	-0.128800	8.876300	-10.425700	0.971500	4.312000	-4.980400	0.241300	0.114300	0.279100	7.583500	6.264000	2.286200	1.103500	0.518300	0.044100	-1.539600	-1.815600	3.437800	3.852600	0.581000	0.445300	-3.769700	6.902300	35.743400	34.538100	0.463000	0.526700	0.354700	0.372500	0.231100	0.380000	3.100500	3.630100	4.758100	6.074800	3.458500	3.806300	
GGGGG	-0.319700	-0.040500	-0.009400	2.032900	-1.017700	0.542100	4.800800	-2.707800	0.240000	0.129500	0.266700	6.553100	5.445600	2.095400	0.810300	0.064600	0.064600	-1.894600	-1.894600	3.392800	3.392800	-0.019300	-0.019300	-1.996500	-1.996500	33.352800	33.352800	0.377600	0.377600	0.380400	0.380400	0.249200	0.249200	3.067100	3.067100	4.656200	4.656200	3.616500	3.616500	
TGGGC	-0.276300	-0.040700	0.050100	1.053000	-2.914200	0.246500	4.985200	-3.791300	0.240400	0.119900	0.269900	6.473800	5.443100	2.032800	0.860100	0.086800	0.101400	-1.814600	-1.830200	3.411500	3.432400	0.378200	0.826700	-1.559700	-1.246200	34.139500	33.690100	0.394500	0.381400	0.408200	0.399300	0.253700	0.258000	3.157300	3.135500	4.686900	4.509700	3.777200	3.701000	
CCCGA	0.245000	-0.037000	0.048400	-0.296000	-3.161200	0.290000	5.249100	-4.126100	0.248800	0.120900	0.271400	6.811700	5.710000	2.036400	0.873600	-0.128800	-0.079900	-1.788500	-1.608600	3.346500	3.486500	-0.137200	0.679300	-1.859400	4.053200	33.345200	32.831800	0.400700	0.492900	0.408400	0.425100	0.242100	0.318700	3.180000	3.537100	4.533500	5.679600	3.701700	3.671900	
GAATT	0.157000	-0.020200	-0.092100	1.135200	-11.100000	-0.996800	3.820000	-9.184100	0.249300	0.119500	0.323900	7.636100	6.378900	3.846200	1.343900	-0.136000	-0.024100	-1.266600	-1.657300	3.312900	3.456200	-2.371300	-0.194900	-3.704300	-7.871400	36.468100	34.651100	0.492100	0.527300	0.441100	0.390500	0.286900	0.266700	3.316500	2.939900	5.404300	4.965400	3.821900	3.318200	
TCGGA	-0.248700	-0.038700	0.083000	0.949900	-3.159100	0.237900	5.371400	-4.358400	0.250300	0.116900	0.271000	6.791200	5.636800	2.042500	0.916600	0.083600	0.072700	-1.588600	-1.728800	3.457500	3.448200	-0.879500	0.810300	3.431700	-0.253900	32.739500	33.864400	0.492500	0.408900	0.433200	0.424500	0.311900	0.274400	3.500000	3.424700	5.737900	4.625000	3.649900	3.845400	
ACTCG	-0.107600	-0.021500	-0.075400	-0.730100	-7.762200	-0.479600	4.881700	-7.355200	0.250200	0.130700	0.341300	8.043100	5.579100	3.755900	1.005600	-0.210700	0.116900	-1.796500	-1.497200	3.517400	3.295200	1.740800	-0.570600	-1.857600	-1.197200	32.049500	35.905100	0.437900	0.459800	0.397800	0.439400	0.328000	0.269300	3.198400	3.612000	5.168200	5.000300	3.389500	4.069900	
ATTGG	-0.094500	-0.026400	-0.320900	3.522200	-10.623200	-0.914600	5.312200	-7.231700	0.250200	0.114400	0.344100	8.136200	5.761800	3.747400	0.943400	0.149000	0.461100	-1.187100	-1.416800	3.169700	3.420600	2.538500	-2.971600	-2.231900	5.496900	34.901400	34.319700	0.473800	0.500300	0.417000	0.454500	0.263400	0.297400	3.296900	3.544800	4.793900	5.440800	3.692400	3.695800	
TGGTT	-0.264500	-0.036200	-0.031800	-5.658900	-8.692800	0.543900	4.349500	-4.962600	0.241500	0.116000	0.282900	7.012500	6.011200	2.212200	1.051300	0.020500	-0.426500	-1.823400	-1.585500	3.561000	3.461700	1.418000	0.126900	-1.015800	-3.759900	35.344700	35.829200	0.406200	0.448900	0.394200	0.352400	0.286900	0.234600	3.294600	3.053000	4.855700	4.624300	3.889700	3.457600	
TTAAC	0.100400	-0.019500	-0.137600	-0.444900	-10.461300	-1.193400	5.893200	-7.185800	0.249900	0.111300	0.341800	8.895700	5.868000	3.984600	1.072300	0.003400	-0.139400	-1.135600	-1.247400	3.346300	3.125700	-0.313500	-0.985400	7.392100	-2.512400	34.284600	34.817500	0.554700	0.494500	0.634500	0.415300	0.321200	0.251700	3.834800	3.353500	6.103000	4.815900	4.236400	3.761300	
GGAAG	0.083500	-0.030300	-0.287300	-1.407800	-9.454700	-0.524000	4.743500	-7.923300	0.240200	0.120100	0.339100	8.188100	5.679400	3.612200	0.978900	-0.324900	-0.105300	-1.511100	-1.290500	3.413900	3.187600	1.843600	-2.044300	-0.312600	-3.425000	36.120200	35.013600	0.451300	0.456700	0.476000	0.395100	0.287800	0.245600	3.593000	3.271500	4.779700	4.952400	4.142000	3.664600	
TAGGT	-0.251000	-0.022900	0.156500	4.182300	-1.607600	0.359400	4.665000	-4.561200	0.250200	0.120800	0.262000	6.409800	5.460400	2.070300	1.010500	0.306200	0.062900	-1.820800	-1.914400	3.395900	3.725600	-2.440500	2.110400	-2.311100	-1.441000	32.028900	35.723600	0.445800	0.397000	0.376300	0.377700	0.287900	0.314600	3.274500	3.201200	5.030300	5.081300	3.274400	3.937700	
ATTTC	-0.151400	-0.020200	-0.135600	-4.965400	-12.044800	-1.550900	4.292300	-9.026600	0.239900	0.109900	0.324600	8.083400	6.024400	3.711700	1.178900	-0.006500	0.194400	-1.271300	-1.089200	3.355900	3.236100	1.416800	1.664600	-4.399600	-2.918100	36.817500	35.968500	0.503500	0.496100	0.429100	0.426100	0.343400	0.271300	3.318300	3.275300	5.540800	5.160800	3.820200	3.778300	
GTGAT	-0.266400	-0.039100	0.008000	-2.176000	-6.581900	0.299500	5.477700	-5.058900	0.250000	0.117400	0.303000	7.869200	5.989500	2.169200	1.055500	0.259400	-0.234700	-1.474900	-1.604400	3.414600	3.405600	-1.167500	1.555300	4.183400	-0.234900	34.009000	35.320800	0.510700	0.472700	0.478700	0.461900	0.324600	0.296400	3.666500	3.906900	5.759900	5.046200	3.726600	4.275500	
TCATC	0.093100	-0.019800	-0.149800	-4.000400	-7.386200	-0.346300	5.075600	-7.581600	0.250000	0.120400	0.341000	7.719000	5.942500	3.800400	1.091800	-0.303200	0.004000	-1.491600	-1.509300	3.556300	3.252000	0.259100	-0.024500	5.578700	-4.222700	34.924700	32.191500	0.529000	0.496200	0.468200	0.380700	0.340400	0.232800	3.675400	2.975800	5.858600	4.485500	3.836200	3.242400	
GGATC	0.085300	-0.019500	-0.168600	-2.475600	-7.645400	-0.041300	4.626600	-7.905000	0.245400	0.126600	0.341000	7.515700	5.858400	3.701500	1.078100	-0.223500	0.031100	-1.594500	-1.551800	3.394900	3.295500	0.860300	0.288700	-1.175300	-4.742100	36.200300	32.769300	0.440200	0.484700	0.452300	0.374200	0.291200	0.253600	3.625100	2.959500	5.077600	4.558800	4.130900	3.203300	
ACCGC	0.246300	-0.039000	0.031800	0.575400	-4.576700	0.348300	5.114800	-3.938500	0.249400	0.119900	0.269300	6.945900	5.791400	2.025200	0.917500	-0.041000	0.009100	-1.781800	-1.734100	3.573800	3.449500	-1.102200	1.066300	-0.238600	3.078100	34.822200	32.338100	0.412900	0.477500	0.416600	0.407800	0.289600	0.306800	3.317700	3.488300	4.650400	5.744000	3.945700	3.497100	
CGCAG	0.255000	-0.038600	0.104500	0.586000	-3.929000	0.235900	5.655500	-4.518700	0.248100	0.120100	0.270000	7.299500	5.417500	2.056500	0.950700	0.012500	-0.315400	-1.548500	-1.486500	3.394000	3.384300	-0.090700	1.920600	-1.197100	4.733000	36.017200	34.289900	0.437900	0.509200	0.404800	0.436300	0.210900	0.318000	3.195800	3.646800	4.178800	5.631500	3.840600	3.675900	
TAACT	0.160800	-0.026000	0.054500	7.351200	-10.782400	-1.014500	4.601600	-7.910100	0.242900	0.121200	0.317900	7.908300	5.917700	3.646100	1.166500	-0.032900	0.409500	-1.250600	-1.774400	3.162500	3.569700	-1.444400	-1.262500	-3.198300	-4.295200	35.072600	36.175100	0.479200	0.449700	0.402900	0.374000	0.255400	0.255900	3.326100	3.030800	4.989900	4.848700	3.581900	3.543300	
CGGAT	-0.280500	-0.039700	-0.044300	-1.445000	-5.598700	0.306900	4.890600	-4.696700	0.241300	0.120100	0.288900	7.453200	5.743100	2.139800	0.952600	0.066300	-0.229000	-1.765700	-1.620100	3.459200	3.491400	0.742000	1.576400	-0.468500	-0.387800	33.970700	36.250200	0.411400	0.458100	0.418000	0.446600	0.273100	0.316800	3.312600	3.771900	4.679000	5.152400	3.814600	4.178200	
AGTCT	-0.089800	-0.015800	-0.098800	-3.137100	-7.949400	0.380500	4.573100	-7.752500	0.250100	0.132200	0.343500	7.873700	5.708000	3.702100	1.106200	-0.196400	0.100800	-1.783600	-1.555000	3.529100	3.416500	2.187800	-2.348300	-3.855400	-1.898300	35.322500	36.214800	0.436900	0.439300	0.389600	0.437300	0.254300	0.285100	3.130900	3.584300	4.913000	5.001100	3.431100	4.024500	
AACTA	0.227500	-0.022200	0.088800	1.448300	-5.706200	0.279500	4.355300	-5.626400	0.249500	0.117300	0.281000	6.958700	6.001500	2.199300	1.212600	0.470900	-0.266400	-1.726400	-1.746700	3.597900	3.484600	-0.971300	1.873800	-5.238600	-2.345900	36.922600	32.622400	0.458000	0.449800	0.368300	0.395500	0.265200	0.308300	3.099500	3.372600	5.070700	5.276300	3.611400	3.439600	
AAGAT	-0.274100	-0.029200	0.075200	2.453600	-3.403700	0.368900	4.145800	-5.668900	0.247800	0.123600	0.291400	7.592200	6.064900	2.189000	1.178200	0.360700	-0.227200	-1.844200	-1.759400	3.625100	3.675600	-2.171300	3.300300	-2.215500	-1.842300	33.297100	37.104700	0.508700	0.457000	0.381500	0.452300	0.336600	0.380200	3.331400	3.917300	5.782800	5.815200	3.467700	4.243100	
TTGCG	-0.252800	-0.040200	0.110700	-1.159800	-4.002900	0.190800	5.791100	-4.894600	0.249900	0.113800	0.274500	7.331400	5.545900	2.083500	1.017900	0.485700	-0.025100	-1.153900	-1.534500	3.327100	3.388000	-2.263100	0.074100	4.641400	-1.036200	34.654800	35.837800	0.511800	0.444400	0.541100	0.410600	0.296600	0.210100	3.491300	3.215900	5.538500	4.166100	3.971900	3.862500	
GGAGT	0.088100	-0.018300	-0.102800	0.005100	-6.845100	-0.062700	4.766100	-7.643000	0.249500	0.130000	0.339300	7.783900	5.565100	3.768600	1.002400	-0.153000	0.177800	-1.572000	-1.791100	3.318200	3.507600	0.816400	-1.757600	-1.766000	-2.498600	35.809800	32.028400	0.443300	0.432800	0.432300	0.391500	0.269800	0.331600	3.551500	3.200500	5.077900	5.153300	4.029700	3.364300	
CCAAG	0.092700	-0.029300	-0.283100	-2.044000	-9.773500	-1.010600	5.334300	-7.243900	0.249500	0.122200	0.341200	8.238000	5.812700	3.722200	0.931200	-0.448500	-0.055100	-1.395400	-1.286300	3.431100	3.116400	2.453900	-2.331600	5.459900	-3.231400	34.572300	34.433800	0.500100	0.464000	0.459800	0.386300	0.307000	0.241000	3.531600	3.250000	5.486700	4.864900	3.726800	3.624100	
CTTGA	-0.097000	-0.030200	-0.230300	-0.153400	-10.072300	-1.244700	5.447300	-7.248700	0.249600	0.119900	0.344600	8.716100	5.862500	3.750400	0.982500	0.037100	0.415900	-1.242100	-1.274200	3.164800	3.541600	1.978400	-1.092900	-3.310000	6.955000	34.737800	34.673500	0.470300	0.510800	0.382300	0.542800	0.245300	0.329300	3.251100	3.626200	4.857000	5.563900	3.676400	3.934800	
AGCCT	0.291300	-0.039500	-0.018800	0.524500	-2.392600	0.531000	4.371700	-4.380300	0.240200	0.119800	0.268000	6.694700	5.409600	2.016400	0.920500	0.023500	-0.090500	-1.729800	-1.929500	3.528300	3.536300	1.231400	-1.566800	-3.719700	-2.050100	37.369000	34.168900	0.357700	0.372800	0.382500	0.359800	0.220800	0.266500	2.942600	3.081800	4.624300	5.026200	3.688400	3.616100	
CTGAA	-0.270600	-0.040300	0.035300	-0.115800	-5.995900	0.278200	5.731200	-5.052200	0.250100	0.117100	0.295900	7.668200	5.632500	2.177000	0.992100	0.285200	-0.321600	-1.484700	-1.433200	3.454200	3.322100	-1.583300	2.012100	5.749400	0.694600	34.244600	35.423900	0.522700	0.482500	0.458500	0.480500	0.326700	0.265700	3.768200	3.642600	5.484300	4.564500	3.759100	4.316000	
CTTCG	-0.099500	-0.030000	-0.231100	0.315000	-9.873900	-1.017100	4.913900	-7.743900	0.240000	0.120400	0.341000	8.162100	5.624300	3.622000	0.965000	0.057000	0.274200	-1.302700	-1.479400	3.187700	3.367800	1.878400	-1.548600	-3.313300	-0.244500	35.136100	35.797400	0.462700	0.469800	0.397100	0.467800	0.249000	0.272000	3.278700	3.676000	4.987000	4.759300	3.701000	4.178100	
GGCGT	0.260900	-0.030700	0.018900	0.629800	-3.813000	0.402600	5.081400	-4.194300	0.241100	0.118600	0.270500	7.297100	5.476900	2.038800	0.941700	-0.045900	-0.014400	-1.602100	-1.713900	3.403300	3.658300	0.072900	0.933100	-2.132900	4.645100	36.445600	33.229100	0.396900	0.480600	0.396100	0.401800	0.207800	0.348800	3.046400	3.473400	4.336200	5.714600	3.788600	3.732800	
TACGA	0.260400	-0.029700	0.043300	4.289700	-6.488100	0.521300	5.601000	-4.432700	0.244600	0.110900	0.287100	7.588200	5.900600	2.169200	1.032200	0.284500	-0.001400	-1.521300	-1.548700	3.333500	3.570300	-0.300500	0.326600	-1.555500	5.317600	34.221200	33.807700	0.501200	0.508500	0.379000	0.427800	0.234000	0.333000	3.254700	3.647500	4.332200	5.713300	3.420900	3.859100	
TGTGA	-0.104500	-0.031600	0.050200	-3.905700	-7.774200	-0.961100	5.837700	-6.807500	0.250100	0.126800	0.330600	8.468800	5.669600	3.850000	0.966700	-0.255900	0.295000	-1.529900	-1.176700	3.338500	3.366400	1.121700	-0.107700	-2.318300	5.316700	34.119500	34.909000	0.493700	0.512100	0.389500	0.529000	0.231600	0.314400	3.155400	3.579700	4.336100	5.497400	3.482700	3.929400	
GGGGC	-0.301500	-0.045500	0.002500	0.244100	-2.027500	0.371300	4.843200	-3.177500	0.239800	0.120200	0.265300	6.417800	5.427100	2.040900	0.816600	0.059900	0.061100	-1.870600	-1.853200	3.397400	3.464900	0.201800	0.822000	-1.898700	-1.152200	33.536000	33.624100	0.380600	0.373800	0.383300	0.392800	0.248400	0.257200	3.077200	3.105800	4.646800	4.577300	3.647200	3.663400	
CCACC	0.122900	-0.029200	-0.109800	-1.195500	-6.896200	-0.611100	5.533900	-6.916900	0.250300	0.129100	0.343600	8.247500	5.737300	3.741800	0.946000	-0.296500	0.263400	-1.338200	-1.551700	3.218700	3.349800	1.368400	-0.868000	2.570100	-2.883600	34.050800	34.053200	0.500100	0.461700	0.466400	0.394000	0.278700	0.223500	3.437800	3.041000	5.531600	4.288700	3.728200	3.364800	
ACGGG	-0.265600	-0.040500	0.019600	0.023400	-3.329800	0.347200	4.984800	-4.184800	0.247400	0.119800	0.272800	6.976400	5.751900	2.040500	0.861500	0.022700	0.106700	-1.745600	-1.799300	3.683000	3.350100	-0.985200	0.086100	5.139300	-2.177000	33.419500	33.453900	0.500400	0.395300	0.391900	0.408800	0.349500	0.248000	3.587700	3.155400	5.757300	4.708000	3.675300	3.650600	
CGCCC	0.299000	-0.039400	0.012800	-0.482200	-2.596200	0.435500	4.941600	-4.298500	0.240000	0.120000	0.267900	7.060100	5.325900	2.070000	0.869800	0.067200	-0.047000	-1.615400	-1.795000	3.429300	3.370100	0.250400	-0.344400	-1.557400	-1.730600	36.573500	33.672700	0.392700	0.381800	0.394000	0.401800	0.212200	0.247400	3.130000	3.063100	4.306700	4.523800	3.787300	3.729500	
ATAAA	0.079500	-0.019900	-0.241600	0.766200	-12.177300	-1.070600	5.716300	-7.431800	0.250500	0.111500	0.343400	8.826500	5.772300	3.965300	1.095900	-0.123300	-0.259900	-1.385100	-1.022000	3.544200	3.168800	1.208700	-1.010600	8.279500	-1.635500	34.384700	36.029000	0.534300	0.516400	0.483200	0.434300	0.351300	0.244800	3.941900	3.303600	6.355800	4.965900	4.115900	3.848200	
ATACG	0.107400	-0.021700	-0.002900	3.301000	-9.090300	-0.605300	5.614900	-6.956900	0.250200	0.133900	0.335300	8.654200	5.640000	3.733600	1.033900	0.017800	0.226300	-1.407700	-1.542400	3.449000	3.340500	-0.232300	-0.583500	6.375100	-2.211900	34.591600	34.666000	0.507500	0.481500	0.454000	0.381700	0.331900	0.225800	3.897000	3.209000	6.467400	4.339000	3.991500	3.407000	
ATGTA	-0.281400	-0.039700	0.050900	-5.408500	-7.267600	0.434900	5.251200	-5.038700	0.250000	0.119400	0.297800	7.789100	5.946200	2.217400	1.126000	0.343300	-0.356400	-1.483600	-1.532300	3.630900	3.391600	-1.494200	0.555400	5.999800	-1.839000	35.876000	34.800500	0.529100	0.502600	0.460400	0.372600	0.370100	0.243500	3.753300	3.307900	5.988800	4.516400	3.902600	3.423200	
CGTGT	-0.098700	-0.031000	-0.010400	-4.492400	-9.375600	-0.791300	5.436800	-6.884100	0.250100	0.130400	0.329000	8.593000	5.652700	3.795000	0.967600	-0.298000	0.316600	-1.499000	-1.291500	3.350800	3.492600	0.797500	-0.199700	-2.314200	5.454200	34.295400	35.406900	0.488400	0.512000	0.376100	0.498600	0.221600	0.322300	3.136200	3.545000	4.297800	5.638400	3.386400	4.079000	
GAGAC	-0.265200	-0.032500	0.099200	2.878900	-3.379000	0.164700	5.024400	-5.193100	0.241300	0.120100	0.275000	6.956200	5.379900	2.096800	0.998900	0.105800	-0.144700	-1.708600	-1.667300	3.364600	3.447400	-2.698100	2.607700	-0.914000	-0.832100	31.937500	35.312700	0.456800	0.443600	0.406200	0.453400	0.279600	0.289300	3.196100	3.651900	4.713800	5.020700	3.468100	4.130600	
GATGC	-0.092300	-0.019800	-0.141700	2.752100	-7.814400	-0.485900	5.348800	-7.181600	0.250200	0.121400	0.342100	7.440700	5.854100	3.739500	1.033900	-0.039700	0.339300	-1.503600	-1.475400	3.272600	3.492100	-0.039000	-1.093900	-4.185300	4.436000	32.167200	34.588000	0.489100	0.502900	0.374900	0.436600	0.235600	0.315700	2.962400	3.517200	4.376200	5.633300	3.193400	3.772800	
ATCGC	0.260800	-0.032100	-0.078500	2.835000	-6.936700	0.444900	5.279700	-4.553900	0.241000	0.119800	0.290800	7.765800	5.893200	2.140100	0.979800	0.220600	0.096600	-1.536500	-1.663200	3.442400	3.526700	-0.979100	0.250800	0.091100	4.193500	35.676900	32.472100	0.466800	0.475600	0.450100	0.418300	0.301700	0.329900	3.853400	3.573700	5.203100	5.775000	4.199100	3.510700	
GAAGT	0.144600	-0.009800	0.013300	5.617900	-8.783600	-0.565100	4.309700	-8.302900	0.244200	0.121300	0.318600	7.765200	5.843600	3.671700	1.074100	-0.012800	0.271500	-1.248000	-1.854100	3.210300	3.646400	-2.536700	-1.557900	-3.241100	-3.001100	35.649200	32.779600	0.479400	0.443700	0.401800	0.387200	0.264100	0.343100	3.207200	3.147100	5.296700	5.388000	3.698900	3.473000	
GCGGA	-0.250000	-0.039300	0.078900	1.316500	-3.246600	0.254100	5.360500	-4.083500	0.248800	0.119900	0.269300	6.711600	5.567600	2.023300	0.903600	-0.015400	0.073900	-1.694400	-1.739200	3.392200	3.476900	-1.153000	0.770400	2.921800	-0.105300	32.472700	33.858800	0.478500	0.412700	0.427100	0.428200	0.299300	0.274500	3.468100	3.393800	5.735600	4.590100	3.605100	3.831000	
GTGTT	-0.256200	-0.028900	0.034400	-6.595100	-9.505900	0.558800	5.158300	-5.444800	0.250000	0.119700	0.293700	7.346000	6.098000	2.304400	1.090100	0.280500	-0.466900	-1.478700	-1.529800	3.498400	3.406000	-1.066500	0.275700	5.428400	-2.180200	34.931800	35.058700	0.512500	0.485900	0.461900	0.349500	0.320700	0.222000	3.566300	3.111400	5.786800	4.449100	3.935900	3.521000	
GCTAA	-0.102800	-0.030500	0.036500	1.143000	-6.202700	-1.014000	5.853700	-6.967100	0.253700	0.119800	0.337800	7.222400	5.525200	3.793000	0.998500	-0.234900	-0.121100	-1.755400	-1.305400	3.278600	3.335700	1.043100	1.442700	-1.776500	6.131400	31.083700	34.367000	0.435300	0.524200	0.403400	0.510200	0.259300	0.297100	3.220000	3.825400	4.776300	6.222800	3.368500	4.054400	
ACTTT	-0.147100	0.014900	0.072200	-8.590200	-11.496100	-0.249300	3.468200	-9.994700	0.251200	0.128700	0.330800	7.912900	6.163200	4.002500	1.300800	-0.303000	-0.256500	-1.879800	-1.249100	3.730800	3.256900	1.573300	1.713100	-3.730300	-5.651400	33.956500	37.194600	0.474100	0.508200	0.379400	0.407600	0.358500	0.279300	3.208500	3.266900	5.748000	6.118800	3.480300	3.766700	
GCAGC	0.091200	-0.030900	-0.061200	0.654300	-6.665600	-0.658000	5.704100	-6.678100	0.249700	0.127900	0.330100	7.152100	5.480000	3.670600	0.915200	-0.303700	0.248500	-1.429800	-1.729500	3.380900	3.323900	0.658300	-2.204600	4.458100	-1.585800	34.347200	31.020800	0.500300	0.426700	0.442800	0.391500	0.294800	0.259500	3.557000	3.114300	5.619400	4.659400	3.784100	3.290700	
TCCGG	0.257000	-0.039700	0.061800	-0.719000	-3.318600	0.270100	5.323900	-4.250700	0.249200	0.118400	0.270300	6.790100	5.573300	2.061000	0.883400	-0.069400	0.016400	-1.750400	-1.633200	3.452700	3.310000	-0.764100	-0.009200	-0.172100	2.116700	33.756600	32.669400	0.410500	0.491900	0.424100	0.423400	0.277400	0.282100	3.397700	3.469000	4.703400	5.744600	3.852400	3.584900	
GGGCG	-0.299000	-0.039400	0.012800	0.482200	-2.596200	0.435500	4.941600	-4.298500	0.240000	0.120000	0.267900	7.060100	5.325900	2.070000	0.869800	0.047000	-0.067200	-1.795000	-1.615400	3.370100	3.429300	0.344400	-0.250400	-1.730600	-1.557400	33.672700	36.573500	0.381800	0.392700	0.401800	0.394000	0.247400	0.212200	3.063100	3.130000	4.523800	4.306700	3.729500	3.787300	
ATTTT	-0.167500	-0.002700	-0.075200	-8.742600	-15.346400	-1.626000	3.704000	-10.497900	0.257000	0.129500	0.357700	8.840900	7.144400	4.658600	1.301900	-0.111200	0.008300	-1.247800	-1.089600	3.512500	3.294600	1.272000	0.986700	-3.872900	-4.685900	37.850000	37.487400	0.524100	0.546500	0.443300	0.422900	0.381700	0.290000	3.411600	3.299200	5.802800	5.776000	3.957300	3.836900	
ATCGA	0.264100	-0.038500	-0.091200	3.717600	-7.113000	0.495700	5.254500	-4.501100	0.249200	0.114200	0.294300	7.905000	5.945900	2.144300	0.951600	0.233600	-0.024200	-1.561000	-1.631300	3.420000	3.557100	-0.962000	-0.011800	0.049100	6.024100	35.671900	33.013900	0.465000	0.500100	0.453500	0.424200	0.296400	0.349300	3.854600	3.729300	5.004300	5.837000	4.146100	3.623200	
CTTAA	-0.101900	-0.022700	-0.161500	2.499300	-9.796500	-1.197900	5.653000	-7.370600	0.250100	0.113100	0.350900	8.308300	5.815200	3.892200	1.079000	0.088300	-0.024500	-1.286100	-1.240500	3.140000	3.419300	1.336500	0.192600	-3.148600	7.442200	34.885500	34.504800	0.483300	0.546100	0.412700	0.593500	0.244900	0.322400	3.389600	3.872000	4.967100	6.142800	3.727600	4.133700	
CTCCT	0.313000	-0.049400	-0.077400	0.920800	-4.690000	0.422900	4.692800	-4.669600	0.239600	0.119500	0.287400	7.212100	5.663100	2.125100	0.880300	0.191600	-0.022600	-1.578100	-1.912700	3.379800	3.544800	-0.846700	-1.886400	-1.646200	-0.966000	35.852800	34.538900	0.441100	0.400300	0.428200	0.379600	0.285100	0.278000	3.652100	3.288700	4.983100	5.063700	3.978900	3.782700	
CCGGC	-0.255400	-0.039700	0.028800	-0.726000	-3.654800	0.295300	5.366500	-4.016600	0.249200	0.119700	0.268800	6.741900	5.514900	2.049000	0.863200	-0.018000	0.128600	-1.623500	-1.785600	3.324900	3.380100	0.194600	0.681600	2.386200	-0.659600	32.589500	33.255400	0.489200	0.398000	0.420000	0.411900	0.280400	0.255600	3.436000	3.234400	5.592200	4.471900	3.546000	3.743200	
CTAAG	0.099100	-0.024200	-0.206500	-1.285700	-10.482400	-1.052700	5.487000	-7.306800	0.249900	0.121900	0.342300	8.019700	5.737100	3.762900	0.961400	-0.065100	-0.076300	-1.458100	-1.268500	3.484400	3.156600	0.860700	-1.553200	8.235300	-3.076100	34.383100	35.012400	0.514400	0.476000	0.407600	0.399300	0.316900	0.242000	3.957400	3.333200	6.186400	4.958900	3.829900	3.693500	
ACTAG	-0.114700	-0.026100	-0.056900	0.958100	-7.779100	-0.567100	5.387700	-7.103500	0.251000	0.130100	0.342400	7.691700	5.716200	3.815500	0.973700	-0.173200	-0.016700	-1.755700	-1.539700	3.487700	3.374700	1.566300	0.089100	-1.712700	6.146000	31.942000	34.784400	0.442500	0.495200	0.405400	0.384400	0.328100	0.316400	3.296100	3.980800	5.288000	6.252300	3.454900	3.725000	
CAACC	0.155300	-0.020200	0.066700	7.220200	-10.560800	-1.139700	4.795700	-7.793500	0.243000	0.120900	0.310900	7.677200	5.897500	3.616900	0.968200	0.004100	0.306200	-1.136400	-1.547600	3.121700	3.500600	-2.817700	-0.605000	-2.244200	-4.019300	33.441300	35.042100	0.463100	0.429300	0.384300	0.339800	0.238200	0.223700	3.164400	2.916700	4.765700	4.135300	3.459100	3.308700	
GTAAC	0.102600	-0.021200	-0.134400	0.670800	-10.751800	-1.163200	5.889400	-7.078700	0.249900	0.123200	0.342200	8.499900	5.829800	3.901200	1.001500	-0.142400	-0.118600	-1.365700	-1.215200	3.324800	3.152700	0.766500	-1.124500	5.565500	-2.404000	34.295400	34.655400	0.541100	0.487500	0.542500	0.412600	0.303400	0.251600	3.839500	3.325500	6.120600	4.865200	4.179500	3.732000	
GACCC	0.294600	-0.037500	-0.044900	3.951700	-5.260300	0.584000	4.459900	-4.711000	0.239700	0.119900	0.279500	6.973100	5.991600	2.137400	0.934200	0.240500	-0.036600	-1.630500	-1.859300	3.417400	3.475500	-1.134200	-0.785900	-3.178000	-1.682400	34.943200	34.311600	0.446600	0.387800	0.386700	0.382900	0.245900	0.271900	3.174100	3.204600	4.334500	4.774500	3.363000	3.803200	
GTTCG	-0.098500	-0.027500	-0.186400	-1.536100	-10.432200	-1.093300	5.137500	-7.630100	0.240400	0.120700	0.329900	8.227600	5.648500	3.654500	0.971800	0.077600	0.280900	-1.231900	-1.367400	3.167900	3.334900	1.512700	-1.258200	-2.874500	-0.092900	35.182100	35.953000	0.476900	0.479300	0.398000	0.481400	0.249300	0.264800	3.209900	3.619900	4.976700	4.595900	3.663400	4.267000	
GGATT	0.086800	-0.019800	-0.219500	-4.585100	-9.626300	-0.038700	4.262500	-8.180700	0.249900	0.123200	0.340200	7.458700	5.984200	3.843100	1.236500	-0.238100	-0.231800	-1.624800	-1.584400	3.476500	3.363600	1.359200	-1.022000	-1.307600	-6.604700	36.721700	33.828400	0.443300	0.486100	0.449200	0.370900	0.310100	0.249800	3.663000	2.935600	5.273300	4.982700	4.101600	3.264200	
CTTTA	-0.152100	-0.029500	-0.112500	-6.168400	-12.774200	-1.735400	4.726500	-8.026800	0.243800	0.115500	0.319000	8.011200	5.864000	3.672700	1.062100	-0.073600	0.238200	-1.271000	-1.073000	3.251200	3.192100	1.521000	1.150000	-3.501300	-1.507600	36.174300	35.698000	0.486500	0.512100	0.391900	0.437200	0.262200	0.256800	3.208800	3.301900	5.355600	4.961500	3.651200	3.819800	
AAAGA	0.129700	0.015700	0.067700	11.343900	-11.374900	-0.317400	4.139500	-8.823300	0.250200	0.129100	0.325200	7.963700	6.132800	4.008200	1.233000	0.188700	0.310200	-1.219300	-1.828900	3.210600	3.643200	-1.983300	-1.615400	-5.183200	-1.796300	37.161500	33.161500	0.503800	0.492900	0.401800	0.384800	0.273100	0.336600	3.251000	3.313000	6.028000	5.433300	3.783800	3.476000	
AAGGT	-0.275600	-0.020300	0.132100	3.831900	-1.554700	0.541800	3.857100	-4.179500	0.244900	0.123900	0.269100	6.538800	5.856700	2.111600	1.123600	0.439300	-0.005200	-1.897200	-1.938600	3.589300	3.755700	-2.493200	2.182700	-3.290200	-2.865200	33.041400	36.020300	0.478500	0.402800	0.362800	0.366400	0.307800	0.330400	3.117800	3.236900	5.823300	5.323900	3.336200	3.922100	
CAAGC	0.136400	-0.031300	0.034200	5.632300	-8.753200	-1.278500	4.932900	-7.574900	0.248400	0.119600	0.310100	7.397400	5.649300	3.598000	0.954300	0.006700	0.331300	-1.197100	-1.804000	3.128600	3.434200	-2.532800	-1.723700	-2.357000	-1.867400	34.841300	32.009800	0.462200	0.434700	0.385400	0.377300	0.245900	0.277500	3.182700	3.042600	5.032200	4.808700	3.660100	3.319700	
AATGC	-0.096200	-0.011800	-0.193300	4.589600	-9.571100	-0.146600	4.760500	-7.754400	0.250300	0.122200	0.342600	7.417300	6.067500	3.957200	1.199600	0.224700	0.373700	-1.540000	-1.541600	3.348200	3.585600	0.919300	-1.490300	-6.509100	4.322900	33.502100	35.081200	0.508400	0.517500	0.382200	0.438800	0.253300	0.336800	2.993800	3.554600	5.296100	5.862000	3.349800	3.711300	
CCCAT	0.271700	-0.038500	0.094800	-1.439500	-2.545200	0.284500	5.225700	-4.597500	0.249600	0.119900	0.270600	6.821400	5.687500	2.069200	0.894300	-0.106500	-0.381300	-1.834200	-1.551200	3.350800	3.481900	-0.419200	2.252900	-2.218900	4.244200	33.270000	34.690700	0.395400	0.520300	0.398900	0.449700	0.249900	0.329300	3.149300	3.625000	4.738500	5.791100	3.695700	3.739800	
GCTCC	-0.077600	-0.021900	-0.076200	-0.322600	-6.047200	-0.205800	5.049300	-7.414000	0.241600	0.129100	0.328600	7.306200	5.441900	3.644400	0.915600	-0.211600	0.176000	-1.781400	-1.552300	3.335200	3.298800	1.738900	-0.478000	-2.570400	-1.502600	31.236800	35.824500	0.418300	0.434500	0.383200	0.439700	0.265800	0.263800	3.119400	3.499300	4.730600	4.984000	3.269900	4.076600	
CTAAA	0.087300	-0.021200	-0.196300	0.716300	-11.231500	-1.077600	5.798000	-7.350000	0.250900	0.114900	0.342900	8.611200	5.746000	3.947300	1.021800	-0.110300	-0.301300	-1.369700	-1.032800	3.471000	3.146200	0.936400	-0.963400	8.036900	-1.765000	34.268700	35.697200	0.526000	0.514800	0.475600	0.431600	0.318700	0.242600	3.958900	3.311300	6.213600	4.804700	3.995100	3.841900	
TGTCG	-0.107900	-0.022000	0.051900	-3.937800	-8.191900	-0.778200	5.284300	-7.231300	0.248600	0.128600	0.329000	8.284300	5.565100	3.690500	0.987600	-0.259500	0.189000	-1.593500	-1.296000	3.360500	3.196400	0.930000	0.037100	-2.173000	-1.452300	34.651400	36.178000	0.475000	0.462400	0.376000	0.454300	0.234600	0.251600	3.160200	3.532000	4.370200	4.634200	3.505300	4.149600	
AGACC	0.086600	-0.019300	-0.087100	4.285700	-7.963300	0.171000	4.713100	-7.618200	0.249900	0.131200	0.336600	7.745500	5.641500	3.647700	1.008500	-0.128100	0.233500	-1.520400	-1.642100	3.372900	3.420700	2.172500	-1.154400	-1.671800	-3.264700	36.194600	34.816400	0.442200	0.440500	0.454000	0.381400	0.275200	0.232700	3.530000	3.098500	4.957600	4.388800	4.091400	3.339700	
GCTTG	-0.136400	-0.031300	0.034200	-5.632300	-8.753200	-1.278500	4.932900	-7.574900	0.248400	0.119600	0.310100	7.397400	5.649300	3.598000	0.954300	-0.331300	-0.006700	-1.804000	-1.197100	3.434200	3.128600	1.723700	2.532800	-1.867400	-2.357000	32.009800	34.841300	0.434700	0.462200	0.377300	0.385400	0.277500	0.245900	3.042600	3.182700	4.808700	5.032200	3.319700	3.660100	
CGGCC	-0.266800	-0.036000	0.050000	0.512700	-2.824800	0.321100	4.976600	-4.142000	0.240000	0.120200	0.268700	6.742300	5.272500	2.038600	0.852500	0.118900	0.041900	-1.784400	-1.618800	3.367000	3.406900	0.302500	0.208200	-1.188300	-1.962800	33.584500	36.728900	0.397200	0.382100	0.409400	0.396700	0.245200	0.207700	3.157400	2.998700	4.512300	4.224700	3.731900	3.765700	
CACCT	0.294100	-0.039800	-0.068300	4.868700	-6.451500	0.560400	4.411400	-4.566200	0.240100	0.119800	0.278500	7.230800	6.090700	2.162500	1.013100	0.365700	0.015500	-1.542100	-1.953300	3.417800	3.657300	-0.767100	-1.867900	-3.283500	-1.390100	34.524200	35.741700	0.452000	0.396000	0.379200	0.367900	0.232300	0.296500	3.109300	3.216500	4.430600	5.204600	3.356400	3.924900	
GTCCT	0.309400	-0.049100	-0.051800	0.401200	-5.509200	0.367100	4.814700	-4.828300	0.240000	0.119900	0.284600	7.321700	5.595600	2.142400	0.909700	0.170300	-0.014800	-1.523700	-1.890700	3.336900	3.533200	-0.856800	-1.886300	-1.357100	-0.845300	35.647200	34.644900	0.440700	0.403000	0.439700	0.394900	0.279700	0.277500	3.648100	3.285900	4.938600	4.890400	4.048800	3.863900	
ATACT	0.111900	-0.025100	-0.024600	0.866600	-8.360700	-0.393400	5.299500	-7.313300	0.250200	0.130800	0.343900	8.101200	5.789400	3.700800	1.115500	0.054900	0.226000	-1.496500	-1.734700	3.497800	3.477500	-0.465900	-1.561900	5.996500	-3.261900	34.385600	35.316700	0.498300	0.449700	0.414700	0.394300	0.335600	0.247300	3.917600	3.134400	6.599200	4.924500	3.838000	3.443300	
TCTAT	-0.093400	-0.026900	-0.002800	-1.447500	-7.221500	-0.783000	5.727900	-7.042800	0.250300	0.124200	0.336500	7.723500	5.566300	3.738300	1.026500	-0.170600	-0.050500	-1.742000	-1.506400	3.351800	3.488500	1.768300	0.627300	-0.888600	6.622300	31.917100	34.572800	0.448800	0.509000	0.416300	0.407400	0.289300	0.337500	3.294500	3.921600	4.782200	6.540600	3.464300	3.853100	
GTGAA	-0.264200	-0.041100	0.070200	0.244700	-6.248700	0.207100	5.925500	-5.123700	0.249900	0.115600	0.300400	7.726300	5.677400	2.190100	1.032100	0.262200	-0.292600	-1.353500	-1.425400	3.345300	3.323300	-1.367100	1.976700	4.514600	0.641700	34.303900	35.136800	0.515900	0.486500	0.516600	0.487200	0.323800	0.263800	3.602600	3.688400	5.470000	4.678300	3.869100	4.434800	
CAATA	0.133800	-0.028500	-0.008700	2.806000	-9.715200	-1.528300	5.014400	-7.777600	0.249900	0.120100	0.320500	7.642900	6.067300	3.775100	1.089400	-0.143100	0.124500	-1.160800	-1.564900	3.168000	3.281500	-2.698100	0.454800	-2.035700	-3.518100	34.917400	33.033300	0.471300	0.513000	0.410600	0.360300	0.248100	0.245700	3.231100	2.985900	4.835000	4.354200	3.837400	3.267200	
CCAAT	0.094500	-0.026400	-0.320900	-3.522200	-10.623200	-0.914600	5.312200	-7.231700	0.250200	0.114400	0.344100	8.136200	5.761800	3.747400	0.943400	-0.461100	-0.149000	-1.416800	-1.187100	3.420600	3.169700	2.971600	-2.538500	5.496900	-2.231900	34.319700	34.901400	0.500300	0.473800	0.454500	0.417000	0.297400	0.263400	3.544800	3.296900	5.440800	4.793900	3.695800	3.692400	
GGGTT	-0.307500	-0.038500	-0.113600	-5.738600	-7.907100	0.992000	4.061900	-4.636600	0.240000	0.117500	0.279900	7.122200	6.145400	2.260600	1.020400	-0.013100	-0.479100	-1.888300	-1.629600	3.600700	3.499200	1.187600	-0.097500	-1.441000	-4.152900	34.913100	36.074400	0.390300	0.428000	0.368100	0.354100	0.283700	0.239800	3.181100	3.026400	4.843600	4.673100	3.803600	3.400600	
TATAT	-0.079300	-0.018500	-0.089200	2.921300	-8.905000	-0.570500	5.774100	-6.963600	0.250000	0.133900	0.350000	7.836700	5.985600	3.880800	1.119600	0.049100	-0.011200	-1.515100	-1.565400	3.257500	3.562600	0.073800	0.561100	-2.662600	8.190400	32.501000	34.809300	0.525200	0.513800	0.374300	0.410600	0.235100	0.358400	3.031900	3.954700	4.520900	6.642300	3.197900	3.918100	
GCAAT	0.097500	-0.030000	-0.301100	-2.727800	-10.566600	-0.914300	5.157800	-7.530000	0.249600	0.111200	0.349500	8.280200	5.779400	3.718900	1.022700	-0.482200	-0.158400	-1.372500	-1.184300	3.509300	3.219700	2.076400	-2.372700	5.357100	-2.678600	34.737100	35.482200	0.503500	0.476900	0.470200	0.421500	0.320300	0.268300	3.603500	3.298700	5.720000	5.040900	3.763400	3.728000	
TATGC	-0.085400	-0.019700	-0.104900	2.215200	-7.899000	-0.661000	5.807500	-6.699600	0.250100	0.123900	0.341600	7.473600	5.783800	3.805400	1.065000	0.018800	0.383200	-1.484500	-1.417600	3.261000	3.457100	0.440400	-0.856700	-2.810600	5.130200	32.103800	34.783400	0.514000	0.509000	0.366400	0.450200	0.233900	0.317000	3.008700	3.523400	4.498000	5.626200	3.224300	3.807500	
CCTTC	-0.122500	-0.005600	0.040300	-6.741900	-7.623700	-0.551700	4.654100	-7.921700	0.241400	0.127000	0.309500	7.365000	5.685500	3.591800	1.021900	-0.353400	0.006100	-1.859300	-1.256200	3.373400	3.152600	2.219600	2.568300	-3.077700	-2.965700	31.970300	35.292800	0.435600	0.463700	0.375400	0.405100	0.266800	0.256100	3.056900	3.199900	5.119900	5.120900	3.321200	3.737800	
ATTCA	-0.102200	-0.029900	-0.242000	0.095200	-10.702400	-1.110300	5.151300	-7.679700	0.248700	0.111900	0.342600	8.345400	5.650500	3.676300	1.079600	0.166000	0.258500	-1.220400	-1.477700	3.226700	3.391700	2.003600	-2.281600	-2.697600	0.468300	36.047000	36.096000	0.484100	0.476200	0.431100	0.476200	0.272000	0.279100	3.328200	3.712300	5.077500	4.761000	3.808600	4.247700	
AACCT	0.290100	-0.039300	-0.109700	6.164500	-8.333500	0.867700	3.717000	-3.929500	0.240600	0.116900	0.278900	7.059400	6.189100	2.258200	1.074700	0.511600	-0.005800	-1.621800	-1.971300	3.505700	3.720800	0.420400	-2.245900	-5.091300	-2.060900	36.218000	35.880700	0.427500	0.395600	0.358200	0.356200	0.239200	0.303800	3.058400	3.217400	4.936300	5.434600	3.430400	3.876500	
TCCTA	0.253900	-0.023000	0.189300	-4.923000	-1.206100	0.183900	4.975600	-4.927700	0.249700	0.118400	0.260600	6.129300	5.230600	2.046300	0.930300	-0.072200	-0.296200	-1.846400	-1.784700	3.603300	3.341700	-2.044900	2.509000	-1.048200	-2.310100	34.586500	32.069200	0.396100	0.441000	0.398400	0.387200	0.278900	0.262800	3.276600	3.260300	4.794100	4.692800	3.851000	3.327300	
CTCCG	0.283100	-0.040600	-0.042000	0.927000	-5.200400	0.233600	5.002100	-4.563700	0.240000	0.119800	0.289500	7.322600	5.596900	2.130500	0.882600	0.177400	-0.053000	-1.585500	-1.765000	3.370700	3.430300	-1.148500	-0.692900	-1.505300	-0.531500	35.674400	34.027400	0.446400	0.411200	0.434800	0.419200	0.285600	0.266400	3.638200	3.321800	4.960400	4.536600	4.078700	3.857600	
AGTAC	-0.122100	-0.030500	0.039000	-0.146200	-8.309900	-0.756100	5.608300	-6.889800	0.250200	0.130800	0.346300	7.950000	5.750300	3.800400	1.072100	-0.254700	-0.022300	-1.683700	-1.451200	3.433200	3.312400	1.542400	0.264600	-2.733100	5.271800	34.970900	33.976000	0.466100	0.502700	0.386700	0.430500	0.240300	0.289600	3.106500	3.848000	4.709900	6.318300	3.467200	3.965600	
CCCGT	0.265600	-0.040500	0.019600	-0.023400	-3.329800	0.347200	4.984800	-4.184800	0.247400	0.119800	0.272800	6.976400	5.751900	2.040500	0.861500	-0.106700	-0.022700	-1.799300	-1.745600	3.350100	3.683000	-0.086100	0.985200	-2.177000	5.139300	33.453900	33.419500	0.395300	0.500400	0.408800	0.391900	0.248000	0.349500	3.155400	3.587700	4.708000	5.757300	3.650600	3.675300	
GAGTA	-0.257200	-0.021300	0.143100	0.274600	-3.215800	0.373300	4.763300	-5.027000	0.240900	0.119900	0.275300	6.809200	5.661800	2.109400	1.114600	0.142300	-0.265300	-1.806500	-1.722500	3.400400	3.521100	-2.972800	2.046200	-1.280100	-2.751900	32.090400	35.307800	0.451500	0.468700	0.389200	0.387100	0.294600	0.259300	3.227000	3.191800	4.880000	4.749000	3.418100	3.490400	
GCGTC	-0.259900	-0.025100	-0.030800	-4.941300	-7.441700	0.641800	5.092000	-4.606200	0.240600	0.120200	0.282200	7.503800	6.044500	2.144500	0.999200	-0.050400	-0.234400	-1.733300	-1.525000	3.602900	3.357100	-0.201000	0.773700	4.400900	-2.312500	32.938900	34.302800	0.477400	0.477200	0.404200	0.376600	0.337100	0.232900	3.493600	3.164300	5.775400	4.277400	3.579500	3.440300	
TAAAC	0.146400	-0.029700	-0.094800	8.001900	-13.239000	-1.911200	5.103200	-7.906200	0.241800	0.113100	0.310900	8.106100	5.791900	3.675100	1.063400	-0.293000	0.061900	-1.029000	-1.185300	3.167000	3.230000	-1.165400	-1.187000	-1.171300	-2.571300	35.706300	35.903200	0.519000	0.478900	0.434800	0.379800	0.252400	0.258900	3.270100	3.173400	4.797700	4.929700	3.843200	3.649000	
TTCTT	0.266000	-0.031800	0.116400	-3.715200	-3.534000	0.112600	4.626400	-5.778100	0.244100	0.117400	0.282800	6.888000	5.699400	2.187500	1.125000	0.321000	-0.302100	-1.502600	-1.805000	3.447600	3.532800	-3.170800	2.158900	-1.129400	-2.137300	36.758700	33.112500	0.463000	0.495600	0.486100	0.393800	0.291000	0.311600	3.583000	3.268300	5.078100	5.259400	4.263900	3.514700	
GTTGA	-0.095000	-0.029300	-0.178500	-2.256400	-10.345200	-1.474000	5.677700	-7.090600	0.250200	0.118800	0.340300	9.132300	5.907800	3.847500	1.023500	0.016500	0.423400	-1.180000	-1.168900	3.138100	3.482000	1.724100	-1.231100	-2.612300	6.956600	34.383500	34.689800	0.472300	0.510900	0.387600	0.575200	0.247100	0.326000	3.192400	3.588500	4.750200	5.588400	3.672200	3.974300	
ATGAT	-0.283800	-0.041200	-0.032900	-2.697200	-6.292000	0.396900	4.840200	-5.497800	0.249900	0.111900	0.307500	8.283400	6.243500	2.168700	1.109000	0.307800	-0.267600	-1.599100	-1.611700	3.617500	3.440100	-1.480700	1.499500	5.097900	-1.045000	34.884300	35.729500	0.542600	0.461200	0.462900	0.456400	0.368100	0.310900	3.847700	3.902900	6.326100	5.142600	3.769000	4.169700	
CGCTG	0.236600	-0.028200	0.163900	-3.542100	-1.813100	0.181200	5.144100	-4.748100	0.245200	0.120200	0.260600	6.702200	5.183900	2.064900	0.931100	0.009900	-0.248500	-1.675300	-1.722900	3.441800	3.332900	-1.069900	2.918400	-1.758800	-0.883400	36.945900	31.487400	0.391300	0.436300	0.400200	0.384200	0.215900	0.266400	3.071500	3.100300	4.309200	4.538200	3.857500	3.332900	
TGTGG	-0.110100	-0.028500	0.017400	-2.453400	-7.606200	-0.768900	5.750700	-6.695500	0.250200	0.130900	0.333800	8.311800	5.806100	3.845200	0.964200	-0.231100	0.317900	-1.533200	-1.275100	3.309100	3.205500	1.199700	-1.309900	-1.929200	2.697800	33.740700	34.505500	0.493100	0.509100	0.389700	0.494400	0.229800	0.279100	3.205800	3.485600	4.448600	5.533700	3.474700	3.793200	
TGATG	0.100000	-0.020500	-0.098800	-2.251400	-8.099900	-0.834000	5.284200	-7.360200	0.250100	0.120300	0.339700	7.654900	5.797500	3.747900	1.039900	-0.244200	-0.034000	-1.545500	-1.477800	3.352200	3.248400	0.958100	0.222000	-0.308300	-3.336500	36.121300	32.115100	0.471500	0.499100	0.466900	0.363200	0.284200	0.224400	3.666300	2.941900	4.886300	4.211000	4.269500	3.201900	
CCTAT	-0.088600	-0.023400	-0.009300	-1.797000	-6.904200	-0.574600	5.512400	-7.119100	0.249800	0.129300	0.334300	7.612500	5.615000	3.708700	0.985700	-0.239000	-0.078400	-1.783800	-1.510400	3.263100	3.472800	1.942500	0.773500	-2.441600	6.131300	31.438500	34.563300	0.435100	0.500900	0.387400	0.404100	0.259100	0.343200	3.204700	3.932200	4.807300	6.544100	3.316900	3.821100	
GGGAG	-0.319500	-0.050200	-0.105800	-0.947500	-4.469000	0.514600	4.904500	-3.962700	0.239700	0.120100	0.289000	7.513600	5.666600	2.143900	0.879500	-0.002800	-0.204700	-1.879900	-1.602600	3.478500	3.384400	0.898900	1.100300	-0.820100	-1.377500	33.694600	35.636200	0.390000	0.439300	0.388200	0.430900	0.270200	0.289800	3.246800	3.619200	4.575000	5.054600	3.727300	4.024400	
AGTAA	-0.122500	-0.025800	0.056500	0.219700	-7.468600	-0.678000	5.393000	-7.475300	0.252000	0.120300	0.346700	7.872300	5.736600	3.855000	1.150200	-0.235200	-0.144900	-1.715100	-1.347600	3.435900	3.356800	1.271900	1.328600	-3.271800	6.447900	34.967500	34.000300	0.461200	0.530700	0.394200	0.496700	0.240400	0.303500	3.117700	3.870200	4.879300	6.227600	3.464900	4.011800	
CTCTG	0.249700	-0.027400	0.095300	-2.658000	-2.986800	0.211900	5.134900	-5.060700	0.248700	0.121200	0.281100	7.027400	5.528200	2.102000	0.959300	0.173600	-0.254500	-1.718300	-1.740300	3.467200	3.376000	-2.432900	2.680200	-0.003300	-0.176800	35.458500	31.575000	0.451300	0.450600	0.439100	0.397700	0.293100	0.282400	3.625200	3.214800	5.064000	4.792200	4.159400	3.368400	
AGTGA	-0.114300	-0.027100	-0.036700	-0.269600	-7.036700	-0.339300	5.287900	-7.217700	0.250100	0.121500	0.339100	7.997400	5.781700	3.790100	1.025000	-0.268600	0.213100	-1.720300	-1.442200	3.437700	3.442100	1.516100	-0.261100	-3.574400	4.820700	34.475400	34.362900	0.466000	0.510900	0.406400	0.491200	0.243800	0.325400	3.064700	3.606700	4.766600	5.722300	3.515600	3.821800	
AACCG	0.265600	-0.030000	-0.046800	5.796200	-8.315800	0.593000	4.342400	-4.968900	0.241100	0.118500	0.280800	7.052800	6.011800	2.235600	1.004100	0.463100	-0.033200	-1.598100	-1.817600	3.452100	3.528700	-0.004000	-1.014300	-3.777600	-0.558200	35.803600	34.919400	0.448200	0.411300	0.358200	0.401600	0.236200	0.278300	3.018300	3.275400	4.706200	4.679500	3.481500	3.894700	
GGGAC	-0.318500	-0.049800	-0.084600	-0.964600	-5.264600	0.494500	4.931900	-4.704800	0.240000	0.119900	0.288300	7.572600	5.619500	2.139300	0.874000	-0.026100	-0.180400	-1.807800	-1.536900	3.444600	3.336400	0.840800	0.970700	-0.824700	-1.069800	33.881400	35.554400	0.400800	0.441300	0.409700	0.448400	0.268400	0.281100	3.246900	3.617000	4.504300	4.883700	3.801600	4.114300	
AGGGA	-0.308800	-0.045300	0.020300	1.344300	-1.848700	0.399200	4.639100	-2.901800	0.239800	0.120300	0.266100	6.548700	5.471800	2.071100	0.881200	0.072500	0.014600	-1.942500	-1.867800	3.479600	3.508000	1.086500	1.109900	-2.280500	-1.121800	34.251200	33.957500	0.376800	0.389000	0.375700	0.390200	0.253300	0.272900	3.122200	3.291100	5.025600	4.708500	3.686100	3.730700	
CCCTT	0.286700	-0.017400	0.127900	-5.412900	-0.377300	0.521500	4.447400	-4.793900	0.241000	0.130100	0.267100	6.351100	5.466700	2.103000	0.963400	-0.105800	-0.419200	-1.936300	-1.875200	3.459100	3.490300	-1.063500	2.381700	-2.856700	-3.218800	34.035600	32.707200	0.384900	0.469300	0.381100	0.371300	0.247500	0.294600	3.089400	3.092300	5.160100	5.613800	3.702700	3.402700	
AGAAC	0.069000	-0.029800	-0.236600	1.808400	-10.575000	-0.649700	4.839400	-7.887100	0.240300	0.118600	0.329500	8.446500	5.710300	3.680100	0.991800	-0.339400	-0.119300	-1.517300	-1.252000	3.457500	3.221900	2.922000	-2.067400	-1.095300	-3.085000	36.324000	35.367400	0.462400	0.465100	0.494600	0.393900	0.284500	0.258200	3.563000	3.187400	4.739400	4.955600	4.304000	3.640500	
CGTAA	-0.114400	-0.029400	0.091100	-0.610800	-7.754600	-0.974800	6.092200	-6.790700	0.256100	0.119500	0.338200	8.196400	5.581100	3.882700	1.040100	-0.198800	-0.119400	-1.514200	-1.244000	3.307600	3.291200	0.210300	1.496900	-2.251200	6.401100	34.282800	34.251700	0.491700	0.541600	0.386100	0.554300	0.220700	0.301300	3.204100	3.850300	4.314200	6.131300	3.431400	4.150100	
ATAAT	0.099000	-0.020600	-0.240500	-1.550500	-11.363000	-0.955400	5.294000	-7.712500	0.249900	0.118500	0.352800	8.751300	5.843900	3.826300	1.102200	-0.098900	-0.166200	-1.456500	-1.222500	3.562100	3.210700	1.294700	-1.821400	7.879100	-2.491300	34.957000	35.798500	0.527500	0.494400	0.441600	0.435000	0.361700	0.274500	3.947500	3.376900	6.571100	5.375600	3.990100	3.760700	
ATGTG	-0.278700	-0.035800	-0.012400	-7.206500	-8.526800	0.446700	5.117200	-5.063200	0.250000	0.121400	0.291100	7.875000	6.201800	2.228800	1.084600	0.329200	-0.444000	-1.521200	-1.499100	3.685500	3.388500	-1.379100	0.496800	6.399600	-2.216700	35.897400	34.533800	0.538400	0.499500	0.446300	0.368900	0.381200	0.237500	3.793300	3.217900	6.040900	4.366000	3.931800	3.413100	
AAGCA	-0.259700	-0.019600	0.178500	4.101400	-1.485900	0.302300	4.646600	-5.053500	0.240700	0.119900	0.260500	6.403100	5.194900	2.080200	1.072100	0.320500	-0.012700	-1.786000	-1.715700	3.439800	3.476800	-2.077200	0.597900	-3.392500	-3.093000	32.890400	37.432100	0.457400	0.388800	0.383300	0.390800	0.282800	0.228500	3.081500	3.075200	5.313700	4.842200	3.407900	3.874100	
ATAGG	0.088600	-0.023400	-0.009300	1.797000	-6.904200	-0.574600	5.512400	-7.119100	0.249800	0.129300	0.334300	7.612500	5.615000	3.708700	0.985700	0.078400	0.239000	-1.510400	-1.783800	3.472800	3.263100	-0.773500	-1.942500	6.131300	-2.441600	34.563300	31.438500	0.500900	0.435100	0.404100	0.387400	0.343200	0.259100	3.932200	3.204700	6.544100	4.807300	3.821100	3.316900	
TATCA	-0.093600	-0.019000	-0.047000	2.536100	-7.386200	-0.702700	5.416200	-7.253300	0.250100	0.120200	0.343200	7.627300	5.822900	3.782700	1.115000	0.028600	0.239700	-1.505600	-1.525200	3.243700	3.320500	0.222000	-0.526800	-3.065500	-0.807200	32.280300	36.194700	0.507800	0.466000	0.361600	0.464700	0.232300	0.282600	2.966900	3.706900	4.328700	4.871100	3.198400	4.272000	
CTGTC	-0.268500	-0.029700	0.041900	-4.599100	-6.708100	0.518800	5.219300	-5.156800	0.250000	0.120500	0.289900	7.435800	5.990900	2.199300	0.978800	0.290800	-0.259100	-1.573900	-1.527800	3.550900	3.375600	-1.380300	1.130200	5.278700	-2.314600	34.646500	34.476200	0.517200	0.483900	0.433600	0.379100	0.331500	0.238300	3.764400	3.200800	5.744500	4.339100	3.834500	3.474900	
TTTAG	-0.087300	-0.021200	-0.196300	-0.716300	-11.231500	-1.077600	5.798000	-7.350000	0.250900	0.114900	0.342900	8.611200	5.746000	3.947300	1.021800	0.301300	0.110300	-1.032800	-1.369700	3.146200	3.471000	0.963400	-0.936400	-1.765000	8.036900	35.697200	34.268700	0.514800	0.526000	0.431600	0.475600	0.242600	0.318700	3.311300	3.958900	4.804700	6.213600	3.841900	3.995100	
CCTGT	-0.086700	-0.028900	-0.076400	-1.693300	-6.832100	-0.445500	5.263100	-7.039800	0.251300	0.127800	0.339200	7.736700	5.676200	3.784000	0.944900	-0.272500	0.239300	-1.765100	-1.477800	3.293300	3.564100	2.407900	-0.115800	-3.002400	5.214500	31.320900	34.839100	0.430800	0.511100	0.384200	0.451700	0.252800	0.326300	3.137000	3.643700	4.724100	5.693500	3.229800	3.886100	
GTTGT	-0.086700	-0.027900	-0.232200	-2.140700	-11.428000	-1.367700	5.512700	-7.246300	0.249900	0.116100	0.340200	9.219500	6.006600	3.857200	1.069800	-0.004200	0.479300	-1.183600	-1.250600	3.158900	3.669600	1.945900	-0.988800	-2.380100	7.056500	34.714300	35.391600	0.471100	0.513300	0.385300	0.530100	0.251700	0.350200	3.212200	3.608900	4.765700	5.664100	3.618900	4.086300	
TCCGC	0.250000	-0.039300	0.078900	-1.316500	-3.246600	0.254100	5.360500	-4.083500	0.248800	0.119900	0.269300	6.711600	5.567600	2.023300	0.903600	-0.073900	0.015400	-1.739200	-1.694400	3.476900	3.392200	-0.770400	1.153000	-0.105300	2.921800	33.858800	32.472700	0.412700	0.478500	0.428200	0.427100	0.274500	0.299300	3.393800	3.468100	4.590100	5.735600	3.831000	3.605100	
TGGAT	-0.282900	-0.041500	-0.047300	-1.406500	-5.722900	0.287600	4.963500	-4.467900	0.240400	0.119500	0.290600	7.431200	5.710600	2.129100	0.947300	0.050300	-0.204900	-1.797000	-1.614300	3.471200	3.468100	1.268400	1.514700	-0.698500	-0.384300	34.241900	36.231700	0.411600	0.457600	0.416500	0.448800	0.279900	0.311000	3.348400	3.767300	4.719300	5.054300	3.893200	4.151100	
CTACA	0.112400	-0.030700	0.089000	2.187500	-7.966000	-0.975600	5.872800	-6.943000	0.250100	0.129200	0.333700	8.115400	5.582500	3.808700	1.011400	-0.007000	0.243300	-1.382500	-1.560600	3.305000	3.327400	-0.522300	-0.720200	5.976700	-2.170500	34.472000	34.609400	0.510000	0.493300	0.435100	0.388100	0.300600	0.227000	3.912500	3.191400	6.242800	4.428800	3.970500	3.446000	
GTACT	0.122100	-0.030500	0.039000	0.146200	-8.309900	-0.756100	5.608300	-6.889800	0.250200	0.130800	0.346300	7.950000	5.750300	3.800400	1.072100	0.022300	0.254700	-1.451200	-1.683700	3.312400	3.433200	-0.264600	-1.542400	5.271800	-2.733100	33.976000	34.970900	0.502700	0.466100	0.430500	0.386700	0.289600	0.240300	3.848000	3.106500	6.318300	4.709900	3.965600	3.467200	
AGTAG	-0.122900	-0.025200	0.007500	-1.670300	-8.108600	-0.485600	5.314500	-7.302500	0.250100	0.129000	0.341500	8.023400	5.732800	3.729800	1.081000	-0.252500	-0.036000	-1.718500	-1.476300	3.454500	3.374400	1.508600	0.230100	-3.138000	6.252200	35.001600	33.931600	0.457500	0.494400	0.386100	0.396800	0.241200	0.309300	3.109000	3.919200	4.737700	6.177000	3.442500	3.771200	
GCGCT	-0.243600	-0.029900	0.015500	-1.395400	-3.780200	0.431800	5.211300	-4.185500	0.240200	0.119900	0.269200	6.980700	5.494000	2.012600	0.963800	0.019900	0.011100	-1.699000	-1.650900	3.429200	3.455000	-0.478300	-1.203200	2.915700	-1.964800	32.151200	36.812200	0.457500	0.391700	0.405100	0.394500	0.300300	0.215100	3.368100	2.988600	5.695900	4.558000	3.449700	3.776700	
ATGGT	-0.266100	-0.043500	0.055200	-0.910600	-4.365100	0.264600	5.029700	-4.880600	0.250100	0.118300	0.275200	7.064800	5.912000	2.055800	0.970400	0.388800	0.055000	-1.598800	-1.814300	3.562900	3.574000	-2.383700	1.353100	4.680300	-1.060500	34.869700	34.953200	0.522800	0.415600	0.437400	0.414800	0.337600	0.295900	3.661700	3.320700	5.926100	4.771700	3.710400	3.891600	
ACCAT	0.266100	-0.043500	0.055200	0.910600	-4.365100	0.264600	5.029700	-4.880600	0.250100	0.118300	0.275200	7.064800	5.912000	2.055800	0.970400	-0.055000	-0.388800	-1.814300	-1.598800	3.574000	3.562900	-1.353100	2.383700	-1.060500	4.680300	34.953200	34.869700	0.415600	0.522800	0.414800	0.437400	0.295900	0.337600	3.320700	3.661700	4.771700	5.926100	3.891600	3.710400	
ATTGT	-0.090100	-0.029100	-0.316400	1.681900	-11.920700	-0.887000	5.052400	-7.600800	0.249600	0.111500	0.349400	8.867400	5.942800	3.802400	1.058200	0.141200	0.457300	-1.188500	-1.436700	3.229100	3.726500	2.443100	-1.418100	-2.223400	6.812400	35.477000	35.291700	0.480300	0.515500	0.415700	0.468900	0.271000	0.359600	3.285000	3.681100	5.080900	5.620400	3.764300	3.949200	
CCGGA	-0.257000	-0.039700	0.061800	0.719000	-3.318600	0.270100	5.323900	-4.250700	0.249200	0.118400	0.270300	6.790100	5.573300	2.061000	0.883400	-0.016400	0.069400	-1.633200	-1.750400	3.310000	3.452700	0.009200	0.764100	2.116700	-0.172100	32.669400	33.756600	0.491900	0.410500	0.423400	0.424100	0.282100	0.277400	3.469000	3.397700	5.744600	4.703400	3.584900	3.852400	
GAACC	0.148700	-0.017000	0.052300	8.474200	-10.170200	-0.863800	4.500000	-8.194300	0.240200	0.121700	0.308000	7.414800	5.779300	3.602600	1.011700	-0.084500	0.364900	-1.117100	-1.613400	3.152700	3.441900	-2.492700	-0.434500	-3.320600	-3.681700	35.265100	35.337400	0.472200	0.440800	0.402300	0.365200	0.253400	0.230500	3.184500	2.966600	4.918400	4.442900	3.648700	3.366100	
GGCAA	0.246200	-0.031500	0.096600	0.980300	-3.067200	0.284500	5.335000	-5.130200	0.250000	0.110600	0.274400	7.052000	5.583600	2.052300	0.997500	-0.041400	-0.504100	-1.592800	-1.234700	3.390800	3.334800	-0.334000	2.242700	-1.781600	4.132600	36.201000	34.339200	0.411800	0.507200	0.406500	0.528800	0.208800	0.298600	3.085300	3.498900	4.301300	5.570700	3.871200	3.859000	
CTGTA	-0.272600	-0.030400	0.090400	-3.926400	-6.410900	0.445900	5.463700	-4.834500	0.250100	0.121200	0.291400	7.459000	5.863000	2.211900	1.012300	0.285200	-0.324300	-1.511700	-1.528800	3.489100	3.383400	-1.584900	0.659600	5.126600	-1.710400	34.734000	34.607300	0.514200	0.504200	0.445800	0.379100	0.330200	0.246500	3.725500	3.246600	5.627200	4.468000	3.920500	3.427300	
GAGCG	-0.247800	-0.021500	0.161800	3.623700	-1.276700	0.259000	5.019000	-4.799000	0.240900	0.120000	0.259100	6.524700	5.065400	2.048500	0.934700	0.132500	-0.022200	-1.755300	-1.676600	3.323100	3.455000	-2.789100	0.959700	-1.045900	-1.859400	31.748900	36.983600	0.436200	0.387800	0.380200	0.396400	0.271000	0.217900	3.151100	3.063400	4.701000	4.409100	3.316800	3.803100	
GTCAG	0.276900	-0.039800	0.015800	1.214700	-6.402500	0.276100	5.699200	-4.871600	0.250000	0.119700	0.296700	7.860700	5.687700	2.163200	0.938200	0.197300	-0.271000	-1.515200	-1.474200	3.309700	3.464400	-0.928500	1.455800	-0.726400	5.939800	34.784000	34.252500	0.457000	0.521800	0.452500	0.464000	0.273500	0.330400	3.684500	3.770200	4.685400	5.494900	4.156500	3.796100	
TAGTC	-0.247100	-0.023800	0.133200	0.242900	-3.904600	0.326900	5.036000	-4.972400	0.248800	0.120200	0.277900	6.841900	5.676300	2.134400	1.052800	0.254400	-0.180200	-1.739700	-1.729000	3.403800	3.482700	-2.357800	2.577700	-1.515600	-2.801500	32.085800	35.061400	0.448300	0.460400	0.402900	0.392700	0.280500	0.246800	3.368300	3.181100	4.679200	4.557000	3.460000	3.510700	
ATGCA	-0.264000	-0.040500	0.107900	-0.434600	-3.743100	0.242300	5.600300	-4.574300	0.247300	0.118900	0.273200	7.439100	5.397800	2.042000	1.028700	0.339400	-0.017700	-1.455000	-1.614500	3.479100	3.409600	-2.054800	-0.252300	5.054100	-1.639200	35.197500	36.160200	0.519000	0.429200	0.463200	0.412800	0.339400	0.214800	3.565900	3.163200	5.738700	4.385700	3.823500	3.920900	
CATCG	-0.102400	-0.020200	-0.099900	1.473300	-8.133000	-0.734000	5.096100	-7.551600	0.248400	0.125900	0.337800	7.790700	5.791900	3.715400	1.013300	0.032400	0.203300	-1.475600	-1.486400	3.254100	3.313400	-0.313300	-0.579000	-3.937300	-0.893100	32.258100	36.317000	0.495800	0.465800	0.364000	0.459800	0.228300	0.271900	2.933100	3.661900	4.257900	4.865700	3.210300	4.226700	
TCAGC	0.091400	-0.031500	-0.053800	-0.020300	-6.268400	-0.821800	5.674700	-6.783000	0.250600	0.124200	0.330300	7.502100	5.446300	3.717200	0.918000	-0.264400	0.245800	-1.475300	-1.729000	3.471800	3.318200	-0.014600	-1.887400	5.799400	-1.652200	34.489600	30.975600	0.511900	0.429000	0.466700	0.390600	0.319800	0.260900	3.697300	3.132000	5.574400	4.569200	3.821600	3.302200	
TGATA	0.093600	-0.019000	-0.047000	-2.536100	-7.386200	-0.702700	5.416200	-7.253300	0.250100	0.120200	0.343200	7.627300	5.822900	3.782700	1.115000	-0.239700	-0.028600	-1.525200	-1.505600	3.320500	3.243700	0.526800	-0.222000	-0.807200	-3.065500	36.194700	32.280300	0.466000	0.507800	0.464700	0.361600	0.282600	0.232300	3.706900	2.966900	4.871100	4.328700	4.272000	3.198400	
TTCGT	0.276300	-0.042500	-0.044900	1.090300	-6.398200	0.326700	5.271600	-4.958800	0.240500	0.112400	0.289700	7.799800	5.745300	2.158600	0.991900	0.278300	0.103800	-1.411400	-1.666500	3.350200	3.705300	-1.547700	0.814800	-0.172200	6.613300	35.872200	33.889300	0.469700	0.517500	0.474400	0.407300	0.274200	0.359900	3.707200	3.683700	4.795200	5.794900	4.163500	3.818200	
GGCTG	0.225600	-0.020200	0.110000	-2.065700	-1.367400	0.292800	4.962300	-4.856400	0.242300	0.120300	0.266400	6.732600	5.276100	2.052500	0.941100	-0.041200	-0.272100	-1.715700	-1.759500	3.469100	3.353100	-1.132300	2.838000	-2.430000	-1.173000	37.115500	31.530600	0.376200	0.434400	0.399300	0.379000	0.212700	0.269700	2.950700	3.103300	4.384400	4.620900	3.827500	3.273600	
GCTGC	-0.091200	-0.030900	-0.061200	-0.654300	-6.665600	-0.658000	5.704100	-6.678100	0.249700	0.127900	0.330100	7.152100	5.480000	3.670600	0.915200	-0.248500	0.303700	-1.729500	-1.429800	3.323900	3.380900	2.204600	-0.658300	-1.585800	4.458100	31.020800	34.347200	0.426700	0.500300	0.391500	0.442800	0.259500	0.294800	3.114300	3.557000	4.659400	5.619400	3.290700	3.784100	
TAACG	0.153100	-0.020300	0.102100	10.195700	-11.346900	-1.272700	5.170200	-7.516000	0.248600	0.121300	0.306500	8.084600	5.706500	3.636400	1.011500	-0.137600	0.440700	-1.106200	-1.546600	3.092100	3.410300	-1.806400	0.162800	-2.273600	-2.969000	35.519400	35.447100	0.493900	0.462400	0.409500	0.353800	0.250300	0.227500	3.247400	3.108000	4.801500	4.313900	3.709700	3.437300	
TAATG	0.151300	-0.028700	-0.025900	3.082200	-10.423100	-1.429200	4.923900	-7.891200	0.249900	0.120000	0.320200	7.736500	6.063100	3.769500	1.156000	-0.154600	0.164700	-1.228800	-1.506500	3.156700	3.296800	-1.934100	0.779000	-2.120600	-4.513600	35.610400	32.710600	0.497200	0.503200	0.433700	0.362100	0.265800	0.229500	3.341500	2.929700	5.074400	4.454100	3.812000	3.272700	
AAATG	0.155400	-0.007000	-0.001500	6.340900	-11.712200	-0.995700	3.862800	-9.255800	0.250100	0.120300	0.321200	7.869200	6.300800	3.880700	1.328000	0.089500	0.242800	-1.201100	-1.558100	3.295400	3.361400	-1.510300	1.005600	-4.838000	-6.734200	37.641700	33.747100	0.524700	0.503500	0.430500	0.374400	0.293300	0.254400	3.290600	3.004000	5.857800	5.211500	3.855800	3.321300	
AGGGG	-0.309500	-0.041400	0.005900	1.806300	-1.368500	0.445200	4.655500	-3.083500	0.240300	0.129800	0.267300	6.440500	5.471900	2.067900	0.827500	0.089100	0.064700	-1.941100	-1.905900	3.461900	3.395300	1.020500	-0.014800	-2.208400	-2.251500	34.092700	33.348100	0.379000	0.376100	0.375800	0.381700	0.254400	0.249000	3.086700	3.075000	5.021800	4.709900	3.699900	3.645800	
AGAGT	0.073700	-0.022800	-0.144500	1.300900	-7.508700	0.069400	4.735700	-7.536100	0.250000	0.131100	0.339500	7.784900	5.577500	3.783600	1.067000	-0.144300	0.156100	-1.678800	-1.805900	3.458000	3.536100	2.423600	-2.209900	-1.392400	-2.017000	36.033900	32.048100	0.445400	0.436200	0.439900	0.386400	0.278400	0.337000	3.572700	3.215500	5.175100	5.269900	4.098600	3.343900	
GGTTG	-0.155300	-0.020200	0.066700	-7.220200	-10.560800	-1.139700	4.795700	-7.793500	0.243000	0.120900	0.310900	7.677200	5.897500	3.616900	0.968200	-0.306200	-0.004100	-1.547600	-1.136400	3.500600	3.121700	0.605000	2.817700	-4.019300	-2.244200	35.042100	33.441300	0.429300	0.463100	0.339800	0.384300	0.223700	0.238200	2.916700	3.164400	4.135300	4.765700	3.308700	3.459100	
TCCAT	0.269100	-0.040000	0.107400	-1.255000	-3.450700	0.225300	5.369200	-4.621200	0.249700	0.112900	0.273500	6.948700	5.597400	2.051400	0.895900	-0.051300	-0.388500	-1.808100	-1.542700	3.454900	3.502700	-1.193500	2.389000	-0.281300	4.461300	33.865200	34.762200	0.408000	0.521100	0.422600	0.449700	0.271000	0.328400	3.371100	3.648300	4.608900	5.683800	3.836300	3.775100	
AATCC	-0.086800	-0.019800	-0.219500	4.585100	-9.626300	-0.038700	4.262500	-8.180700	0.249900	0.123200	0.340200	7.458700	5.984200	3.843100	1.236500	0.231800	0.238100	-1.584400	-1.624800	3.363600	3.476500	1.022000	-1.359200	-6.604700	-1.307600	33.828400	36.721700	0.486100	0.443300	0.370900	0.449200	0.249800	0.310100	2.935600	3.663000	4.982700	5.273300	3.264200	4.101600	
CGCCG	0.269600	-0.039500	0.063900	-0.235200	-3.222300	0.241300	5.109200	-4.285700	0.240500	0.120200	0.269600	6.984200	5.247000	2.057300	0.860100	0.030000	-0.096900	-1.567100	-1.753000	3.405700	3.347700	0.075100	-0.242800	-1.415000	-1.269700	36.643500	33.859700	0.400500	0.401400	0.395000	0.421000	0.206900	0.245800	3.097300	3.160300	4.248300	4.425800	3.741600	3.810800	
TTCGA	0.263800	-0.040200	-0.041200	1.668500	-6.172300	0.354900	5.523600	-4.760400	0.242900	0.110800	0.292100	7.706800	5.720800	2.155400	0.954700	0.289500	0.003100	-1.429800	-1.584100	3.326500	3.498700	-1.594500	0.305000	0.138200	5.846600	35.342000	33.159400	0.478000	0.509100	0.484200	0.444300	0.268500	0.346000	3.684800	3.680200	4.656800	5.648500	4.199600	3.689900	
ACTTG	-0.154600	-0.022400	0.023300	-6.829800	-10.037000	-1.101300	4.550300	-7.976300	0.250100	0.123900	0.320500	8.017800	5.918400	3.705600	1.034800	-0.292900	-0.027600	-1.826100	-1.207800	3.639300	3.176900	1.702900	2.390900	-2.172700	-2.774700	33.097400	34.991400	0.450500	0.473700	0.387200	0.382700	0.340500	0.251200	3.101200	3.205000	5.327700	5.094500	3.481400	3.607800	
AATTT	-0.171000	-0.010500	-0.074900	-3.799800	-14.396000	-0.811200	3.082000	-10.594300	0.251800	0.128100	0.348200	8.593300	6.848100	4.716700	1.340900	0.000000	-0.205100	-1.641400	-1.281500	3.493000	3.539000	0.000000	1.011300	-9.148500	-3.921800	35.458400	38.515900	0.601700	0.542200	0.405800	0.475400	0.284800	0.375600	3.160700	3.455700	4.772100	5.740500	3.352000	4.038500	
CGTGC	-0.107200	-0.034100	0.023300	-4.185600	-8.502800	-0.859800	5.743400	-6.694000	0.250100	0.130800	0.329200	8.029700	5.543800	3.753800	0.921300	-0.281100	0.337200	-1.480100	-1.214300	3.341800	3.281200	0.745500	-0.725500	-2.306000	3.565400	34.109300	34.678900	0.482400	0.499900	0.372200	0.488400	0.218800	0.287900	3.139900	3.454700	4.271400	5.446200	3.375300	3.921800	
TTACA	0.112100	-0.031200	0.118000	0.481700	-7.494800	-1.101500	6.061500	-6.852200	0.251800	0.119900	0.339900	8.065500	5.570800	3.929100	1.086400	0.093600	0.221800	-1.212400	-1.555100	3.279900	3.310300	-1.693600	-0.622800	5.864900	-2.253700	34.506900	34.383300	0.543400	0.504300	0.555500	0.384800	0.299000	0.223100	3.883600	3.201000	6.309500	4.511000	4.221900	3.480000	
TGAAC	0.097700	-0.028100	-0.183600	1.896200	-10.524600	-1.169900	5.321000	-7.410500	0.241800	0.113400	0.330500	8.295300	5.649500	3.664300	0.986500	-0.322900	-0.071800	-1.403000	-1.235200	3.332500	3.149700	1.833700	-1.542900	0.345600	-2.713200	36.053600	35.210700	0.482000	0.472800	0.498400	0.402300	0.272400	0.250000	3.638400	3.209600	4.553300	4.872000	4.331100	3.664200	
CAGAA	-0.239600	-0.027400	0.088900	2.902000	-3.376000	0.175000	5.101100	-5.591300	0.249400	0.119600	0.285800	7.054600	5.552200	2.135100	1.026500	0.262400	-0.293300	-1.696600	-1.489000	3.364900	3.441800	-2.760800	3.190800	-0.475600	-0.822900	31.749200	36.364800	0.454500	0.472900	0.406800	0.479300	0.276200	0.279300	3.211300	3.581500	4.763200	4.815900	3.444300	4.313400	
CGGAC	-0.283600	-0.042500	-0.027100	-1.248000	-5.945800	0.239700	5.117800	-4.706100	0.240900	0.119700	0.287000	7.393000	5.537500	2.134400	0.897400	0.019900	-0.160500	-1.720100	-1.535400	3.434700	3.327300	0.666600	1.038000	-0.157300	-0.972500	34.048800	35.361800	0.419900	0.446500	0.436000	0.445800	0.269400	0.280700	3.308500	3.625400	4.456000	4.761300	3.927900	4.150300	
GCATT	0.096200	-0.011800	-0.193300	-4.589600	-9.571100	-0.146600	4.760500	-7.754400	0.250300	0.122200	0.342600	7.417300	6.067500	3.957200	1.199600	-0.373700	-0.224700	-1.541600	-1.540000	3.585600	3.348200	1.490300	-0.919300	4.322900	-6.509100	35.081200	33.502100	0.517500	0.508400	0.438800	0.382200	0.336800	0.253300	3.554600	2.993800	5.862000	5.296100	3.711300	3.349800	
GCCGG	0.255400	-0.039700	0.028800	0.726000	-3.654800	0.295300	5.366500	-4.016600	0.249200	0.119700	0.268800	6.741900	5.514900	2.049000	0.863200	-0.128600	0.018000	-1.785600	-1.623500	3.380100	3.324900	-0.681600	-0.194600	-0.659600	2.386200	33.255400	32.589500	0.398000	0.489200	0.411900	0.420000	0.255600	0.280400	3.234400	3.436000	4.471900	5.592200	3.743200	3.546000	
TCTTC	-0.125000	-0.015300	0.035000	-6.451200	-8.037500	-0.868200	4.588900	-8.052700	0.243200	0.121100	0.312800	7.438700	5.699200	3.658900	0.997800	-0.279000	0.045800	-1.799500	-1.242000	3.518400	3.168200	1.922900	2.624800	-1.867300	-2.991800	32.409000	35.343600	0.458400	0.465700	0.391100	0.402500	0.310700	0.262000	3.231700	3.213000	5.029800	4.948800	3.397600	3.756700	
TGGCA	-0.273300	-0.034000	0.100400	1.330300	-2.977800	0.268000	5.220300	-4.194000	0.240300	0.118700	0.269000	6.905100	5.293800	2.050700	0.931600	0.052300	0.021600	-1.765800	-1.636400	3.371200	3.435200	0.378800	-0.087200	-1.409900	-1.533100	34.240300	36.625000	0.402400	0.407200	0.415500	0.398100	0.255400	0.217600	3.160600	3.129700	4.571900	4.372700	3.879600	3.838200	
CAAAG	0.151400	-0.028900	-0.104100	6.443000	-12.452500	-1.899100	4.563100	-8.752200	0.244700	0.111600	0.322100	8.182200	6.114500	3.654400	1.041700	-0.131500	0.101500	-1.067700	-1.287900	3.176000	3.255100	-1.730200	-1.580500	-2.303900	-4.455200	35.434700	36.128400	0.496400	0.488300	0.413500	0.385100	0.252700	0.259100	3.204000	3.264900	5.183700	5.567500	3.777500	3.688100	
ACAAA	0.089200	-0.031700	-0.244200	2.220200	-11.919700	-1.643200	5.330900	-7.696200	0.250000	0.108500	0.340700	9.196500	6.018600	3.949600	1.117200	-0.504800	-0.162700	-1.224800	-1.008700	3.640600	3.160200	1.104700	-1.598100	6.886200	-2.004000	35.380800	35.659600	0.516100	0.505600	0.533700	0.403400	0.350400	0.239300	3.647100	3.171700	5.624600	5.060900	4.051800	3.828000	
ATCTC	0.261700	-0.029400	0.071600	-1.897800	-2.759500	0.269400	4.782000	-5.140400	0.241200	0.120400	0.280000	7.106100	5.660400	2.115100	1.082300	0.208200	-0.143700	-1.785700	-1.800500	3.665200	3.395300	-3.276700	2.634700	-0.819400	-1.541700	36.376200	31.826800	0.461800	0.454500	0.451100	0.394400	0.355100	0.284900	3.863400	3.247500	5.684300	5.012700	4.248200	3.376500	
CGGAA	-0.281300	-0.043100	-0.010300	0.227600	-5.346100	0.194600	5.013000	-4.966600	0.240600	0.118300	0.289100	7.202500	5.536600	2.150500	0.935200	0.057600	-0.301200	-1.740500	-1.421200	3.412600	3.367500	0.477700	1.931800	-0.752500	-0.710500	34.118200	36.279200	0.417600	0.469700	0.427500	0.473300	0.270300	0.271600	3.293400	3.600300	4.557100	4.732500	3.888900	4.276800	
GCCAG	0.264400	-0.040600	0.087700	-0.158200	-3.396700	0.193500	5.417400	-4.565800	0.248900	0.119600	0.270700	6.655600	5.557700	2.029800	0.890300	-0.132400	-0.341500	-1.780200	-1.556100	3.417500	3.435600	-0.898500	2.255200	-1.191400	4.151100	33.438600	34.289900	0.394400	0.511700	0.412800	0.424800	0.258000	0.317900	3.157600	3.720000	4.602800	5.541800	3.802600	3.633500	
CCTAG	-0.103000	-0.030100	0.006700	-0.678600	-6.568000	-0.862200	5.686000	-6.952300	0.249300	0.131000	0.330700	7.242000	5.604600	3.729500	0.925800	-0.240700	-0.016000	-1.759500	-1.508400	3.255300	3.336700	1.815000	0.348000	-2.642700	6.167500	31.282300	34.309200	0.433400	0.491000	0.386500	0.391400	0.250000	0.299000	3.175100	3.909700	4.803300	6.170400	3.316800	3.763900	
GTGAC	-0.273400	-0.039800	0.047300	-0.836400	-6.777200	0.247700	5.908400	-4.885000	0.250000	0.117700	0.300200	7.922600	5.736000	2.178200	0.971500	0.220300	-0.150700	-1.316000	-1.513800	3.356500	3.284500	-1.107000	0.947100	4.762600	-0.780900	34.370000	34.678400	0.516500	0.465900	0.531200	0.458700	0.327700	0.273600	3.595000	3.717900	5.476800	4.804500	3.913700	4.273400	
CCGTA	-0.302100	-0.029700	-0.020000	-4.029700	-7.417800	0.708600	5.404800	-4.565900	0.240200	0.124900	0.297600	8.263600	5.969700	2.225600	0.986600	-0.074700	-0.292500	-1.642400	-1.511000	3.404700	3.347700	0.566800	0.218100	2.985800	-2.048300	33.370400	34.368900	0.493700	0.498200	0.426500	0.378700	0.310200	0.234500	3.555700	3.223500	5.678400	4.322300	3.717400	3.409000	
CACGG	0.292500	-0.029700	-0.049000	4.365900	-7.753400	0.596200	5.154000	-4.586000	0.240200	0.123400	0.289700	8.272700	6.090100	2.211400	0.947000	0.353200	0.068500	-1.438800	-1.681200	3.348100	3.454600	-0.419200	-0.806500	-2.464100	3.866800	34.168900	33.587300	0.497200	0.501600	0.375400	0.415900	0.222400	0.312300	3.134800	3.575500	4.188000	5.769800	3.440800	3.736900	
CTTAC	-0.104500	-0.024200	-0.166300	1.092000	-10.330300	-1.147200	5.632000	-7.229600	0.250000	0.121500	0.350900	8.088200	5.823400	3.821100	1.001600	0.083300	0.115900	-1.266100	-1.392200	3.159800	3.350300	1.450700	-0.976000	-2.886900	5.885800	34.925500	34.533900	0.477600	0.521000	0.408800	0.482400	0.243700	0.305200	3.360400	3.878700	4.983400	6.147100	3.732600	4.042400	
ATATG	0.091200	-0.016500	-0.085700	-3.017000	-8.551900	-0.604100	5.377600	-7.351900	0.250100	0.134300	0.343100	7.941900	5.984500	3.877500	1.141600	0.013500	-0.101800	-1.560600	-1.488000	3.577100	3.255900	-0.374500	0.429900	7.377600	-3.443500	35.129400	32.379800	0.518600	0.517600	0.414000	0.368900	0.363300	0.232500	3.948100	2.962000	6.784900	4.423100	3.965700	3.267100	
CCTGC	-0.107000	-0.027200	-0.075200	-0.977000	-6.177000	-0.581800	5.505500	-6.829100	0.251100	0.129700	0.342700	7.376300	5.638500	3.751600	0.917000	-0.279800	0.281100	-1.772000	-1.451500	3.273200	3.329300	2.313700	-0.461100	-2.573000	3.792100	31.028600	34.098900	0.428700	0.497500	0.384700	0.449300	0.250800	0.296800	3.104800	3.562800	4.810800	5.509000	3.248300	3.794200	
CTGTT	-0.266400	-0.023100	-0.014200	-6.740100	-9.274200	0.694200	4.912400	-5.353200	0.250100	0.119400	0.289800	7.239900	6.063100	2.292500	1.036400	0.307800	-0.478800	-1.581600	-1.540100	3.607400	3.415100	-1.279800	0.014000	5.665600	-2.549700	34.930200	35.215200	0.513300	0.468700	0.422400	0.350800	0.334400	0.225900	3.765100	3.066600	5.815500	4.518700	3.820700	3.489600	
CCATA	0.084400	-0.020500	-0.071600	-2.730600	-6.992400	-0.676900	5.890900	-6.695600	0.250000	0.122100	0.341200	7.555800	5.865800	3.859700	1.016800	-0.371100	-0.051000	-1.417600	-1.477500	3.310800	3.229100	1.454000	-0.603600	3.524700	-2.783700	34.748400	32.088700	0.515400	0.516700	0.456100	0.369800	0.290800	0.229900	3.528600	2.985300	5.536500	4.296600	3.769300	3.219500	
GCTGG	-0.100400	-0.022000	-0.095000	0.958300	-5.992600	-0.470000	5.543700	-6.868600	0.253000	0.129900	0.338000	7.480800	5.520300	3.713500	0.902200	-0.243300	0.287300	-1.734700	-1.493400	3.288000	3.293200	2.070300	-1.265300	-1.732800	2.999700	30.766300	34.003100	0.423000	0.497900	0.388100	0.429700	0.261200	0.281000	3.151900	3.533200	4.607000	5.634300	3.219800	3.693500	
GGCGG	0.257000	-0.029800	0.041600	0.305400	-3.405500	0.435400	5.298400	-4.090600	0.240300	0.120500	0.272000	7.219100	5.397000	2.092800	0.922600	-0.047000	-0.006000	-1.595900	-1.626300	3.393100	3.307700	0.080500	-0.458100	-1.772900	2.101100	36.201300	32.413600	0.400800	0.473700	0.404900	0.423000	0.207700	0.286000	3.045000	3.383000	4.257200	5.627900	3.800900	3.540400	
TCTAG	-0.107100	-0.031200	0.004000	-0.187600	-6.926200	-0.905900	5.829000	-6.882100	0.249700	0.129500	0.333100	7.518300	5.550400	3.767600	0.966600	-0.204300	-0.015100	-1.711300	-1.527200	3.333000	3.344600	1.540000	0.233500	-0.742300	6.661800	31.752400	34.558300	0.450000	0.495200	0.420900	0.392900	0.287100	0.305400	3.291600	3.956300	4.780100	6.238600	3.480900	3.746300	
CTTAT	-0.097600	-0.026900	-0.221100	0.426000	-10.442600	-1.046100	5.407900	-7.504000	0.249900	0.120300	0.346600	8.469400	5.769900	3.761200	1.034000	0.053800	0.105700	-1.291600	-1.446700	3.184100	3.544500	1.600900	-1.017800	-3.399100	7.159400	35.345000	34.859000	0.475000	0.518300	0.399300	0.438000	0.248200	0.348600	3.321200	3.930800	5.083100	6.405700	3.665900	3.988300	
GCGGG	-0.251700	-0.032700	0.069100	1.507800	-2.896800	0.314800	5.305600	-3.861300	0.247200	0.120100	0.267100	6.640200	5.582000	2.033500	0.872100	-0.012400	0.131400	-1.697300	-1.783300	3.423700	3.341200	-1.139100	0.047100	3.175500	-1.789700	32.393400	33.229300	0.475000	0.397200	0.418000	0.410900	0.296900	0.244500	3.457300	3.151400	5.626600	4.641300	3.526100	3.709100	
ACTGC	-0.103600	-0.028900	-0.125000	0.866200	-7.618700	-0.541300	5.456300	-6.919000	0.250700	0.126800	0.342000	7.766100	5.592600	3.802400	0.959200	-0.166200	0.316100	-1.704100	-1.478800	3.466400	3.422700	2.282600	-0.927100	-1.214700	4.749800	31.672300	34.360300	0.453300	0.511200	0.410700	0.433800	0.298000	0.306500	3.213600	3.633500	5.280200	5.721800	3.430400	3.695000	
CACCG	0.267800	-0.030700	-0.000200	4.166600	-6.674600	0.340400	4.889900	-4.586100	0.240200	0.120300	0.280300	7.219200	5.901700	2.161400	0.915300	0.308000	-0.054800	-1.486900	-1.773400	3.379800	3.469100	-1.067400	-0.557000	-2.516700	-0.314900	34.395400	34.746600	0.476400	0.415100	0.381900	0.422500	0.224400	0.269000	3.054500	3.268100	4.212600	4.549700	3.417200	3.938600	
TTAGT	0.111700	-0.029300	-0.038500	-2.796800	-7.889800	-0.948200	5.731100	-7.031700	0.255800	0.122900	0.349200	7.642900	5.673400	3.925700	1.021300	0.115600	0.176800	-1.333000	-1.723100	3.407700	3.398600	-1.173300	-1.239800	6.344800	-1.164500	34.546200	31.717200	0.525900	0.450400	0.488400	0.421400	0.307600	0.314800	3.891700	3.263000	6.237600	5.294200	4.013800	3.522300	
TTTAA	-0.096000	-0.017500	-0.146700	0.551200	-10.772800	-1.248800	5.920100	-7.350600	0.252800	0.108200	0.349900	8.938500	5.807400	4.137300	1.147900	0.271700	0.000000	-1.053900	-1.129900	3.138400	3.349000	0.669600	0.000000	-2.105700	6.247300	35.588800	34.251700	0.525200	0.555100	0.445000	0.631600	0.240800	0.322300	3.413400	3.879800	4.873800	6.178600	3.903100	4.217200	
CTACT	0.122900	-0.025200	0.007500	1.670300	-8.108600	-0.485600	5.314500	-7.302500	0.250100	0.129000	0.341500	8.023400	5.732800	3.729800	1.081000	0.036000	0.252500	-1.476300	-1.718500	3.374400	3.454500	-0.230100	-1.508600	6.252200	-3.138000	33.931600	35.001600	0.494400	0.457500	0.396800	0.386100	0.309300	0.241200	3.919200	3.109000	6.177000	4.737700	3.771200	3.442500	
TGGGA	-0.285600	-0.039900	0.059900	1.741300	-2.410400	0.304400	4.861100	-3.177900	0.240300	0.120000	0.269900	6.610100	5.461400	2.061600	0.856100	0.092700	0.065900	-1.827800	-1.808000	3.383500	3.485600	0.131000	1.260500	-1.765300	-0.834100	34.002600	34.035200	0.395400	0.393000	0.407500	0.403500	0.252100	0.275500	3.160000	3.316600	4.732300	4.620300	3.746100	3.788200	
TGTTT	-0.145700	-0.005300	0.124300	-12.204500	-13.176300	-1.126800	4.669800	-8.107700	0.242600	0.123300	0.309800	7.886900	5.761600	3.846600	1.114300	-0.490600	-0.041500	-1.624600	-1.044900	3.456500	3.149400	-0.212800	1.910500	-2.900900	-3.746100	35.842600	37.184300	0.472200	0.492000	0.347400	0.379200	0.252400	0.242200	3.180100	3.157700	4.700900	5.365300	3.466100	3.695500	
TAGCA	-0.241100	-0.020000	0.196300	4.263900	-1.537600	0.192300	5.330100	-4.625600	0.247800	0.118700	0.259400	6.552200	5.083700	2.070500	1.031400	0.238000	0.009900	-1.730000	-1.690100	3.299300	3.455000	-2.168800	0.718700	-1.901600	-1.883300	31.733700	36.971800	0.445800	0.404500	0.396900	0.411700	0.266500	0.214700	3.237300	3.070800	4.681700	4.390000	3.456400	3.932800	
CCCTC	0.262900	-0.019700	0.139100	-4.348500	-0.069400	0.342500	4.820100	-4.478200	0.240200	0.124500	0.258000	6.053400	5.260100	2.042300	0.890700	-0.124400	-0.179200	-1.924900	-1.826400	3.433700	3.334700	-1.050400	3.028600	-2.554500	-1.441400	33.733100	31.550800	0.381400	0.431000	0.384200	0.366100	0.249000	0.269600	3.063000	3.147400	4.950400	4.711700	3.683900	3.263100	
AGCTG	0.230700	-0.021700	0.120600	-2.290700	-1.351300	0.290900	4.795300	-4.944500	0.241100	0.120300	0.261700	6.538700	5.281300	2.040500	0.983500	-0.033700	-0.277300	-1.792100	-1.781900	3.550100	3.394700	-0.008900	2.747400	-2.913300	-1.214700	37.773800	31.494700	0.358400	0.427300	0.379000	0.368700	0.222000	0.271700	2.903000	3.121900	4.853100	4.745900	3.877500	3.200400	
CGACA	0.107900	-0.022000	0.051900	3.937800	-8.191900	-0.778200	5.284300	-7.231300	0.248600	0.128600	0.329000	8.284300	5.565100	3.690500	0.987600	-0.189000	0.259500	-1.296000	-1.593500	3.196400	3.360500	-0.037100	-0.930000	-1.452300	-2.173000	36.178000	34.651400	0.462400	0.475000	0.454300	0.376000	0.251600	0.234600	3.532000	3.160200	4.634200	4.370200	4.149600	3.505300	
GTAAA	0.092000	-0.020100	-0.181700	0.869500	-11.884100	-1.199600	5.919200	-7.196200	0.250600	0.112300	0.350800	8.593400	5.781600	4.059400	1.066600	-0.123000	-0.259300	-1.345300	-1.040200	3.332300	3.144700	1.191000	-0.783800	6.375200	-1.976100	34.008800	35.575600	0.545400	0.514200	0.541400	0.434000	0.305800	0.241200	3.879700	3.360100	6.157500	4.900100	4.158300	3.907100	
GCCTG	0.251500	-0.029600	0.138300	-3.430600	-1.273500	0.188000	4.942100	-4.660900	0.247300	0.119800	0.260600	6.170500	5.283000	2.026200	0.903500	-0.115500	-0.303700	-1.923800	-1.802200	3.514500	3.388800	-1.623200	2.918100	-1.923600	-1.401000	33.956300	31.591600	0.379200	0.441300	0.383100	0.376700	0.263200	0.269500	3.088500	3.148800	4.713700	4.799400	3.754000	3.263500	
GTATG	0.097800	-0.020000	-0.030300	-3.622200	-8.325700	-0.886600	5.922500	-6.801000	0.250100	0.138700	0.350600	7.607800	6.011300	3.900100	1.094800	-0.007100	-0.095800	-1.453000	-1.465900	3.367400	3.235600	-0.248600	0.658400	6.319300	-2.975000	34.416800	32.014200	0.518800	0.521800	0.443500	0.363200	0.299500	0.220300	3.868300	2.950300	6.263500	4.358700	4.041300	3.247900	
TACAC	0.264100	-0.039600	0.122800	3.969600	-6.760200	0.338900	5.807200	-4.848300	0.250000	0.121600	0.296400	7.472900	5.849900	2.208500	1.065900	0.294700	-0.266200	-1.507700	-1.358800	3.364200	3.356900	-0.835300	1.497000	-1.253400	4.762500	34.439700	34.652600	0.520900	0.510400	0.376300	0.489300	0.236000	0.312900	3.272400	3.553500	4.344000	5.724500	3.444400	4.033900	
AATAT	-0.094500	-0.010300	-0.159300	5.697100	-10.690300	-0.445900	5.050100	-7.848900	0.255100	0.130100	0.353200	7.881100	6.228900	4.076400	1.267300	0.180900	-0.013700	-1.599000	-1.630300	3.338200	3.614000	0.621900	0.043500	-5.676400	7.559300	33.964500	35.156600	0.527200	0.521700	0.371200	0.413000	0.263300	0.383200	3.045600	3.973000	5.170100	6.937400	3.342100	3.922200	
TCTCA	-0.092600	-0.024400	-0.015800	-1.557700	-6.798500	-0.706600	5.312200	-7.224000	0.249700	0.121000	0.333800	7.824700	5.505300	3.777500	0.996400	-0.206000	0.163700	-1.724000	-1.502400	3.365700	3.284700	1.657600	-0.559000	-1.230100	-1.053000	31.773500	35.609500	0.440300	0.462000	0.407500	0.449900	0.290300	0.270800	3.217800	3.617800	4.786300	4.837600	3.409600	4.174100	
AGCCG	0.266700	-0.037800	0.025000	0.680900	-3.012700	0.356900	4.811600	-4.328800	0.240200	0.120000	0.269700	6.814100	5.361700	2.028200	0.894400	-0.019600	-0.131200	-1.702500	-1.798400	3.489300	3.414600	0.954600	-0.503500	-2.573800	-1.334600	37.432600	33.507300	0.368300	0.392600	0.387400	0.391500	0.221500	0.250400	2.951000	3.154800	4.666500	4.588300	3.708000	3.705100	
TCTGC	-0.092900	-0.030600	-0.060600	-1.236500	-6.598500	-0.653800	5.675000	-6.841900	0.250000	0.127400	0.334600	7.533500	5.452100	3.756300	0.931100	-0.228500	0.332600	-1.686100	-1.439300	3.344200	3.362300	2.083600	-0.553000	-0.175200	4.375000	31.206600	34.216700	0.446700	0.502600	0.418000	0.442600	0.276700	0.299100	3.240400	3.578900	4.775100	5.570400	3.441300	3.788400	
CGTAG	-0.112500	-0.029100	0.027900	-2.227100	-8.433200	-0.690500	5.782700	-6.875400	0.250200	0.135300	0.331700	8.242400	5.591100	3.767500	0.965600	-0.209500	-0.006200	-1.522100	-1.407300	3.322000	3.324400	0.471000	0.261500	-2.105200	6.527700	34.451400	34.179200	0.481600	0.506200	0.381800	0.426300	0.222200	0.303300	3.194800	3.892900	4.268900	6.076100	3.392800	3.873100	
TTATA	0.087900	-0.019600	0.025900	-4.305300	-7.363100	-0.833000	6.165600	-6.746000	0.253600	0.120900	0.355400	7.352700	5.969900	4.000300	1.148800	0.136400	-0.055500	-1.306500	-1.504800	3.393700	3.213400	-1.769900	0.204300	8.032400	-2.621400	34.417700	32.246400	0.531500	0.527700	0.512600	0.372800	0.312800	0.228100	3.894100	3.051600	6.134400	4.459000	4.081800	3.216100	
AGGTA	-0.297900	-0.039600	-0.016600	-3.638900	-5.437400	0.547400	4.376800	-4.529900	0.239800	0.119800	0.280600	7.137100	5.895800	2.154600	1.030200	0.012500	-0.307800	-1.941900	-1.633400	3.609000	3.417300	1.712700	0.443600	-1.846900	-3.334500	35.571700	35.055800	0.397200	0.449400	0.372800	0.387300	0.291000	0.236800	3.243900	3.237500	5.258600	4.562900	3.880100	3.371300	
GACTG	0.244500	-0.021100	0.119600	0.095200	-3.851700	0.320300	4.920600	-5.035500	0.247900	0.119800	0.280700	6.916500	5.756700	2.127600	1.033700	0.177300	-0.259200	-1.718600	-1.740600	3.481900	3.411100	-2.545800	3.076000	-2.712200	-0.101900	35.070500	31.916000	0.464500	0.450900	0.389900	0.397300	0.245400	0.286400	3.206000	3.278900	4.522600	4.900700	3.518200	3.416700	
CGAAA	0.096800	-0.028700	-0.223300	0.849300	-10.514600	-1.226600	5.032300	-7.976800	0.241200	0.110800	0.337100	8.179000	5.620700	3.708100	1.055000	-0.246900	-0.248700	-1.426200	-1.052100	3.336900	3.165400	1.579100	-1.099600	-0.204300	-2.480100	35.887400	36.113200	0.477100	0.503300	0.472800	0.434300	0.267700	0.244200	3.684000	3.262300	4.735300	5.088800	4.217800	3.880000	
TGTGC	-0.103200	-0.034800	0.051000	-4.126000	-8.302800	-0.921200	5.931700	-6.595100	0.250000	0.130100	0.330200	8.046700	5.612100	3.807500	0.962600	-0.298000	0.352600	-1.516900	-1.197300	3.341200	3.238500	0.996700	-0.629000	-1.864500	3.362300	34.014000	35.025600	0.488500	0.502500	0.374700	0.489300	0.234400	0.286200	3.191200	3.458600	4.237500	5.393200	3.463900	3.941900	
TTGAG	-0.268100	-0.039800	-0.000900	-2.653600	-6.482400	0.212400	5.869400	-5.203100	0.250000	0.114400	0.300300	7.870700	5.859500	2.168900	1.007400	0.447900	-0.206400	-1.130800	-1.604100	3.382900	3.351200	-1.902100	1.215400	5.822400	-0.034100	34.674800	34.661900	0.514700	0.459700	0.559900	0.439400	0.315200	0.280800	3.580200	3.777400	5.462500	4.747300	3.909800	4.075400	
TTTGC	-0.098100	-0.030500	-0.229700	-1.870900	-10.565600	-1.587600	5.555000	-7.723500	0.249100	0.108900	0.340000	8.826000	5.931100	3.910100	1.074100	0.191300	0.528100	-1.014700	-1.190100	3.134000	3.388700	1.438800	-1.836600	-2.679400	5.365000	35.504300	34.420700	0.508600	0.508300	0.414300	0.534600	0.235700	0.308700	3.171800	3.557500	5.142700	5.499400	3.826900	3.904200	
TGGGT	-0.273300	-0.040000	0.041700	0.613300	-3.470200	0.346600	4.666000	-3.556100	0.240900	0.119800	0.272000	6.795800	5.736200	2.049400	0.907900	0.100700	0.069400	-1.845600	-1.841100	3.433600	3.627000	0.552900	1.069100	-1.644000	-1.134400	34.076500	34.803500	0.400300	0.396600	0.389500	0.391300	0.259100	0.294100	3.167600	3.244500	4.790100	4.709100	3.720300	3.867800	
ACATT	0.084800	-0.013300	-0.243700	-5.910400	-10.845600	0.134100	4.337300	-8.253900	0.250200	0.119800	0.340900	8.125800	6.226000	4.030700	1.286000	-0.326900	-0.260200	-1.617300	-1.559700	3.776700	3.352900	0.267600	-1.185800	6.071200	-6.858700	36.267700	33.690900	0.560500	0.507800	0.442200	0.377800	0.387400	0.256100	3.738000	2.969400	6.173600	5.368000	3.918500	3.333800	
GAAAC	0.141600	-0.021600	-0.103400	6.727200	-12.539000	-1.663900	4.730200	-8.390000	0.237700	0.110100	0.309000	7.892000	5.781400	3.649500	1.074100	-0.275100	0.024900	-0.986200	-1.218700	3.217300	3.221700	-1.740900	-1.220200	-2.326300	-3.246500	36.224800	35.773200	0.501300	0.477200	0.430800	0.387000	0.256600	0.253200	3.240700	3.149600	5.022900	5.203400	3.841600	3.683100	
TCTCT	-0.062600	-0.021300	-0.087700	-2.458000	-6.796100	0.022500	4.993400	-7.325300	0.248500	0.128600	0.332400	7.680800	5.486800	3.759700	0.998800	-0.139500	0.144500	-1.770600	-1.636900	3.397100	3.414200	2.363900	-1.968000	-1.653800	-1.606100	31.701300	36.149700	0.441500	0.440200	0.391900	0.449100	0.288700	0.276400	3.212300	3.546200	4.890500	5.215500	3.377900	4.174200	
GACAG	0.268500	-0.029700	0.041900	4.599100	-6.708100	0.518800	5.219300	-5.156800	0.250000	0.120500	0.289900	7.435800	5.990900	2.199300	0.978800	0.259100	-0.290800	-1.527800	-1.573900	3.375600	3.550900	-1.130200	1.380300	-2.314600	5.278700	34.476200	34.646500	0.483900	0.517200	0.379100	0.433600	0.238300	0.331500	3.200800	3.764400	4.339100	5.744500	3.474900	3.834500	
TGTAT	-0.104900	-0.030500	0.049700	-3.167500	-8.678800	-0.934100	5.844200	-7.011200	0.250100	0.129700	0.336500	8.485600	5.641900	3.779200	1.088900	-0.229200	-0.001100	-1.567900	-1.386400	3.332300	3.412600	0.842700	0.544300	-1.958200	6.264300	34.864500	34.731800	0.496700	0.513400	0.386700	0.460800	0.233700	0.331600	3.195700	3.921100	4.485700	6.526100	3.439300	4.098800	
GCTTC	-0.127700	-0.020300	0.017400	-4.860600	-7.982500	-0.943000	4.821200	-7.834600	0.242100	0.120000	0.310100	7.247200	5.645500	3.589400	0.961100	-0.311900	0.057500	-1.822500	-1.238600	3.437600	3.191000	1.698000	2.620600	-2.365100	-2.811600	31.941300	35.434100	0.427000	0.455700	0.374200	0.403600	0.280600	0.262900	3.056000	3.199600	4.946500	4.981400	3.308500	3.728200	
TTCGG	0.269600	-0.040500	-0.036900	1.308000	-6.179400	0.340300	5.467500	-4.815700	0.240700	0.110800	0.290000	7.462500	5.654300	2.173800	0.934800	0.265600	0.085700	-1.398500	-1.591900	3.319500	3.373800	-1.441800	-0.490700	-0.419300	4.218500	35.558600	32.879800	0.477500	0.497700	0.475800	0.442700	0.265700	0.305800	3.695500	3.594400	4.596900	5.657300	4.261600	3.682400	
GAACG	0.145700	-0.019700	0.072900	9.573000	-10.973900	-0.982100	4.754400	-7.819400	0.240000	0.125000	0.302000	7.804000	5.678300	3.616900	0.996700	-0.127000	0.371200	-1.074600	-1.563000	3.135100	3.423000	-2.380000	-0.021400	-2.988800	-3.309100	35.987900	35.335000	0.478700	0.462300	0.399800	0.355200	0.243500	0.225400	3.146900	3.087600	4.859800	4.374600	3.704800	3.427000	
ACAGC	0.076800	-0.030600	-0.079100	1.041300	-7.141800	-0.502100	5.364500	-6.985300	0.250000	0.123400	0.330300	7.684000	5.512600	3.706900	0.944100	-0.267200	0.231300	-1.487200	-1.715500	3.587500	3.336300	0.102400	-2.151000	5.145100	-1.586100	35.158600	31.162500	0.516600	0.426400	0.446700	0.390300	0.328300	0.265300	3.631000	3.149400	5.815200	4.697200	3.891200	3.230500	
CAATC	0.146900	-0.029900	-0.050200	2.666000	-10.296800	-1.485000	4.825600	-7.959800	0.250000	0.119800	0.320700	7.604100	6.159600	3.712000	1.050000	-0.116600	0.179200	-1.189300	-1.563100	3.199300	3.347500	-2.583600	1.166800	-1.870600	-4.704200	34.925100	32.925100	0.468900	0.504000	0.413500	0.370100	0.256900	0.252600	3.254600	2.927500	4.812800	4.585000	3.794100	3.249800	
TGGAC	-0.287000	-0.041100	-0.002300	-0.216000	-5.924900	0.243100	5.140800	-4.693000	0.241000	0.120000	0.289700	7.481600	5.541200	2.129000	0.918000	0.007600	-0.147600	-1.775100	-1.527000	3.431000	3.326200	0.981500	1.095000	-0.398700	-0.965000	34.265900	35.494100	0.418800	0.447600	0.435600	0.448700	0.275300	0.280000	3.365900	3.649600	4.520300	4.850100	3.952300	4.120700	
GTTAT	-0.095100	-0.021700	-0.162600	-1.717800	-10.740900	-1.190300	5.537800	-7.403100	0.249800	0.119400	0.337200	8.924100	5.782500	3.837900	1.064500	0.062100	0.142500	-1.257400	-1.377900	3.151800	3.512500	1.256000	-0.867600	-2.890700	7.201700	35.133800	34.794400	0.481300	0.535600	0.408900	0.491900	0.258100	0.345000	3.285900	3.908400	4.953600	6.438000	3.685600	4.152500	
AAGTT	-0.239100	-0.028700	0.056300	-1.912900	-6.302900	0.417100	3.392700	-4.800400	0.244600	0.119500	0.287200	7.153600	6.369600	2.262100	1.320300	0.351900	-0.495000	-1.874200	-1.769800	3.694500	3.627200	-1.353200	0.844600	-4.652100	-5.231700	34.208200	37.479600	0.481100	0.454200	0.370600	0.360600	0.347000	0.266000	3.195800	3.136700	5.852100	5.399400	3.431600	3.567100	
ACTGT	-0.088400	-0.028700	-0.120000	-0.429100	-8.077100	-0.342800	5.086000	-7.168400	0.251000	0.127600	0.343500	8.160200	5.705800	3.840500	1.092300	-0.191100	0.263300	-1.744000	-1.559700	3.521700	3.652200	2.343000	-0.295900	-1.767900	5.550200	32.042700	35.148900	0.454300	0.529300	0.408600	0.440100	0.307300	0.333500	3.246700	3.714500	5.340600	5.967000	3.419800	3.879900	
TAATC	0.147300	-0.029100	-0.032700	2.597700	-10.174100	-1.346000	4.881000	-7.944600	0.249900	0.119500	0.328500	7.497800	6.080500	3.738200	1.150100	-0.145500	0.161300	-1.260200	-1.561600	3.196400	3.339100	-1.908500	1.195700	-2.042900	-4.748100	35.513600	32.843600	0.488600	0.501200	0.437600	0.369400	0.272200	0.250700	3.385500	2.933800	4.987100	4.576300	3.811600	3.251400	
GAGCT	-0.242100	-0.020000	0.118400	2.335900	-0.812400	0.340700	4.580700	-5.014800	0.240200	0.119900	0.259700	6.287900	5.171500	2.021700	0.999400	0.163300	0.017000	-1.820900	-1.796400	3.380600	3.563200	-2.726900	-0.018900	-1.466700	-3.102200	31.547000	37.762700	0.414200	0.354100	0.356300	0.373800	0.281700	0.226100	3.154500	2.899700	4.800000	4.991500	3.193600	3.791500	
CTACG	0.112500	-0.029100	0.027900	2.227100	-8.433200	-0.690500	5.782700	-6.875400	0.250200	0.135300	0.331700	8.242400	5.591100	3.767500	0.965600	0.006200	0.209500	-1.407300	-1.522100	3.324400	3.322000	-0.261500	-0.471000	6.527700	-2.105200	34.179200	34.451400	0.506200	0.481600	0.426300	0.381800	0.303300	0.222200	3.892900	3.194800	6.076100	4.268900	3.873100	3.392800	
CCCGG	0.258800	-0.037100	0.051000	-0.571700	-3.192400	0.342200	5.194400	-3.730800	0.249400	0.120500	0.274800	6.769800	5.607700	2.081700	0.847700	-0.140800	0.000000	-1.799000	-1.664600	3.341100	3.319700	-0.046100	0.000000	-1.771200	2.556100	33.145200	32.409000	0.399800	0.491800	0.411700	0.415500	0.240000	0.282200	3.157000	3.479800	4.625900	5.545400	3.752100	3.542000	
AGGTC	-0.295100	-0.040000	-0.064900	-4.120000	-5.607800	0.602600	4.139800	-4.319600	0.239900	0.119600	0.279200	7.133500	6.035300	2.141400	1.015700	0.021000	-0.269200	-1.967500	-1.650200	3.656600	3.433900	1.945200	1.009500	-2.144200	-3.408800	35.407000	35.028000	0.395500	0.442400	0.363400	0.380200	0.292200	0.248500	3.242300	3.221000	5.233800	4.503400	3.833400	3.361100	
GTAGT	0.117700	-0.029300	-0.029900	-1.915200	-8.202700	-0.926800	5.698400	-6.995900	0.251700	0.130500	0.351000	7.910700	5.708700	3.885700	1.009400	-0.000500	0.204900	-1.482600	-1.726400	3.321200	3.453900	-0.262500	-1.416200	5.527900	-1.194100	34.222400	31.895700	0.504700	0.448700	0.416000	0.418500	0.296600	0.317700	3.879000	3.273800	6.280100	5.349700	3.873000	3.498400	
TTACT	0.122500	-0.025800	0.056500	-0.219700	-7.468600	-0.678000	5.393000	-7.475300	0.252000	0.120300	0.346700	7.872300	5.736600	3.855000	1.150200	0.144900	0.235200	-1.347600	-1.715100	3.356800	3.435900	-1.328600	-1.271900	6.447900	-3.271800	34.000300	34.967500	0.530700	0.461200	0.496700	0.394200	0.303500	0.240400	3.870200	3.117700	6.227600	4.879300	4.011800	3.464900	
GACAC	0.262100	-0.034100	0.077600	4.322100	-7.258800	0.415000	5.507500	-5.137500	0.249900	0.120800	0.295700	7.520300	5.990000	2.191800	1.013200	0.224500	-0.270900	-1.491300	-1.439100	3.356300	3.425600	-1.291500	1.275100	-2.013800	5.137100	34.350400	34.488100	0.504300	0.509400	0.379700	0.466400	0.230100	0.314700	3.225000	3.569700	4.300300	5.710100	3.462900	3.902600	
GCTTT	-0.131000	-0.000200	0.076400	-8.186800	-10.407200	-0.653400	4.183200	-8.673600	0.249300	0.121300	0.320400	7.351300	5.945900	3.830200	1.208600	-0.350300	-0.166400	-1.838400	-1.229200	3.528700	3.244800	1.558900	1.936300	-3.097900	-4.817600	32.670900	37.047200	0.447200	0.492000	0.369200	0.406400	0.298800	0.270700	3.096700	3.237500	5.443700	6.014200	3.324000	3.831500	
GCGAC	-0.264800	-0.039400	-0.034100	-1.324100	-6.760800	0.327600	5.577400	-4.461600	0.240300	0.120300	0.288500	7.727700	5.662700	2.131500	0.919600	-0.138100	-0.173200	-1.589500	-1.475400	3.440200	3.280200	-0.352500	0.726400	4.691900	-0.682700	32.711900	34.785100	0.485000	0.453600	0.439200	0.444900	0.321200	0.273000	3.532400	3.661400	5.582200	4.731500	3.699100	4.162300	
CGAAC	0.098500	-0.027500	-0.186400	1.536100	-10.432200	-1.093300	5.137500	-7.630100	0.240400	0.120700	0.329900	8.227600	5.648500	3.654500	0.971800	-0.280900	-0.077600	-1.367400	-1.231900	3.334900	3.167900	1.258200	-1.512700	-0.092900	-2.874500	35.953000	35.182100	0.479300	0.476900	0.481400	0.398000	0.264800	0.249300	3.619900	3.209900	4.595900	4.976700	4.267000	3.663400	
TCGTT	-0.253900	-0.024600	-0.076300	-7.986800	-9.579500	0.810500	4.756500	-5.105000	0.246200	0.111100	0.279700	7.328000	6.151100	2.263500	1.068900	0.018400	-0.486400	-1.649500	-1.537200	3.691100	3.414200	0.071900	-0.449800	5.405100	-3.008400	33.936600	35.466300	0.514400	0.467500	0.399800	0.355600	0.345500	0.227200	3.599600	3.089800	6.060000	4.542400	3.723500	3.469200	
ACATA	0.077200	-0.020000	-0.137400	-2.666700	-8.559600	-0.530800	5.193300	-7.146800	0.250000	0.119700	0.340700	8.155500	5.936300	3.899000	1.139500	-0.352700	-0.063300	-1.535200	-1.499500	3.736900	3.256600	-0.032700	-0.624400	6.600300	-3.556500	36.183700	32.662600	0.541000	0.522100	0.453700	0.374500	0.378300	0.242100	3.702700	3.003500	5.944200	4.727900	4.006900	3.236700	
ATGTT	-0.276100	-0.033100	-0.060700	-8.664100	-9.963900	0.770700	4.477900	-5.623200	0.250000	0.117000	0.294600	7.708000	6.309600	2.339100	1.173600	0.346100	-0.575300	-1.593000	-1.547400	3.737800	3.461800	-1.207100	-0.441900	6.040900	-3.389000	35.953800	35.912600	0.542100	0.469800	0.439700	0.348700	0.387700	0.237500	3.790000	3.186800	6.082400	4.769400	3.828100	3.513200	
TTTCA	-0.094800	-0.029400	-0.214200	-1.260600	-10.756900	-1.214400	5.225600	-7.748000	0.243700	0.107200	0.337100	8.266300	5.607200	3.713000	1.069500	0.270100	0.304800	-1.034600	-1.444500	3.162700	3.355800	1.164900	-2.127500	-1.998800	0.414900	35.939100	36.113900	0.506800	0.480200	0.432800	0.485200	0.240000	0.276000	3.222900	3.688300	4.996500	4.674500	3.868500	4.305400	
GATGG	-0.091400	-0.020000	-0.147100	3.659600	-7.502200	-0.469900	5.531100	-7.054800	0.250000	0.121100	0.339700	7.415400	5.884700	3.778000	0.975700	-0.008700	0.369200	-1.503200	-1.488700	3.238200	3.357200	0.086200	-1.704100	-3.796100	3.323200	31.979500	34.519000	0.497600	0.507100	0.376500	0.450200	0.230400	0.290900	2.949500	3.518400	4.197500	5.595400	3.184900	3.700500	
AGATT	0.074800	-0.023700	-0.263700	-4.978600	-10.015900	0.383100	3.908200	-8.647900	0.250000	0.127300	0.348600	7.882700	6.072800	4.011200	1.299500	-0.216700	-0.255600	-1.733500	-1.571700	3.636800	3.368800	3.051300	-1.276900	-1.980700	-6.968900	37.561200	33.971200	0.450900	0.483200	0.443200	0.370900	0.334700	0.252600	3.716200	2.928500	5.575500	4.875800	4.143800	3.245000	
GCAGT	0.103600	-0.028900	-0.125000	-0.866200	-7.618700	-0.541300	5.456300	-6.919000	0.250700	0.126800	0.342000	7.766100	5.592600	3.802400	0.959200	-0.316100	0.166200	-1.478800	-1.704100	3.422700	3.466400	0.927100	-2.282600	4.749800	-1.214700	34.360300	31.672300	0.511200	0.453300	0.433800	0.410700	0.306500	0.298000	3.633500	3.213600	5.721800	5.280200	3.695000	3.430400	
TTGAT	-0.268800	-0.040300	-0.021700	-3.581500	-7.158100	0.299300	5.538600	-5.281800	0.250000	0.110400	0.300900	7.797000	6.022100	2.181600	1.070500	0.461800	-0.254600	-1.222100	-1.612000	3.420600	3.399700	-1.976100	1.517600	5.147200	-0.186300	34.760500	35.180100	0.519300	0.468500	0.554400	0.460100	0.320300	0.288400	3.627700	3.895200	5.758100	4.924500	3.878000	4.222400	
CGTTG	-0.154400	-0.029500	0.089600	-9.999500	-11.642200	-1.464700	4.996100	-7.616900	0.243700	0.125700	0.305200	8.085600	5.813200	3.641000	0.953100	-0.417600	0.065500	-1.562200	-1.056400	3.420800	3.097900	-0.041500	2.606200	-3.025100	-2.245500	35.593200	35.182500	0.467000	0.479900	0.347800	0.382300	0.229700	0.228500	3.108700	3.105200	4.227900	4.741300	3.427000	3.618700	
TTCTA	0.250300	-0.031200	0.131000	-3.726200	-3.469600	0.073900	5.231200	-5.495300	0.250400	0.117800	0.282000	6.922300	5.477500	2.135300	1.074000	0.313300	-0.231800	-1.453200	-1.708900	3.418200	3.345100	-3.222200	2.092000	-0.773600	-1.182800	36.456100	32.088500	0.474000	0.460300	0.485900	0.425000	0.275900	0.269100	3.596100	3.357600	4.894300	4.823300	4.317200	3.567000	
GGTAC	-0.119700	-0.031400	0.068900	-2.702700	-8.102700	-0.831400	5.797100	-6.847400	0.249900	0.129800	0.341000	7.762900	5.650000	3.720900	0.969000	-0.303900	0.003400	-1.570600	-1.407900	3.366000	3.280000	0.300600	0.378500	-2.486600	4.858100	34.548500	34.159100	0.458100	0.508600	0.384400	0.452900	0.226600	0.285700	3.105900	3.831700	4.301000	6.222300	3.382800	4.045800	
TGCCC	0.297600	-0.039200	0.035700	-0.347800	-2.427400	0.431900	5.013500	-4.220500	0.239900	0.120100	0.266800	6.913200	5.283600	2.055900	0.878200	0.038800	-0.037500	-1.666500	-1.802500	3.449600	3.363900	0.496900	-0.196100	-1.660000	-1.663900	36.559000	33.664600	0.400100	0.382600	0.397800	0.402800	0.217600	0.248900	3.122200	3.069600	4.317200	4.542500	3.835100	3.742500	
TCTTT	-0.129700	0.015700	0.067700	-11.343900	-11.374900	-0.317400	4.139500	-8.823300	0.250200	0.129100	0.325200	7.963700	6.132800	4.008200	1.233000	-0.310200	-0.188700	-1.828900	-1.219300	3.643200	3.210600	1.615400	1.983300	-1.796300	-5.183200	33.161500	37.161500	0.492900	0.503800	0.384800	0.401800	0.336600	0.273100	3.313000	3.251000	5.433300	6.028000	3.476000	3.783800	
AGTTG	-0.161800	-0.024400	0.054300	-8.316100	-10.996800	-1.091000	4.473300	-8.060900	0.241800	0.122300	0.316400	7.944200	6.033500	3.665400	1.070500	-0.420500	-0.051900	-1.764200	-1.179600	3.591800	3.141700	1.204600	2.309600	-4.422800	-2.537800	36.291900	34.317000	0.454900	0.462800	0.362100	0.380000	0.250800	0.248800	3.037900	3.179300	4.900300	4.928400	3.505900	3.475400	
CACCA	0.267400	-0.039500	0.007000	4.039800	-6.915400	0.260600	4.879200	-4.654300	0.240300	0.120300	0.282600	7.217200	5.891900	2.148500	0.972900	0.310600	-0.009100	-1.500400	-1.783000	3.396700	3.499000	-1.197500	-1.043100	-2.654100	-0.929700	34.544800	35.326700	0.479100	0.412400	0.377200	0.418000	0.227600	0.274300	3.101500	3.278600	4.290700	4.691800	3.416200	4.001700	
TATTA	-0.137100	-0.028900	0.019700	-3.374000	-9.960200	-1.478600	5.197200	-7.630800	0.249900	0.119500	0.327100	7.543100	5.980100	3.799600	1.163400	-0.143600	0.178400	-1.546700	-1.196700	3.278100	3.167200	-0.556100	2.157200	-3.231700	-1.637900	32.867000	35.619600	0.513200	0.490900	0.351900	0.435100	0.240800	0.265800	2.960700	3.362600	4.530300	4.903400	3.283000	3.841700	
GTGCC	-0.247300	-0.038500	0.140300	0.542100	-3.435900	0.228000	5.622800	-4.750500	0.249900	0.119600	0.274000	7.053400	5.415500	2.044600	0.930900	0.308600	0.090100	-1.439300	-1.554100	3.327000	3.381300	-1.600500	0.612900	4.094300	-1.253100	33.964600	36.339900	0.493000	0.416000	0.445300	0.402800	0.304200	0.205200	3.498700	3.068400	5.527600	4.155500	3.777300	3.825500	
CGCGC	0.243600	-0.029900	0.039800	0.385100	-4.225700	0.396500	5.573400	-4.010100	0.240800	0.120200	0.270200	7.592500	5.591200	2.051200	0.925100	0.003700	0.014400	-1.555600	-1.651800	3.392400	3.387100	0.156500	0.438100	-1.102500	3.547400	36.148300	32.419100	0.421100	0.464300	0.400300	0.423600	0.210000	0.303500	3.153900	3.392000	4.183700	5.612900	3.842500	3.569300	
TATTG	-0.133800	-0.028500	-0.008700	-2.806000	-9.715200	-1.528300	5.014400	-7.777600	0.249900	0.120100	0.320500	7.642900	6.067300	3.775100	1.089400	-0.124500	0.143100	-1.564900	-1.160800	3.281500	3.168000	-0.454800	2.698100	-3.518100	-2.035700	33.033300	34.917400	0.513000	0.471300	0.360300	0.410600	0.245700	0.248100	2.985900	3.231100	4.354200	4.835000	3.267200	3.837400	
TCCGT	0.266800	-0.043100	0.058800	-0.773600	-3.633600	0.297100	5.079700	-4.172900	0.248600	0.115600	0.269100	6.900700	5.669400	2.042200	0.920500	-0.066000	-0.004000	-1.754400	-1.721600	3.487500	3.677900	-0.821700	1.197400	-0.653600	4.303600	34.188700	33.333500	0.412000	0.498200	0.421700	0.408500	0.281200	0.339500	3.398600	3.547600	4.718000	5.826900	3.830600	3.663000	
TACCG	0.273000	-0.030400	0.040100	3.614700	-5.916600	0.367000	4.967000	-4.540900	0.240100	0.120200	0.282700	7.118700	5.711500	2.155900	0.949100	0.258000	-0.059300	-1.566800	-1.756000	3.385000	3.422600	-0.762400	-0.315200	-2.186800	-0.575700	34.811900	34.522400	0.480800	0.409600	0.380100	0.423900	0.232300	0.268000	3.217900	3.284500	4.354500	4.542600	3.421700	3.885500	
TGTTC	-0.139800	-0.017700	0.079700	-9.012800	-10.834000	-1.007700	4.837300	-7.925600	0.240100	0.120300	0.301300	7.823400	5.695800	3.659300	1.026100	-0.357600	0.132500	-1.628400	-1.050200	3.427600	3.124700	0.281900	2.524500	-2.595400	-3.046600	35.424800	35.918000	0.475400	0.476100	0.363800	0.397300	0.239900	0.245200	3.112600	3.169200	4.490000	4.856900	3.473500	3.708000	
CCCAA	0.277000	-0.037800	0.078800	-1.278600	-2.772900	0.309900	5.512200	-4.696700	0.249700	0.120900	0.276300	7.036000	5.678400	2.103000	0.893100	-0.116900	-0.472800	-1.843800	-1.335700	3.319400	3.356700	-0.581900	2.672100	-1.331800	4.421400	32.836900	34.641500	0.398200	0.511400	0.408500	0.501500	0.241400	0.296400	3.164700	3.522200	4.492200	5.436200	3.740400	3.785800	
TGTCA	-0.105600	-0.019600	0.051500	-4.038700	-8.313200	-0.723200	5.456800	-7.157400	0.249800	0.120100	0.330600	8.206000	5.575100	3.712400	1.041300	-0.256100	0.221000	-1.589900	-1.317200	3.366400	3.213400	0.919500	-0.308700	-2.151000	-1.599500	34.630700	36.485900	0.476700	0.466700	0.380400	0.462500	0.232300	0.260200	3.163000	3.570000	4.337600	4.652900	3.507500	4.183700	
TTGTT	-0.259100	-0.037700	-0.009100	-7.950900	-9.823100	0.428000	5.039600	-5.936400	0.250100	0.109000	0.296700	7.483300	6.277500	2.321800	1.163000	0.492400	-0.511500	-1.215400	-1.536900	3.495300	3.401500	-1.727200	-0.056200	5.882300	-2.424500	35.645300	34.824000	0.511900	0.478700	0.530000	0.351700	0.318500	0.221400	3.603400	3.115100	5.704000	4.253800	4.031100	3.488800	
TCACA	0.104500	-0.031600	0.050200	3.905700	-7.774200	-0.961100	5.837700	-6.807500	0.250100	0.126800	0.330600	8.468800	5.669600	3.850000	0.966700	-0.295000	0.255900	-1.176700	-1.529900	3.366400	3.338500	0.107700	-1.121700	5.316700	-2.318300	34.909000	34.119500	0.512100	0.493700	0.529000	0.389500	0.314400	0.231600	3.579700	3.155400	5.497400	4.336100	3.929400	3.482700	
TCCTG	0.251400	-0.020500	0.162100	-4.113500	-0.902000	0.223200	4.897500	-4.781000	0.247300	0.119600	0.260900	6.191600	5.341100	2.030400	0.891800	-0.052500	-0.321400	-1.884200	-1.818600	3.566300	3.358900	-1.925000	3.047700	-0.749100	-1.445100	34.370200	31.633400	0.395700	0.442900	0.401700	0.378900	0.282000	0.271400	3.274300	3.151900	4.747700	4.803800	3.880300	3.276500	
AGAGG	0.063700	-0.018400	-0.112500	2.635900	-6.548000	0.177000	4.955400	-7.294100	0.242700	0.134700	0.332300	7.562600	5.512100	3.709800	0.956100	-0.127400	0.201500	-1.658900	-1.825800	3.395200	3.316100	1.790000	-2.654000	-1.329700	-2.371900	35.844200	31.404700	0.439500	0.420700	0.451800	0.364400	0.271100	0.257900	3.511000	3.097300	5.198800	4.814700	4.141100	3.227900	
AACGC	0.256800	-0.020000	-0.089000	7.522400	-9.838400	0.864700	4.672500	-5.026000	0.240600	0.119100	0.279700	7.258200	6.068600	2.264600	1.066600	0.485300	0.051000	-1.526700	-1.766500	3.420300	3.669600	0.414300	-0.110900	-3.154900	4.845200	35.482300	33.360600	0.462000	0.480500	0.352200	0.386100	0.224300	0.341700	3.065700	3.469800	4.591000	5.853300	3.473400	3.556400	
GTTTG	-0.144400	-0.029400	-0.082900	-7.957800	-13.073500	-2.028700	4.928700	-8.265700	0.241800	0.109500	0.312100	8.188300	5.985000	3.655900	1.048900	-0.079300	0.200900	-1.202300	-1.004200	3.233900	3.169100	1.128900	1.741200	-3.014300	-2.173600	36.013800	35.340200	0.484000	0.506500	0.382800	0.412700	0.254800	0.243000	3.214100	3.176500	5.142300	4.973000	3.719300	3.827300	
GCCAT	0.269700	-0.041000	0.087200	-0.322800	-3.234200	0.232500	5.235900	-4.681600	0.249900	0.116200	0.271100	6.769900	5.618200	2.029500	0.912700	-0.119000	-0.386100	-1.807300	-1.554600	3.423500	3.501600	-0.962400	2.262500	-1.423000	3.866000	33.382300	34.893400	0.395200	0.519100	0.406100	0.448500	0.261100	0.328500	3.184200	3.619300	4.629300	5.718400	3.727200	3.771100	
GCACA	0.103200	-0.034800	0.051000	4.126000	-8.302800	-0.921200	5.931700	-6.595100	0.250000	0.130100	0.330200	8.046700	5.612100	3.807500	0.962600	-0.352600	0.298000	-1.197300	-1.516900	3.238500	3.341200	0.629000	-0.996700	3.362300	-1.864500	35.025600	34.014000	0.502500	0.488500	0.489300	0.374700	0.286200	0.234400	3.458600	3.191200	5.393200	4.237500	3.941900	3.463900	
TTGCT	-0.243000	-0.030900	0.075900	-2.026800	-3.404100	0.327400	5.055700	-5.326800	0.249900	0.110400	0.272500	6.937100	5.667500	2.040900	1.070000	0.523500	0.007700	-1.256200	-1.699500	3.358300	3.453900	-2.055300	-0.721500	4.068000	-2.337700	34.323000	36.882700	0.504800	0.396500	0.515000	0.400700	0.295800	0.216600	3.495100	3.062500	5.573900	4.641400	3.830400	3.900700	
GTATA	0.091500	-0.020300	0.019900	-3.545600	-7.634200	-0.779300	6.070800	-6.636200	0.250000	0.137700	0.356400	7.386600	6.009700	3.942100	1.124600	-0.006500	-0.041600	-1.451400	-1.498400	3.331500	3.235900	-0.563700	0.205200	6.158800	-2.418500	34.482300	32.436000	0.515600	0.528700	0.448800	0.368500	0.295600	0.231800	3.878500	3.009400	6.270800	4.382300	3.990200	3.212400	
AGGAC	-0.309400	-0.049100	-0.051800	-0.401200	-5.509200	0.367100	4.814700	-4.828300	0.240000	0.119900	0.284600	7.321700	5.595600	2.142400	0.909700	0.014800	-0.170300	-1.890700	-1.523700	3.533200	3.336900	1.886300	0.856800	-0.845300	-1.357100	34.644900	35.647200	0.403000	0.440700	0.394900	0.439700	0.277500	0.279700	3.285900	3.648100	4.890400	4.938600	3.863900	4.048800	
TCTTA	-0.134500	-0.019800	0.062800	-6.623800	-8.733200	-1.083500	4.951100	-7.760700	0.249100	0.120400	0.315000	7.604300	5.664600	3.677200	1.067700	-0.302900	0.024900	-1.825500	-1.272200	3.509400	3.117300	1.738000	1.989000	-1.457900	-2.833400	32.376100	35.068000	0.458200	0.480200	0.391900	0.408300	0.315100	0.252000	3.244100	3.325800	5.020800	4.931300	3.419700	3.734200	
TTAGG	0.102500	-0.026500	0.030100	-0.227400	-6.221600	-0.990100	5.800700	-6.949400	0.253700	0.122100	0.336600	7.264300	5.577000	3.866400	0.959200	0.128000	0.242100	-1.306800	-1.730600	3.327800	3.216400	-1.500500	-1.639000	6.104400	-2.769900	34.149100	31.241300	0.519700	0.437400	0.515300	0.395200	0.295700	0.246900	3.843100	3.194500	6.092200	4.782600	4.017900	3.389500	
TTCTG	0.239600	-0.027400	0.088900	-2.902000	-3.376000	0.175000	5.101100	-5.591300	0.249400	0.119600	0.285800	7.054600	5.552200	2.135100	1.026500	0.293300	-0.262400	-1.489000	-1.696600	3.441800	3.364900	-3.190800	2.760800	-0.822900	-0.475600	36.364800	31.749200	0.472900	0.454500	0.479300	0.406800	0.279300	0.276200	3.581500	3.211300	4.815900	4.763200	4.313400	3.444300	
CATGT	-0.082100	-0.004900	-0.248200	3.549700	-10.415600	-0.243600	4.968300	-7.489400	0.250100	0.130300	0.342900	8.465200	6.194100	3.862500	1.125900	0.127300	0.352900	-1.445300	-1.575200	3.264300	3.768100	0.270300	-0.467600	-3.950700	6.638400	32.317300	36.193600	0.523300	0.544000	0.363400	0.445700	0.232000	0.385000	2.951400	3.704900	4.452500	6.031500	3.236600	3.993600	
CCGAT	-0.271400	-0.036300	-0.095700	-3.580200	-6.984600	0.515700	5.265400	-4.469100	0.241500	0.120200	0.290700	7.861300	5.879700	2.185200	0.949700	-0.063400	-0.232100	-1.659800	-1.538800	3.444800	3.396700	0.915800	0.832700	4.140900	-0.035000	32.651000	35.646700	0.492200	0.467800	0.423300	0.452100	0.316100	0.299200	3.588000	3.867400	5.884300	5.158300	3.554200	4.237700	
CGGCG	-0.269600	-0.039500	0.063900	0.235200	-3.222300	0.241300	5.109200	-4.285700	0.240500	0.120200	0.269600	6.984200	5.247000	2.057300	0.860100	0.096900	-0.030000	-1.753000	-1.567100	3.347700	3.405700	0.242800	-0.075100	-1.269700	-1.415000	33.859700	36.643500	0.401400	0.400500	0.421000	0.395000	0.245800	0.206900	3.160300	3.097300	4.425800	4.248300	3.810800	3.741600	
CTGCA	-0.253200	-0.037200	0.125000	-0.249700	-3.717600	0.271200	5.755100	-4.473800	0.247000	0.119800	0.271500	7.242700	5.388300	2.057200	0.976800	0.300600	-0.011100	-1.465800	-1.597000	3.365200	3.408100	-1.888300	-0.196000	4.532900	-1.367000	34.377400	36.200600	0.513200	0.437200	0.444200	0.415300	0.315900	0.214600	3.671300	3.171200	5.487400	4.273500	3.709300	3.945200	
TACTT	0.262200	-0.028500	0.123600	0.145600	-4.322500	0.315600	4.097100	-5.306900	0.243000	0.120100	0.283100	7.132700	5.891100	2.180000	1.244500	0.299500	-0.294100	-1.738000	-1.836400	3.546200	3.563000	-1.911400	1.919500	-3.865300	-3.495600	35.729100	33.659500	0.460100	0.474800	0.386200	0.386700	0.272200	0.325100	3.259300	3.207100	5.115200	5.637800	3.481300	3.493800	
CACGC	0.258400	-0.026300	-0.030500	5.258100	-7.894000	0.560600	5.260200	-4.501800	0.240200	0.121200	0.280700	7.626200	6.035400	2.169600	0.987300	0.333500	0.067100	-1.443200	-1.714900	3.348900	3.601200	-0.725800	0.102500	-2.074500	5.169900	34.047200	33.247000	0.497400	0.485500	0.378100	0.406000	0.221600	0.333500	3.125800	3.527300	4.299300	5.698700	3.404300	3.643300	
AACAT	0.276100	-0.033100	-0.060700	8.664100	-9.963900	0.770700	4.477900	-5.623200	0.250000	0.117000	0.294600	7.708000	6.309600	2.339100	1.173600	0.575300	-0.346100	-1.547400	-1.593000	3.461800	3.737800	0.441900	1.207100	-3.389000	6.040900	35.912600	35.953800	0.469800	0.542100	0.348700	0.439700	0.237500	0.387700	3.186800	3.790000	4.769400	6.082400	3.513200	3.828100	
CTCTA	0.254500	-0.029800	0.100600	-2.979000	-3.157900	0.192900	5.271700	-4.923800	0.249600	0.120200	0.280300	6.969300	5.495900	2.096700	0.989800	0.166700	-0.233300	-1.706000	-1.725900	3.466700	3.357400	-2.411100	1.962400	-0.155400	-1.578400	35.620800	31.938500	0.454100	0.454600	0.437200	0.411000	0.294300	0.276700	3.630300	3.333700	5.088200	4.864000	4.130000	3.414300	
TCCAA	0.269000	-0.039500	0.116200	-1.068500	-2.954900	0.240300	5.478500	-5.255700	0.249800	0.112200	0.279100	7.052400	5.644100	2.094800	0.973300	-0.048000	-0.481000	-1.759200	-1.295100	3.424300	3.333100	-1.244700	2.601200	-0.550300	3.065800	33.833900	34.769400	0.414500	0.512800	0.442700	0.516300	0.276400	0.293600	3.418400	3.528600	4.626400	5.620200	3.902800	3.834200	
ACCGA	0.245300	-0.040000	0.033000	0.844800	-4.393400	0.309400	5.100100	-3.841500	0.251100	0.119300	0.270800	7.032000	5.907900	2.042000	0.946000	-0.042600	-0.089700	-1.786400	-1.655000	3.570800	3.517800	-1.096700	0.786900	-0.326500	3.205100	34.647400	32.600300	0.418900	0.492000	0.415700	0.416400	0.282400	0.316100	3.335000	3.537100	4.699900	5.893500	3.957900	3.614000	
GTTAG	-0.097400	-0.021800	-0.150400	-0.945300	-10.623700	-1.128100	5.761900	-7.143800	0.249800	0.121500	0.335000	8.589800	5.795800	3.831800	0.984000	0.112900	0.099500	-1.235500	-1.390700	3.142200	3.453800	1.199100	-0.744100	-2.548800	8.108400	34.735800	34.299800	0.485800	0.523300	0.414100	0.459200	0.248300	0.314600	3.283000	3.926800	4.770900	6.158900	3.737700	3.958700	
TTTGT	-0.089200	-0.031700	-0.244200	-2.220200	-11.919700	-1.643200	5.330900	-7.696200	0.250000	0.108500	0.340700	9.196500	6.018600	3.949600	1.117200	0.162700	0.504800	-1.008700	-1.224800	3.160200	3.640600	1.598100	-1.104700	-2.004000	6.886200	35.659600	35.380800	0.505600	0.516100	0.403400	0.533700	0.239300	0.350400	3.171700	3.647100	5.060900	5.624600	3.828000	4.051800	
CATTC	-0.143900	-0.018000	-0.029200	-4.070200	-9.400400	-1.010700	4.389600	-8.493600	0.249100	0.120200	0.319200	7.702700	6.105800	3.729000	1.229700	-0.143900	0.112100	-1.547200	-1.198100	3.322200	3.206700	-0.714100	2.519000	-5.716300	-3.396500	32.995100	36.054600	0.499500	0.491200	0.374500	0.426000	0.240300	0.268400	2.938000	3.256900	4.844700	5.152000	3.294100	3.830100	
GGTGC	-0.112800	-0.032300	-0.004900	-3.312800	-7.753200	-0.724800	5.573900	-6.887300	0.250000	0.129100	0.333600	7.673300	5.608800	3.695500	0.943900	-0.300000	0.314400	-1.548800	-1.303500	3.362800	3.293700	0.753300	-0.773200	-2.738700	3.295800	34.212400	34.339300	0.453500	0.494200	0.383800	0.474900	0.223600	0.287800	3.031300	3.442800	4.229900	5.471200	3.341200	3.869800	
ACGGT	-0.263700	-0.046200	0.004600	-1.307800	-4.829500	0.376400	4.877300	-3.813200	0.248800	0.119700	0.270200	7.111600	5.957900	2.038800	0.945000	0.007300	0.039500	-1.769000	-1.793800	3.712100	3.587500	-1.185800	1.227200	4.857100	-0.483200	33.368900	35.089500	0.498700	0.413800	0.387700	0.414900	0.343400	0.297900	3.601000	3.322100	5.950600	4.793700	3.659900	3.960700	
GTAGC	0.107100	-0.030300	0.034400	-0.002500	-6.843700	-0.947500	5.871700	-6.809500	0.249800	0.129900	0.340700	7.323400	5.498600	3.742200	0.967400	0.017400	0.243100	-1.461400	-1.743700	3.291100	3.302600	-0.575700	-1.288600	5.104300	-1.666600	34.378000	31.200200	0.498800	0.433400	0.426800	0.404300	0.292900	0.260800	3.851900	3.227400	6.304800	4.781800	3.914600	3.387200	
ATTAA	-0.099500	-0.019500	-0.232000	3.823700	-11.233500	-1.009100	5.642900	-7.443800	0.250100	0.112900	0.356100	8.254000	5.845700	3.989900	1.090600	0.194400	-0.018100	-1.197700	-1.263400	3.178800	3.450100	1.625000	-0.001500	-1.605900	6.971800	35.333400	34.502900	0.493100	0.548300	0.439800	0.592400	0.257900	0.324300	3.398200	3.887400	5.020600	6.294600	3.779800	4.155600	
AAAGC	0.131000	-0.000200	0.076400	8.186800	-10.407200	-0.653400	4.183200	-8.673600	0.249300	0.121300	0.320400	7.351300	5.945900	3.830200	1.208600	0.166400	0.350300	-1.229200	-1.838400	3.244800	3.528700	-1.936300	-1.558900	-4.817600	-3.097900	37.047200	32.670900	0.492000	0.447200	0.406400	0.369200	0.270700	0.298800	3.237500	3.096700	6.014200	5.443700	3.831500	3.324000	
GCCGC	0.251300	-0.039800	0.044400	-0.150800	-3.717000	0.281000	5.374200	-3.772900	0.248100	0.119900	0.266100	6.647300	5.508900	2.008400	0.886000	-0.123400	0.029300	-1.776000	-1.690800	3.411300	3.422400	-0.689500	1.086200	-0.794400	3.325400	33.379100	32.486100	0.394500	0.475200	0.410100	0.415700	0.257700	0.300100	3.225300	3.444300	4.497300	5.673800	3.771300	3.532200	
CTCGG	0.280700	-0.034900	-0.070700	2.048500	-6.323100	0.437900	5.446800	-4.493300	0.240600	0.120400	0.294100	7.853500	5.743700	2.149800	0.890200	0.186300	0.060600	-1.557600	-1.617000	3.345000	3.412600	-0.778900	-0.587200	-0.086600	4.292600	34.954200	32.694300	0.456400	0.491400	0.444100	0.427300	0.284100	0.305800	3.740300	3.584700	4.836800	5.628000	4.099500	3.613400	
CAGTA	-0.247000	-0.026400	0.154700	0.132200	-4.001900	0.286200	5.085200	-4.914500	0.249100	0.120700	0.279500	6.964900	5.692400	2.131900	1.076900	0.236900	-0.273800	-1.717300	-1.698800	3.375500	3.510600	-3.139200	2.130700	-0.345100	-1.986000	31.944400	35.259500	0.458300	0.483700	0.404900	0.386700	0.280200	0.256100	3.240100	3.231300	4.877700	4.671500	3.473100	3.531700	
GACTC	0.253200	-0.019800	0.101600	-0.056300	-3.108000	0.392600	4.550600	-5.321600	0.240700	0.120200	0.277500	6.739700	5.758000	2.102900	1.100800	0.201700	-0.164800	-1.747300	-1.830800	3.515400	3.454500	-2.436800	2.949500	-3.443800	-1.200500	35.211100	31.993600	0.450700	0.443200	0.390200	0.379400	0.252800	0.304600	3.176400	3.223000	4.735400	4.937200	3.482600	3.385300	
ATCAG	0.273700	-0.038300	-0.015000	2.276000	-6.526600	0.388800	5.307300	-5.062300	0.250000	0.118800	0.299700	7.812900	5.978400	2.167600	1.004900	0.258900	-0.304500	-1.596000	-1.581700	3.429800	3.509200	-1.567800	1.471500	-0.243300	5.540600	35.529500	34.162700	0.464600	0.521900	0.459600	0.438300	0.299900	0.334000	3.871800	3.828600	4.991700	5.797400	4.198000	3.654200	
CGACC	0.111500	-0.020400	0.013500	4.342100	-8.109900	-0.441500	4.800600	-7.701600	0.249700	0.123900	0.330700	7.819400	5.584000	3.611000	0.942100	-0.158200	0.270500	-1.357800	-1.577000	3.235700	3.378200	0.344600	-0.628100	-1.450500	-3.201500	35.903200	34.781300	0.457200	0.445500	0.447600	0.384600	0.253800	0.227800	3.550400	3.049900	4.680100	4.290100	4.133000	3.379400	
TTCCT	0.307700	-0.050400	-0.051500	0.204600	-4.791700	0.304900	4.679700	-5.063600	0.240700	0.117900	0.286400	7.126000	5.611500	2.181500	0.949400	0.314800	-0.040600	-1.428900	-1.913000	3.375400	3.548300	-1.669900	-1.885000	-1.378300	-1.401500	36.582400	34.572600	0.465100	0.402800	0.468700	0.385400	0.276200	0.274000	3.610700	3.317500	4.912300	5.166800	4.197500	3.812500	
ATCCC	0.311800	-0.049900	-0.107000	1.869900	-4.905400	0.512000	4.794700	-4.330700	0.239800	0.120200	0.289300	7.634500	5.809400	2.151600	0.928400	0.254900	-0.008200	-1.642400	-1.873300	3.510100	3.471100	-1.430700	-1.069400	-0.575000	-1.093700	36.196200	33.742600	0.447100	0.392900	0.450400	0.386200	0.330700	0.270800	3.773900	3.249500	5.193600	4.687200	4.109300	3.691800	
TTGAA	-0.265000	-0.040300	0.053400	-0.406200	-6.108100	0.211700	5.950400	-5.391500	0.249900	0.109000	0.299300	7.903700	5.752700	2.206000	1.084700	0.436100	-0.319800	-1.095800	-1.450800	3.334400	3.319300	-2.194500	1.918200	5.442600	0.577300	34.703800	34.748200	0.524200	0.481500	0.596000	0.485100	0.315900	0.266900	3.578600	3.734100	5.566900	4.564100	3.992300	4.298900	
ATCCG	0.280500	-0.039700	-0.044300	1.445000	-5.598700	0.306900	4.890600	-4.696700	0.241300	0.120100	0.288900	7.453200	5.743100	2.139800	0.952600	0.229000	-0.066300	-1.620100	-1.765700	3.491400	3.459200	-1.576400	-0.742000	-0.387800	-0.468500	36.250200	33.970700	0.458100	0.411400	0.446600	0.418000	0.316800	0.273100	3.771900	3.312600	5.152400	4.679000	4.178200	3.814600	
CAAAA	0.149300	-0.029000	-0.111000	7.018400	-13.422500	-2.270800	4.659400	-8.847700	0.250000	0.106500	0.322000	8.202700	6.099400	3.855400	1.114900	-0.184300	-0.119500	-1.021500	-1.048200	3.172000	3.227000	-1.602500	-0.895700	-2.334100	-3.116500	35.449100	36.921600	0.506100	0.529400	0.415700	0.428500	0.247500	0.264300	3.188500	3.248800	5.189100	5.622500	3.857300	3.937300	
CTTTC	-0.146000	-0.021000	-0.127500	-5.388800	-11.900200	-1.489600	4.402400	-8.779300	0.239600	0.110100	0.318800	7.816400	5.904600	3.642700	1.114600	-0.061500	0.211200	-1.275800	-1.055900	3.242900	3.224100	1.696500	1.706600	-4.520000	-2.916500	36.133600	36.121300	0.479900	0.492700	0.395100	0.424800	0.262400	0.261900	3.225300	3.238600	5.667500	5.201100	3.697900	3.789100	
CTATC	0.099400	-0.016700	-0.072600	-2.837600	-8.095600	-0.440500	5.520800	-7.370900	0.250000	0.129900	0.349800	7.406100	5.974900	3.843500	1.097100	0.004800	0.048500	-1.543400	-1.541300	3.473000	3.291500	-0.089100	0.746000	6.956400	-3.748600	34.483300	32.308200	0.506000	0.501100	0.387200	0.375300	0.332300	0.238100	3.943400	2.969300	6.348600	4.468800	3.812300	3.237500	
TCGAG	-0.261400	-0.031800	-0.091100	-3.493500	-6.654900	0.441000	5.445800	-4.388400	0.249300	0.120400	0.296400	7.995200	5.903300	2.126000	0.916500	0.020000	-0.207100	-1.594000	-1.562500	3.531100	3.336200	0.172500	0.813400	5.979300	0.087200	33.148000	35.017800	0.499900	0.465100	0.433600	0.441700	0.346400	0.283800	3.657600	3.753700	5.731500	4.844400	3.651400	4.058600	
TCGGT	-0.245300	-0.040000	0.033000	-0.844800	-4.393400	0.309400	5.100100	-3.841500	0.251100	0.119300	0.270800	7.032000	5.907900	2.042000	0.946000	0.089700	0.042600	-1.655000	-1.786400	3.517800	3.570800	-0.786900	1.096700	3.205100	-0.326500	32.600300	34.647400	0.492000	0.418900	0.416400	0.415700	0.316100	0.282400	3.537100	3.335000	5.893500	4.699900	3.614000	3.957900	
CGTGG	-0.111700	-0.029500	-0.030400	-2.346800	-7.839400	-0.621000	5.679700	-6.727100	0.250300	0.131200	0.330700	8.260900	5.656800	3.793000	0.922200	-0.235900	0.309400	-1.479200	-1.322500	3.315700	3.223600	0.824700	-1.517300	-2.313000	3.129000	33.930300	34.076800	0.485700	0.501500	0.381900	0.475300	0.220400	0.281700	3.134200	3.439300	4.231500	5.499400	3.400200	3.801500	
AGCCA	0.270900	-0.034900	0.033800	-0.085700	-2.778200	0.416800	4.658500	-4.470000	0.240600	0.119400	0.270600	6.799800	5.454600	2.022600	0.927300	-0.031300	-0.102500	-1.699200	-1.823300	3.502000	3.435800	0.893200	-0.785900	-3.084200	-1.523600	37.482000	33.826300	0.366800	0.394400	0.385500	0.387300	0.229600	0.259600	2.969700	3.152300	4.682900	4.823700	3.703000	3.741800	
CTAGC	0.106500	-0.031000	0.003100	-0.512400	-6.563400	-0.821500	5.709300	-7.002700	0.249100	0.128500	0.333000	7.205400	5.536200	3.690800	0.942300	0.010300	0.216700	-1.512000	-1.773000	3.347100	3.318700	-0.239600	-1.327800	6.049300	-1.879300	34.551900	31.195500	0.492100	0.431700	0.388100	0.392800	0.299900	0.270400	3.928800	3.195200	6.193600	4.771300	3.741800	3.332700	
CCCAC	0.260900	-0.038600	0.125400	-1.606100	-2.953400	0.246300	5.610800	-4.430700	0.249500	0.120000	0.276300	6.759800	5.643700	2.078900	0.886100	-0.147400	-0.297400	-1.782700	-1.465900	3.326600	3.321600	-0.424000	2.144100	-1.614600	3.523200	33.255800	33.923100	0.406100	0.501900	0.418100	0.449400	0.244300	0.301500	3.176700	3.578800	4.680900	5.566800	3.824000	3.641400	
TGTAA	-0.112100	-0.031200	0.118000	-0.481700	-7.494800	-1.101500	6.061500	-6.852200	0.251800	0.119900	0.339900	8.065500	5.570800	3.929100	1.086400	-0.221800	-0.093600	-1.555100	-1.212400	3.310300	3.279900	0.622800	1.693600	-2.253700	5.864900	34.383300	34.506900	0.504300	0.543400	0.384800	0.555500	0.223100	0.299000	3.201000	3.883600	4.511000	6.309500	3.480000	4.221900	
ATTAC	-0.106300	-0.020300	-0.207100	2.441300	-11.265700	-1.041600	5.529100	-7.507100	0.250000	0.120000	0.357200	8.239800	5.864200	3.914500	1.074800	0.169700	0.123500	-1.200400	-1.408500	3.196800	3.374200	1.664900	-1.281200	-2.192600	6.086300	35.470600	34.530500	0.493800	0.526100	0.436000	0.471200	0.259500	0.310300	3.397300	3.882700	5.208600	6.339000	3.818100	4.072000	
CAGTG	-0.240600	-0.027100	0.129000	-0.035800	-4.391700	0.242400	5.101800	-5.028200	0.245900	0.120300	0.276100	7.031400	5.863500	2.138000	1.027700	0.251300	-0.310200	-1.723800	-1.661200	3.384700	3.465700	-3.017000	2.282700	-0.279300	-2.072500	31.932100	34.707900	0.453500	0.483000	0.403800	0.395200	0.277700	0.235700	3.252900	3.071700	4.879200	4.468900	3.483300	3.491400	
TAGTG	-0.245600	-0.028200	0.126500	0.322000	-4.193400	0.231300	5.130200	-4.804000	0.247000	0.120600	0.274600	7.092100	5.816100	2.144500	1.084800	0.244100	-0.304100	-1.732200	-1.662300	3.378000	3.482600	-2.217300	2.337100	-1.051600	-2.134300	32.221700	34.717300	0.451500	0.482700	0.413100	0.394900	0.274500	0.242600	3.349200	3.117200	4.729100	4.498600	3.523600	3.514100	
TTATC	0.095500	-0.019700	-0.012800	-4.376500	-7.524500	-0.843100	5.905100	-7.202400	0.253900	0.116900	0.357500	7.351800	6.013100	3.924700	1.136100	0.146900	0.015400	-1.341500	-1.515600	3.416000	3.245600	-1.465500	0.792600	7.867800	-3.585200	34.313000	32.189900	0.528900	0.507600	0.496900	0.374400	0.316300	0.232200	3.890700	2.991300	6.231000	4.372100	4.097900	3.203900	
GTGGT	-0.249900	-0.043600	0.104400	-0.706200	-4.933200	0.159800	5.456800	-4.561500	0.249900	0.119800	0.279300	7.045400	5.804000	2.071400	0.951900	0.291800	0.097900	-1.518000	-1.760500	3.389900	3.521500	-2.089100	1.318100	3.752300	-0.417500	34.022700	34.898300	0.499200	0.422400	0.441100	0.432200	0.308000	0.286200	3.605000	3.310700	5.634100	4.582100	3.632600	3.980400	
CAGTT	-0.232300	-0.022100	0.087500	-1.663000	-5.711600	0.314900	4.485200	-5.502100	0.247300	0.118900	0.281800	6.921800	6.036800	2.177800	1.182900	0.267900	-0.464500	-1.752600	-1.724200	3.495600	3.584700	-2.771800	1.217000	-1.056200	-4.078700	32.414900	36.684600	0.446000	0.461300	0.395200	0.360000	0.297500	0.249700	3.264200	3.079500	5.216900	4.959800	3.378200	3.564000	
CTCCA	0.288700	-0.046600	-0.047300	1.060800	-5.262100	0.271600	4.997100	-4.077800	0.240400	0.119500	0.289900	7.330400	5.586500	2.114000	0.872900	0.173600	-0.025000	-1.572000	-1.805800	3.360400	3.457300	-1.076500	-1.176500	-1.463600	-0.489700	35.791500	34.331300	0.443900	0.410900	0.433000	0.419300	0.283100	0.278000	3.645600	3.322600	4.900200	4.612500	4.058300	3.908100	
AATCG	-0.101100	-0.019000	-0.169700	4.455200	-9.580800	-0.558000	4.550100	-7.998500	0.250100	0.121500	0.341700	7.432200	5.934100	3.822400	1.178700	0.203300	0.199800	-1.559900	-1.520800	3.343300	3.400600	0.802700	-1.049800	-6.143900	-0.950100	33.673100	36.641200	0.493200	0.457900	0.364200	0.453300	0.245100	0.283100	2.930200	3.729500	4.876300	5.021100	3.279300	4.133300	
CAGGA	-0.251400	-0.020500	0.162100	4.113500	-0.902000	0.223200	4.897500	-4.781000	0.247300	0.119600	0.260900	6.191600	5.341100	2.030400	0.891800	0.321400	0.052500	-1.818600	-1.884200	3.358900	3.566300	-3.047700	1.925000	-1.445100	-0.749100	31.633400	34.370200	0.442900	0.395700	0.378900	0.401700	0.271400	0.282000	3.151900	3.274300	4.803800	4.747700	3.276500	3.880300	
GAGCC	-0.241600	-0.016600	0.129600	3.635100	-0.669100	0.353200	4.763600	-4.872900	0.241000	0.120000	0.260300	6.401800	5.172600	2.037900	0.962700	0.164100	0.033200	-1.791300	-1.726400	3.347200	3.475800	-2.675100	1.096100	-1.682000	-2.621800	31.602000	37.160800	0.421600	0.365100	0.369500	0.389900	0.277900	0.216900	3.138800	2.936000	4.739600	4.527500	3.243000	3.790600	
CAGAG	-0.249700	-0.027400	0.095300	2.658000	-2.986800	0.211900	5.134900	-5.060700	0.248700	0.121200	0.281100	7.027400	5.528200	2.102000	0.959300	0.254500	-0.173600	-1.740300	-1.718300	3.376000	3.467200	-2.680200	2.432900	-0.176800	-0.003300	31.575000	35.458500	0.450600	0.451300	0.397700	0.439100	0.282400	0.293100	3.214800	3.625200	4.792200	5.064000	3.368400	4.159400	
CATTA	-0.151300	-0.028700	-0.025900	-3.082200	-10.423100	-1.429200	4.923900	-7.891200	0.249900	0.120000	0.320200	7.736500	6.063100	3.769500	1.156000	-0.164700	0.154600	-1.506500	-1.228800	3.296800	3.156700	-0.779000	1.934100	-4.513600	-2.120600	32.710600	35.610400	0.503200	0.497200	0.362100	0.433700	0.229500	0.265800	2.929700	3.341500	4.454100	5.074400	3.272700	3.812000	
CTGCC	-0.249800	-0.030600	0.086100	-0.338500	-3.281400	0.349600	5.418100	-4.507300	0.248300	0.119400	0.270300	7.037600	5.424500	2.034100	0.930800	0.337300	0.059700	-1.544000	-1.624100	3.399100	3.400000	-1.848700	0.335100	4.169700	-1.501800	33.884200	36.255900	0.505400	0.403000	0.420000	0.401000	0.317500	0.208500	3.676000	3.063400	5.630400	4.207600	3.607700	3.841200	
GCGCC	-0.245000	-0.029800	0.055800	0.360800	-3.363700	0.382700	5.398200	-4.069800	0.240400	0.119900	0.267700	6.985800	5.396600	2.030800	0.935500	-0.018100	0.038800	-1.659800	-1.581000	3.382100	3.385500	-0.612300	-0.024000	2.934400	-1.544300	32.295100	36.271700	0.458400	0.403000	0.419400	0.406000	0.300900	0.206300	3.361000	3.030300	5.611200	4.222700	3.525800	3.842600	
GTTTC	-0.141600	-0.021600	-0.103400	-6.727200	-12.539000	-1.663900	4.730200	-8.390000	0.237700	0.110100	0.309000	7.892000	5.781400	3.649500	1.074100	-0.024900	0.275100	-1.218700	-0.986200	3.221700	3.217300	1.220200	1.740900	-3.246500	-2.326300	35.773200	36.224800	0.477200	0.501300	0.387000	0.430800	0.253200	0.256600	3.149600	3.240700	5.203400	5.022900	3.683100	3.841600	
TGACT	0.110800	-0.020300	-0.029800	2.386400	-8.123300	-0.179900	4.808400	-7.597400	0.250100	0.121500	0.340100	7.913200	5.656900	3.690600	1.072900	-0.122800	0.255600	-1.446600	-1.750000	3.297400	3.497800	0.897100	-1.754900	-1.295600	-3.013400	35.967200	35.254700	0.456300	0.443000	0.442100	0.389800	0.270800	0.246800	3.612200	3.086800	4.820800	4.724500	4.033400	3.460600	
ACAAT	0.090100	-0.029100	-0.316400	-1.681900	-11.920700	-0.887000	5.052400	-7.600800	0.249600	0.111500	0.349400	8.867400	5.942800	3.802400	1.058200	-0.457300	-0.141200	-1.436700	-1.188500	3.726500	3.229100	1.418100	-2.443100	6.812400	-2.223400	35.291700	35.477000	0.515500	0.480300	0.468900	0.415700	0.359600	0.271000	3.681100	3.285000	5.620400	5.080900	3.949200	3.764300	
TCTGA	-0.095400	-0.030300	-0.045300	-0.485300	-6.315200	-0.797500	5.496600	-7.039400	0.250800	0.122700	0.339200	7.841500	5.500600	3.802200	0.944100	-0.221900	0.260400	-1.688000	-1.449900	3.352200	3.477100	1.969100	0.140400	-0.752300	5.854000	31.267800	34.540100	0.442200	0.516500	0.416600	0.467500	0.279900	0.321500	3.259300	3.708100	4.695200	5.644300	3.391200	3.810800	
CATCC	-0.087500	-0.019700	-0.117800	1.574800	-7.627600	-0.390900	4.820000	-7.742200	0.241200	0.128900	0.338200	7.689500	5.830800	3.717100	1.042300	0.066200	0.229000	-1.497100	-1.550700	3.264800	3.349300	-0.164900	-0.636600	-4.243800	-1.055900	32.230400	36.206200	0.490100	0.449400	0.370500	0.460800	0.231300	0.279900	2.931300	3.585200	4.283400	4.931000	3.221200	4.177200	
AAATA	0.149300	-0.015700	-0.005100	4.858700	-11.994400	-1.257300	3.962100	-8.653200	0.250300	0.126900	0.337600	8.007300	6.196900	4.182500	1.271900	0.072300	0.182600	-1.188700	-1.599100	3.355200	3.367700	-1.583900	0.725600	-3.783700	-5.269900	37.581000	34.017200	0.524900	0.524500	0.450300	0.361600	0.318000	0.271300	3.385700	3.076900	5.924500	5.032400	3.973000	3.348000	
GAGTT	-0.236100	-0.021900	0.068100	-1.892300	-5.245400	0.418900	4.004200	-5.427000	0.241700	0.119200	0.279600	6.835700	6.072300	2.172400	1.243400	0.154200	-0.441600	-1.835000	-1.748900	3.523300	3.591600	-2.614800	1.069000	-1.560500	-5.117400	32.686300	36.985300	0.447200	0.446800	0.374300	0.365600	0.318000	0.258500	3.212300	3.056300	5.294300	5.272800	3.360900	3.571100	
GGGCA	-0.297600	-0.039200	0.035700	0.347800	-2.427400	0.431900	5.013500	-4.220500	0.239900	0.120100	0.266800	6.913200	5.283600	2.055900	0.878200	0.037500	-0.038800	-1.802500	-1.666500	3.363900	3.449600	0.196100	-0.496900	-1.663900	-1.660000	33.664600	36.559000	0.382600	0.400100	0.402800	0.397800	0.248900	0.217600	3.069600	3.122200	4.542500	4.317200	3.742500	3.835100	
AGGAT	-0.303900	-0.049900	-0.090800	-1.699000	-5.166500	0.423600	4.512100	-4.762500	0.240200	0.120100	0.286900	7.347400	5.807000	2.127800	0.951200	0.032800	-0.251900	-1.922300	-1.639700	3.594400	3.500000	2.133800	1.302300	-1.201900	-1.094400	34.577200	36.194900	0.398600	0.445000	0.372100	0.444800	0.282700	0.317800	3.283600	3.781400	5.236900	5.134900	3.720000	4.019300	
ATATT	0.094500	-0.010300	-0.159300	-5.697100	-10.690300	-0.445900	5.050100	-7.848900	0.255100	0.130100	0.353200	7.881100	6.228900	4.076400	1.267300	0.013700	-0.180900	-1.630300	-1.599000	3.614000	3.338200	-0.043500	-0.621900	7.559300	-5.676400	35.156600	33.964500	0.521700	0.527200	0.413000	0.371200	0.383200	0.263300	3.973000	3.045600	6.937400	5.170100	3.922200	3.342100	
GGAAC	0.082900	-0.028300	-0.218800	0.713500	-9.927300	-0.672200	4.858900	-7.888200	0.240000	0.119900	0.329700	8.231000	5.699700	3.645100	0.973800	-0.347600	-0.101100	-1.436000	-1.256100	3.361700	3.172200	1.472500	-1.617100	-0.591900	-3.391100	36.275300	35.218400	0.462700	0.466400	0.491000	0.397800	0.278500	0.252800	3.557300	3.200200	4.680600	4.974300	4.210500	3.651800	
CAGGC	-0.251500	-0.029600	0.138300	3.430600	-1.273500	0.188000	4.942100	-4.660900	0.247300	0.119800	0.260600	6.170500	5.283000	2.026200	0.903500	0.303700	0.115500	-1.802200	-1.923800	3.388800	3.514500	-2.918100	1.623200	-1.401000	-1.923600	31.591600	33.956300	0.441300	0.379200	0.376700	0.383100	0.269500	0.263200	3.148800	3.088500	4.799400	4.713700	3.263500	3.754000	
GGATG	0.087500	-0.019700	-0.117800	-1.574800	-7.627600	-0.390900	4.820000	-7.742200	0.241200	0.128900	0.338200	7.689500	5.830800	3.717100	1.042300	-0.229000	-0.066200	-1.550700	-1.497100	3.349300	3.264800	0.636600	0.164900	-1.055900	-4.243800	36.206200	32.230400	0.449400	0.490100	0.460800	0.370500	0.279900	0.231300	3.585200	2.931300	4.931000	4.283400	4.177200	3.221200	
TTATG	0.096400	-0.019700	-0.017400	-4.979200	-8.081100	-1.018400	6.081300	-6.885500	0.253700	0.118900	0.350100	7.472900	5.957600	3.972000	1.124400	0.118500	-0.100700	-1.340700	-1.456200	3.431500	3.237600	-1.409600	0.639000	8.252600	-2.994700	34.406200	31.889400	0.532200	0.517200	0.508600	0.359900	0.313400	0.225200	3.874200	2.981900	6.215000	4.216500	4.135400	3.230900	
ACGCA	-0.262200	-0.030600	0.030400	-1.069800	-4.315800	0.349200	5.356000	-4.046900	0.240500	0.117100	0.266900	7.373400	5.421200	2.051500	0.992200	-0.046900	-0.005500	-1.673100	-1.552500	3.643300	3.403000	-0.901100	-0.594000	5.314300	-1.644000	33.733200	36.194900	0.493900	0.441100	0.408600	0.400200	0.348300	0.209900	3.507400	3.150400	5.722300	4.302400	3.770800	3.879100	
ATGGC	-0.269700	-0.041000	0.087200	0.322800	-3.234200	0.232500	5.235900	-4.681600	0.249900	0.116200	0.271100	6.769900	5.618200	2.029500	0.912700	0.386100	0.119000	-1.554600	-1.807300	3.501600	3.423500	-2.262500	0.962400	3.866000	-1.423000	34.893400	33.382300	0.519100	0.395200	0.448500	0.406100	0.328500	0.261100	3.619300	3.184200	5.718400	4.629300	3.771100	3.727200	
TGGCG	-0.276500	-0.038900	0.063500	0.365100	-3.063200	0.310500	5.142600	-4.263900	0.240600	0.120000	0.269900	7.010300	5.316500	2.051200	0.892800	0.051900	-0.026900	-1.786900	-1.575600	3.379800	3.412300	0.429300	-0.011900	-1.160600	-1.563600	34.091600	36.773400	0.401700	0.399600	0.411700	0.395100	0.257600	0.209400	3.177800	3.124200	4.574800	4.273100	3.831900	3.751800	
TATGT	-0.077200	-0.020000	-0.137400	2.666700	-8.559600	-0.530800	5.193300	-7.146800	0.250000	0.119700	0.340700	8.155500	5.936300	3.899000	1.139500	0.063300	0.352700	-1.499500	-1.535200	3.256600	3.736900	0.624400	0.032700	-3.556500	6.600300	32.662600	36.183700	0.522100	0.541000	0.374500	0.453700	0.242100	0.378300	3.003500	3.702700	4.727900	5.944200	3.236700	4.006900	
CACTG	0.240600	-0.027100	0.129000	0.035800	-4.391700	0.242400	5.101800	-5.028200	0.245900	0.120300	0.276100	7.031400	5.863500	2.138000	1.027700	0.310200	-0.251300	-1.661200	-1.723800	3.465700	3.384700	-2.282700	3.017000	-2.072500	-0.279300	34.707900	31.932100	0.483000	0.453500	0.395200	0.403800	0.235700	0.277700	3.071700	3.252900	4.468900	4.879200	3.491400	3.483300	
CGTCG	-0.108900	-0.022400	0.025500	-4.272200	-8.523400	-0.692900	5.177000	-7.207400	0.249800	0.129800	0.325400	8.109100	5.506800	3.651300	0.934600	-0.247100	0.195300	-1.536000	-1.313600	3.351300	3.214400	0.535700	-0.152000	-2.510900	-1.349200	34.626400	36.091900	0.474800	0.462000	0.372600	0.453600	0.224200	0.252600	3.177200	3.530300	4.296200	4.618400	3.409600	4.157300	
GGACA	0.090500	-0.010600	0.005500	3.538100	-7.774100	-0.084100	5.050700	-7.316400	0.240500	0.129600	0.329900	8.231800	5.608200	3.703800	0.967100	-0.218800	0.193500	-1.388000	-1.606400	3.228400	3.363600	0.109100	-1.124500	-1.831000	-2.356800	36.233700	34.474100	0.446700	0.471900	0.459500	0.387300	0.252700	0.236300	3.498100	3.166600	4.720300	4.393200	4.118500	3.481300	
GGTCT	-0.086600	-0.019300	-0.087100	-4.285700	-7.963300	0.171000	4.713100	-7.618200	0.249900	0.131200	0.336600	7.745500	5.641500	3.647700	1.008500	-0.233500	0.128100	-1.642100	-1.520400	3.420700	3.372900	1.154400	-2.172500	-3.264700	-1.671800	34.816400	36.194600	0.440500	0.442200	0.381400	0.454000	0.232700	0.275200	3.098500	3.530000	4.388800	4.957600	3.339700	4.091400	
TTAAA	0.096000	-0.017500	-0.146700	-0.551200	-10.772800	-1.248800	5.920100	-7.350600	0.252800	0.108200	0.349900	8.938500	5.807400	4.137300	1.147900	0.000000	-0.271700	-1.129900	-1.053900	3.349000	3.138400	0.000000	-0.669600	6.247300	-2.105700	34.251700	35.588800	0.555100	0.525200	0.631600	0.445000	0.322300	0.240800	3.879800	3.413400	6.178600	4.873800	4.217200	3.903100	
CGTAT	-0.107400	-0.021700	-0.002900	-3.301000	-9.090300	-0.605300	5.614900	-6.956900	0.250200	0.133900	0.335300	8.654200	5.640000	3.733600	1.033900	-0.226300	-0.017800	-1.542400	-1.407700	3.340500	3.449000	0.583500	0.232300	-2.211900	6.375100	34.666000	34.591600	0.481500	0.507500	0.381700	0.454000	0.225800	0.331900	3.209000	3.897000	4.339000	6.467400	3.407000	3.991500	
CATCT	-0.077500	-0.019800	-0.156800	0.861800	-7.882700	-0.159700	4.661300	-7.799600	0.242200	0.129900	0.338000	7.967800	5.909800	3.776400	1.161500	0.069300	0.241400	-1.510800	-1.666500	3.293900	3.517300	0.109600	-2.498200	-4.773100	-1.537700	32.513400	37.036400	0.490100	0.455300	0.372800	0.459900	0.236300	0.300100	2.981700	3.630600	4.548500	5.410100	3.204300	4.246900	
ACGTC	-0.276800	-0.029400	-0.074100	-6.067100	-7.962500	0.718600	4.668300	-4.838300	0.240700	0.119700	0.282700	7.811700	6.214700	2.171700	1.056400	-0.035100	-0.240500	-1.777000	-1.541300	3.837800	3.374300	-0.647900	0.600100	6.324100	-3.091800	34.345700	34.586800	0.520400	0.472900	0.375700	0.379400	0.376100	0.236000	3.660500	3.203000	6.022400	4.399700	3.830000	3.434000	
AGACA	0.080900	-0.017900	-0.008800	4.863100	-8.418000	0.009500	4.989200	-7.301400	0.242200	0.131100	0.335200	8.254400	5.636300	3.755000	1.082200	-0.179500	0.206700	-1.434200	-1.625600	3.318000	3.399500	1.687000	-1.188600	-1.627500	-2.675400	36.551100	34.861100	0.449200	0.471100	0.461600	0.382000	0.269000	0.242900	3.536300	3.180900	5.014300	4.475700	4.156500	3.480500	
TTGAC	-0.275000	-0.040200	0.013300	-2.277600	-6.956800	0.245400	5.947900	-5.107900	0.250000	0.111000	0.300300	8.028100	5.790500	2.193100	1.001700	0.423100	-0.205400	-1.067200	-1.547800	3.346600	3.285500	-1.960700	1.020900	6.034100	-0.293300	34.757800	34.581200	0.521800	0.465100	0.595600	0.454900	0.316600	0.274100	3.558300	3.734500	5.484100	4.702700	3.996400	4.157200	
AAGGC	-0.281400	-0.028500	0.129600	3.694700	-1.243900	0.347800	4.442000	-4.926900	0.242100	0.122900	0.266300	6.255200	5.411200	2.061400	1.016500	0.370900	0.095000	-1.865100	-1.932300	3.540700	3.575500	-2.556600	1.796900	-2.624000	-2.725900	32.967600	34.460600	0.470000	0.373600	0.364500	0.368100	0.296500	0.272100	3.098500	3.108600	5.564400	4.980100	3.390800	3.673300	
AAGTC	-0.253800	-0.023800	0.087500	-0.068900	-4.083300	0.401600	3.883200	-5.219600	0.240700	0.120300	0.283700	7.044400	6.056200	2.167000	1.268900	0.351900	-0.194600	-1.877600	-1.771700	3.647100	3.538100	-1.593300	2.415500	-4.702000	-4.469600	33.885600	35.733200	0.483800	0.441000	0.374600	0.384000	0.338500	0.262700	3.250400	3.253900	5.890600	5.169300	3.467000	3.494700	
ATCTA	0.256500	-0.029300	0.098400	-2.867500	-3.699900	0.181000	5.024700	-5.241300	0.251200	0.121600	0.283400	7.272400	5.673100	2.125200	1.030700	0.218100	-0.249700	-1.753200	-1.724300	3.645800	3.378900	-3.202500	2.129900	0.157700	-1.718000	36.277200	31.931000	0.465300	0.462400	0.452300	0.407700	0.352500	0.276700	3.852900	3.365400	5.370000	5.029300	4.291300	3.433700	
GCCGA	0.248600	-0.039700	0.036100	0.304200	-3.637100	0.242800	5.437100	-3.723400	0.250300	0.119000	0.268600	6.737800	5.599100	2.009500	0.892800	-0.128600	-0.059400	-1.785900	-1.607100	3.394000	3.482900	-0.701400	0.722200	-0.709900	3.929400	33.281600	32.804300	0.397600	0.492500	0.406300	0.430200	0.255300	0.310800	3.229300	3.523300	4.431700	5.587500	3.775100	3.637500	
TACGC	0.263300	-0.029000	0.003200	4.409200	-7.190300	0.562000	5.335100	-4.383200	0.240100	0.120800	0.284900	7.503000	5.903600	2.173200	1.023100	0.276600	0.059500	-1.534500	-1.704500	3.346400	3.562700	-0.419400	0.228800	-1.701600	4.592000	34.404800	33.068100	0.499400	0.476800	0.378200	0.409200	0.233100	0.333000	3.207900	3.522800	4.383500	5.727000	3.408900	3.616600	
TGAGC	0.093800	-0.027800	-0.034000	0.915800	-6.697200	-0.677000	5.393000	-7.107000	0.250000	0.123600	0.330400	7.471900	5.463700	3.676400	0.959200	-0.170700	0.249900	-1.523900	-1.767900	3.288600	3.344000	0.692700	-1.817600	-0.897500	-1.911400	35.563000	31.431500	0.457100	0.424700	0.448000	0.391500	0.270800	0.267200	3.608600	3.132400	4.818400	4.628600	4.174500	3.320400	
CCATG	0.089100	-0.011700	-0.204300	1.081100	-10.597100	-0.747300	5.458600	-6.978700	0.250100	0.130600	0.340900	9.134100	6.277000	3.822800	0.987300	-0.372600	-0.135600	-1.501600	-1.440200	3.428300	3.238000	2.119200	-0.169300	4.216700	-3.461000	34.760600	31.851100	0.516600	0.512000	0.449800	0.360500	0.305900	0.223100	3.526200	2.934600	5.640100	4.272800	3.728500	3.193200	
CTGGT	-0.259700	-0.041400	0.068400	-0.242800	-4.464300	0.235700	5.214400	-4.733600	0.249100	0.119500	0.273300	6.922400	5.824200	2.050800	0.936100	0.348300	0.058100	-1.607700	-1.792600	3.457300	3.560900	-2.468300	1.313600	4.395700	-0.508600	34.201400	34.878400	0.513500	0.413800	0.413500	0.413300	0.323400	0.291600	3.776300	3.278400	5.691400	4.646100	3.558600	3.967200	
GTCAT	0.285600	-0.041600	0.014200	0.858300	-6.399500	0.264600	5.469400	-5.184800	0.249900	0.110800	0.299100	8.072400	5.739300	2.159400	0.994000	0.185300	-0.303900	-1.505500	-1.462900	3.300900	3.549400	-0.927700	1.371300	-1.455600	5.610200	35.108600	35.191600	0.459500	0.537500	0.449900	0.491700	0.273600	0.362900	3.703400	3.741600	4.830800	5.781500	4.154000	3.880800	
TGCGT	0.262200	-0.030600	0.030400	1.069800	-4.315800	0.349200	5.356000	-4.046900	0.240500	0.117100	0.266900	7.373400	5.421200	2.051500	0.992200	0.005500	0.046900	-1.552500	-1.673100	3.403000	3.643300	0.594000	0.901100	-1.644000	5.314300	36.194900	33.733200	0.441100	0.493900	0.400200	0.408600	0.209900	0.348300	3.150400	3.507400	4.302400	5.722300	3.879100	3.770800	
TAGCG	-0.242900	-0.024400	0.181600	4.123300	-1.802300	0.194600	5.192000	-4.682400	0.246200	0.120300	0.259600	6.668700	5.081400	2.071700	0.967100	0.246600	-0.007100	-1.720300	-1.663100	3.338700	3.447500	-2.136000	1.148100	-1.951000	-1.687100	31.795600	36.890400	0.442500	0.390300	0.393700	0.399900	0.266200	0.214900	3.257500	3.066100	4.686400	4.428200	3.402600	3.818000	
TACTC	0.257200	-0.021300	0.143100	-0.274600	-3.215800	0.373300	4.763300	-5.027000	0.240900	0.119900	0.275300	6.809200	5.661800	2.109400	1.114600	0.265300	-0.142300	-1.722500	-1.806500	3.521100	3.400400	-2.046200	2.972800	-2.751900	-1.280100	35.307800	32.090400	0.468700	0.451500	0.387100	0.389200	0.259300	0.294600	3.191800	3.227000	4.749000	4.880000	3.490400	3.418100	
AAATC	0.154400	-0.022100	-0.034800	5.092800	-12.198800	-1.346400	4.173700	-8.670100	0.250200	0.120000	0.328600	7.590600	6.153200	3.790300	1.246400	0.117900	0.233500	-1.231000	-1.591000	3.404900	3.394800	-1.433000	1.366400	-3.685800	-6.205100	37.656700	33.595600	0.516000	0.499200	0.450500	0.370500	0.330600	0.267200	3.343300	2.970600	5.769300	4.853000	3.881400	3.250400	
CTTTT	-0.158200	-0.005400	-0.087400	-8.089200	-14.447900	-1.505700	3.839700	-10.346400	0.250400	0.123000	0.341400	8.172300	6.731500	4.055000	1.274400	-0.142100	0.030200	-1.264400	-1.078100	3.302500	3.289400	1.487600	1.075200	-4.271700	-4.735100	36.947000	37.612300	0.506600	0.540200	0.402500	0.421500	0.277900	0.285300	3.320000	3.275600	6.009700	5.987500	3.729800	3.867300	
GATTG	-0.146900	-0.029900	-0.050200	-2.666000	-10.296800	-1.485000	4.825600	-7.959800	0.250000	0.119800	0.320700	7.604100	6.159600	3.712000	1.050000	-0.179200	0.116600	-1.563100	-1.189300	3.347500	3.199300	-1.166800	2.583600	-4.704200	-1.870600	32.925100	34.925100	0.504000	0.468900	0.370100	0.413500	0.252600	0.256900	2.927500	3.254600	4.585000	4.812800	3.249800	3.794100	
TATTT	-0.149300	-0.015700	-0.005100	-4.858700	-11.994400	-1.257300	3.962100	-8.653200	0.250300	0.126900	0.337600	8.007300	6.196900	4.182500	1.271900	-0.182600	-0.072300	-1.599100	-1.188700	3.367700	3.355200	-0.725600	1.583900	-5.269900	-3.783700	34.017200	37.581000	0.524500	0.524900	0.361600	0.450300	0.271300	0.318000	3.076900	3.385700	5.032400	5.924500	3.348000	3.973000	
GTTCT	-0.069000	-0.029800	-0.236600	-1.808400	-10.575000	-0.649700	4.839400	-7.887100	0.240300	0.118600	0.329500	8.446500	5.710300	3.680100	0.991800	0.119300	0.339400	-1.252000	-1.517300	3.221900	3.457500	2.067400	-2.922000	-3.085000	-1.095300	35.367400	36.324000	0.465100	0.462400	0.393900	0.494600	0.258200	0.284500	3.187400	3.563000	4.955600	4.739400	3.640500	4.304000	
GAACT	0.156300	-0.016100	0.038100	7.815000	-10.404300	-0.639500	4.242700	-8.346000	0.240900	0.123300	0.310900	7.708400	5.898600	3.629200	1.164000	-0.009900	0.381100	-1.175800	-1.787300	3.164800	3.580900	-2.333300	-1.293600	-3.484600	-5.244100	35.471800	36.119700	0.474100	0.449800	0.394900	0.373800	0.260700	0.255200	3.213700	3.019600	5.071500	5.107800	3.629900	3.512500	
CTAGT	0.114700	-0.026100	-0.056900	-0.958100	-7.779100	-0.567100	5.387700	-7.103500	0.251000	0.130100	0.342400	7.691700	5.716200	3.815500	0.973700	0.016700	0.173200	-1.539700	-1.755700	3.374700	3.487700	-0.089100	-1.566300	6.146000	-1.712700	34.784400	31.942000	0.495200	0.442500	0.384400	0.405400	0.316400	0.328100	3.980800	3.296100	6.252300	5.288000	3.725000	3.454900	
TCGCT	-0.241700	-0.029800	0.010600	-1.543000	-3.710400	0.427300	5.197900	-4.389400	0.245600	0.116900	0.268400	7.108900	5.587700	2.024900	0.977800	0.105500	0.023200	-1.626300	-1.647500	3.498900	3.452200	-0.263000	-1.083400	3.923100	-1.917000	32.605200	36.726800	0.481200	0.390900	0.415400	0.397000	0.322100	0.216000	3.458000	3.019500	5.639700	4.507800	3.558400	3.759100	
AAAGG	0.127500	0.021400	0.049600	12.010800	-11.265200	0.019300	4.158700	-8.687400	0.248400	0.133200	0.320400	8.062800	6.001200	3.879800	1.180700	0.214900	0.419200	-1.242900	-1.875200	3.205500	3.490300	-1.929700	-2.381700	-4.633800	-3.218800	36.677800	32.707200	0.492900	0.469300	0.403900	0.371300	0.261700	0.294600	3.228000	3.092300	6.000900	5.613800	3.776700	3.402700	
ACCAA	0.262700	-0.041900	0.089300	0.576800	-4.380400	0.254200	5.225400	-5.185100	0.250000	0.116700	0.277100	7.160100	5.868000	2.096600	1.022700	-0.059100	-0.492900	-1.768000	-1.287200	3.540700	3.366900	-1.404600	2.502900	-0.602000	3.619600	34.822500	34.884900	0.423000	0.514800	0.435800	0.515400	0.288300	0.295900	3.332800	3.544900	4.634000	5.570600	3.975000	3.830600	
CCAGC	0.100400	-0.022000	-0.095000	-0.958300	-5.992600	-0.470000	5.543700	-6.868600	0.253000	0.129900	0.338000	7.480800	5.520300	3.713500	0.902200	-0.287300	0.243300	-1.493400	-1.734700	3.293200	3.288000	1.265300	-2.070300	2.999700	-1.732800	34.003100	30.766300	0.497900	0.423000	0.429700	0.388100	0.281000	0.261200	3.533200	3.151900	5.634300	4.607000	3.693500	3.219800	
GCAGA	0.092900	-0.030600	-0.060600	1.236500	-6.598500	-0.653800	5.675000	-6.841900	0.250000	0.127400	0.334600	7.533500	5.452100	3.756300	0.931100	-0.332600	0.228500	-1.439300	-1.686100	3.362300	3.344200	0.553000	-2.083600	4.375000	-0.175200	34.216700	31.206600	0.502600	0.446700	0.442600	0.418000	0.299100	0.276700	3.578900	3.240400	5.570400	4.775100	3.788400	3.441300	
TGAAA	0.094800	-0.029400	-0.214200	1.260600	-10.756900	-1.214400	5.225600	-7.748000	0.243700	0.107200	0.337100	8.266300	5.607200	3.713000	1.069500	-0.304800	-0.270100	-1.444500	-1.034600	3.355800	3.162700	2.127500	-1.164900	0.414900	-1.998800	36.113900	35.939100	0.480200	0.506800	0.485200	0.432800	0.276000	0.240000	3.688300	3.222900	4.674500	4.996500	4.305400	3.868500	
TTTCT	-0.065300	-0.030200	-0.265600	-1.191800	-10.618200	-0.646300	4.644500	-8.156400	0.240500	0.111700	0.338500	8.486400	5.720400	3.757100	1.103500	0.272500	0.322200	-1.037800	-1.508100	3.199800	3.480200	1.501800	-3.206200	-2.994100	-1.308000	36.310800	36.408100	0.507400	0.463600	0.427000	0.486900	0.247900	0.290200	3.219000	3.617700	5.188800	4.991800	3.864300	4.295700	
CTCTC	0.262700	-0.029600	0.079700	-2.256600	-2.490800	0.267500	4.984800	-4.981800	0.240500	0.119900	0.276100	6.818100	5.449400	2.083900	0.991900	0.183900	-0.128400	-1.726500	-1.781600	3.469100	3.378400	-2.465100	2.612900	-0.303200	-1.075900	35.580300	31.674300	0.448000	0.443000	0.432000	0.389000	0.297100	0.285900	3.636700	3.234300	5.178600	4.750500	4.128600	3.362500	
GTTAC	-0.102600	-0.021200	-0.134400	-0.670800	-10.751800	-1.163200	5.889400	-7.078700	0.249900	0.123200	0.342200	8.499900	5.829800	3.901200	1.001500	0.118600	0.142400	-1.215200	-1.365700	3.152700	3.324800	1.124500	-0.766500	-2.404000	5.565500	34.655400	34.295400	0.487500	0.541100	0.412600	0.542500	0.251600	0.303400	3.325500	3.839500	4.865200	6.120600	3.732000	4.179500	
GACTA	0.247100	-0.023800	0.133200	-0.242900	-3.904600	0.326900	5.036000	-4.972400	0.248800	0.120200	0.277900	6.841900	5.676300	2.134400	1.052800	0.180200	-0.254400	-1.729000	-1.739700	3.482700	3.403800	-2.577700	2.357800	-2.801500	-1.515600	35.061400	32.085800	0.460400	0.448300	0.392700	0.402900	0.246800	0.280500	3.181100	3.368300	4.557000	4.679200	3.510700	3.460000	
CATGG	-0.089100	-0.011700	-0.204300	-1.081100	-10.597100	-0.747300	5.458600	-6.978700	0.250100	0.130600	0.340900	9.134100	6.277000	3.822800	0.987300	0.135600	0.372600	-1.440200	-1.501600	3.238000	3.428300	0.169300	-2.119200	-3.461000	4.216700	31.851100	34.760600	0.512000	0.516600	0.360500	0.449800	0.223100	0.305900	2.934600	3.526200	4.272800	5.640100	3.193200	3.728500	
CTGTG	-0.269200	-0.030300	0.021900	-5.540400	-7.773800	0.475500	5.352700	-4.959500	0.250100	0.123400	0.285000	7.520700	6.025100	2.214000	0.981700	0.287300	-0.400700	-1.531000	-1.481000	3.546700	3.377100	-1.419600	0.740300	5.454900	-2.053500	34.936700	34.452800	0.517200	0.497600	0.443600	0.381000	0.331100	0.232100	3.740200	3.148200	5.790700	4.248600	3.940200	3.468600	
GTCAA	0.275000	-0.040200	0.013300	2.277600	-6.956800	0.245400	5.947900	-5.107900	0.250000	0.111000	0.300300	8.028100	5.790500	2.193100	1.001700	0.205400	-0.423100	-1.547800	-1.067200	3.285500	3.346600	-1.020900	1.960700	-0.293300	6.034100	34.581200	34.757800	0.465100	0.521800	0.454900	0.595600	0.274100	0.316600	3.734500	3.558300	4.702700	5.484100	4.157200	3.996400	
TATAA	-0.087900	-0.019600	0.025900	4.305300	-7.363100	-0.833000	6.165600	-6.746000	0.253600	0.120900	0.355400	7.352700	5.969900	4.000300	1.148800	0.055500	-0.136400	-1.504800	-1.306500	3.213400	3.393700	-0.204300	1.769900	-2.621400	8.032400	32.246400	34.417700	0.527700	0.531500	0.372800	0.512600	0.228100	0.312800	3.051600	3.894100	4.459000	6.134400	3.216100	4.081800	
TTCCA	0.287400	-0.042900	-0.009900	-0.111000	-5.211100	0.242200	4.973300	-4.785200	0.240400	0.114100	0.290300	7.246200	5.535200	2.139000	0.942300	0.295500	-0.037300	-1.432900	-1.798500	3.373000	3.438900	-1.955200	-0.890000	-0.607400	-0.753400	36.311000	34.270800	0.468800	0.413500	0.483100	0.426900	0.273400	0.276300	3.624500	3.342200	4.815200	4.683200	4.259700	3.910100	
GGGTA	-0.301800	-0.032000	0.000600	-3.664400	-5.141300	0.569600	4.742400	-4.239400	0.239800	0.120000	0.281000	7.030000	5.846500	2.148600	0.968500	0.034500	-0.302800	-1.833100	-1.621600	3.433700	3.416800	0.464600	0.619400	-1.525900	-2.506500	34.211900	34.960600	0.390400	0.456100	0.399100	0.384500	0.266800	0.237000	3.190200	3.217800	4.673400	4.385800	3.857000	3.386100	
TTCCG	0.281300	-0.043100	-0.010300	-0.227600	-5.346100	0.194600	5.013000	-4.966600	0.240600	0.118300	0.289100	7.202500	5.536600	2.150500	0.935200	0.301200	-0.057600	-1.421200	-1.740500	3.367500	3.412600	-1.931800	-0.477700	-0.710500	-0.752500	36.279200	34.118200	0.469700	0.417600	0.473300	0.427500	0.271600	0.270300	3.600300	3.293400	4.732500	4.557100	4.276800	3.888900	
AAGTG	-0.252700	-0.028900	0.093000	-0.278600	-4.542900	0.277100	4.170000	-5.408900	0.240400	0.119900	0.281200	7.188200	6.106900	2.182700	1.213500	0.285300	-0.337100	-1.853400	-1.697800	3.589600	3.518200	-1.855100	2.039800	-3.097400	-3.901600	33.681300	35.018800	0.471100	0.461700	0.379700	0.386500	0.319700	0.249500	3.164600	3.159000	5.579300	4.820300	3.498700	3.480700	
ACATC	0.083400	-0.020900	-0.187000	-2.615600	-8.681300	-0.290800	4.879700	-7.621300	0.250000	0.121000	0.339700	8.034500	5.990500	3.816200	1.152300	-0.331800	0.038300	-1.578000	-1.509800	3.758600	3.267900	0.061300	-0.044800	6.344700	-4.562700	35.919600	32.540700	0.537200	0.498200	0.441000	0.380400	0.379100	0.237800	3.706400	2.981000	5.992700	4.563800	3.950800	3.204000	
CATAG	-0.093400	-0.017700	-0.073200	3.334100	-8.270600	-0.602800	5.612600	-7.170700	0.249800	0.135600	0.344200	7.651200	5.953200	3.885800	1.028200	0.102500	0.022300	-1.464400	-1.535500	3.240300	3.470000	-0.448200	0.081400	-3.163500	6.881200	32.253600	34.736000	0.515600	0.510200	0.365500	0.394900	0.228700	0.322500	2.961900	3.952600	4.333100	6.275200	3.256600	3.863100	
GGGAA	-0.320600	-0.050300	-0.064200	0.094900	-4.465100	0.449900	4.782900	-4.912900	0.240000	0.119000	0.288900	7.384400	5.614200	2.153300	0.911500	-0.003300	-0.332200	-1.870800	-1.443700	3.460300	3.388600	0.708400	1.811700	-1.080600	-0.768000	33.814900	36.459000	0.394600	0.465000	0.398200	0.486200	0.269500	0.281100	3.244800	3.605700	4.643400	4.836400	3.753600	4.234400	
TGGGG	-0.283800	-0.038800	0.054700	2.022700	-1.960400	0.347700	4.898900	-2.516500	0.240200	0.121400	0.268900	6.499900	5.499400	2.059900	0.829600	0.087300	0.111600	-1.837600	-1.854000	3.382800	3.363600	0.203600	0.207100	-1.684000	-2.064900	33.790700	33.492600	0.395600	0.386100	0.395200	0.390200	0.254800	0.245900	3.157400	3.091000	4.709800	4.642000	3.748200	3.675300	
CATGA	-0.091800	-0.002300	-0.213500	4.414100	-9.437800	-0.377800	5.308300	-7.289700	0.250100	0.129400	0.347200	8.260000	6.169400	3.846100	1.060000	0.118700	0.319900	-1.443000	-1.491000	3.245300	3.579700	0.066500	-0.775500	-3.579500	6.220800	31.965800	35.072000	0.518600	0.528900	0.360700	0.476800	0.226100	0.348100	2.948700	3.685700	4.271900	5.774200	3.204200	3.868400	
GCCTT	0.281400	-0.028500	0.129600	-3.694700	-1.243900	0.347800	4.442000	-4.926900	0.242100	0.122900	0.266300	6.255200	5.411200	2.061400	1.016500	-0.095000	-0.370900	-1.932300	-1.865100	3.575500	3.540700	-1.796900	2.556600	-2.725900	-2.624000	34.460600	32.967600	0.373600	0.470000	0.368100	0.364500	0.272100	0.296500	3.108600	3.098500	4.980100	5.564400	3.673300	3.390800	
GCTAT	-0.092500	-0.027700	-0.018200	-0.754100	-6.824900	-0.590400	5.472700	-7.170300	0.249700	0.126800	0.336500	7.462500	5.561900	3.671200	1.011900	-0.219500	-0.062500	-1.786400	-1.524200	3.333400	3.490300	1.503900	0.692100	-2.005200	6.577000	31.294200	34.653900	0.433800	0.504400	0.391300	0.397900	0.276900	0.344300	3.226200	3.933500	4.869800	6.661300	3.325700	3.865100	
TGCGA	0.245800	-0.030600	0.074600	0.549200	-3.917900	0.292000	5.685700	-3.987500	0.244800	0.115700	0.268100	7.294200	5.440500	2.046400	0.987100	-0.005600	-0.018800	-1.551500	-1.490800	3.395900	3.429000	0.463500	0.430400	-1.133700	4.144600	35.849400	33.309200	0.432700	0.492300	0.411000	0.432000	0.208200	0.318000	3.169700	3.493400	4.229200	5.573700	3.903900	3.767800	
TAGAC	-0.257400	-0.032400	0.123800	3.585000	-3.799400	0.117000	5.323800	-5.023300	0.251200	0.120100	0.278400	7.065900	5.420500	2.114800	1.006300	0.208400	-0.122800	-1.696200	-1.640200	3.337300	3.439900	-2.040300	2.622500	-1.250000	-0.456800	31.997300	35.240100	0.465000	0.448200	0.428000	0.451800	0.269300	0.285300	3.319200	3.635900	4.749100	4.955600	3.500400	4.144900	
TAGCT	-0.239700	-0.020400	0.135900	2.919600	-1.349400	0.288400	4.844500	-4.755000	0.241900	0.120200	0.260900	6.375000	5.205000	2.045500	1.009200	0.276700	0.037800	-1.779700	-1.781900	3.389500	3.547200	-1.896100	0.042000	-2.276500	-2.912900	31.633200	37.711500	0.431200	0.355300	0.374200	0.377900	0.272600	0.224100	3.255700	2.907900	4.898600	4.940900	3.257100	3.785700	
ATCGT	0.277800	-0.040200	-0.100800	3.321100	-6.906200	0.458700	4.910900	-4.606700	0.242200	0.111300	0.292500	8.044300	6.047200	2.150300	1.010800	0.219300	0.051200	-1.547900	-1.705900	3.441100	3.742700	-0.995200	0.567900	-1.166600	6.254400	36.282300	33.700500	0.459100	0.518200	0.447400	0.394600	0.307400	0.363300	3.877500	3.686500	5.156600	6.009500	4.114800	3.717600	
CCACT	0.117600	-0.026600	-0.070800	0.504800	-7.464700	-0.318400	5.290600	-7.030800	0.250100	0.129300	0.343400	7.969200	5.837800	3.785400	0.996600	-0.259800	0.264300	-1.440900	-1.702100	3.286700	3.425800	1.500900	-1.655700	3.002400	-3.425600	34.066800	34.376200	0.499700	0.469100	0.450700	0.400300	0.288200	0.239000	3.482600	3.095600	5.655900	4.687700	3.705100	3.539500	
CTCAA	0.268100	-0.039800	-0.000900	2.653600	-6.482400	0.212400	5.869400	-5.203100	0.250000	0.114400	0.300300	7.870700	5.859500	2.168900	1.007400	0.206400	-0.447900	-1.604100	-1.130800	3.351200	3.382900	-1.215400	1.902100	-0.034100	5.822400	34.661900	34.674800	0.459700	0.514700	0.439400	0.559900	0.280800	0.315200	3.777400	3.580200	4.747300	5.462500	4.075400	3.909800	
GATGT	-0.083400	-0.020900	-0.187000	2.615600	-8.681300	-0.290800	4.879700	-7.621300	0.250000	0.121000	0.339700	8.034500	5.990500	3.816200	1.152300	-0.038300	0.331800	-1.509800	-1.578000	3.267900	3.758600	0.044800	-0.061300	-4.562700	6.344700	32.540700	35.919600	0.498200	0.537200	0.380400	0.441000	0.237800	0.379100	2.981000	3.706400	4.563800	5.992700	3.204000	3.950800	
CGCCT	0.296200	-0.040000	0.018000	-0.323600	-2.754000	0.395600	4.782200	-4.201800	0.240300	0.119900	0.267900	6.929900	5.338700	2.041200	0.873900	0.066000	-0.054700	-1.619800	-1.895500	3.431900	3.495300	0.387400	-1.366100	-2.080100	-1.768000	36.570300	34.402000	0.389900	0.383300	0.391000	0.377800	0.209600	0.260000	3.121700	3.082800	4.362600	4.954900	3.712100	3.741700	
ACGTT	-0.269400	-0.025500	-0.128800	-8.876300	-10.425700	0.971500	4.312000	-4.980400	0.241300	0.114300	0.279100	7.583500	6.264000	2.286200	1.103500	-0.044100	-0.518300	-1.815600	-1.539600	3.852600	3.437800	-0.445300	-0.581000	6.902300	-3.769700	34.538100	35.743400	0.526700	0.463000	0.372500	0.354700	0.380000	0.231100	3.630100	3.100500	6.074800	4.758100	3.806300	3.458500	
AGTTC	-0.156300	-0.016100	0.038100	-7.815000	-10.404300	-0.639500	4.242700	-8.346000	0.240900	0.123300	0.310900	7.708400	5.898600	3.629200	1.164000	-0.381100	0.009900	-1.787300	-1.175800	3.580900	3.164800	1.293600	2.333300	-5.244100	-3.484600	36.119700	35.471800	0.449800	0.474100	0.373800	0.394900	0.255200	0.260700	3.019600	3.213700	5.107800	5.071500	3.512500	3.629900	
GCGGC	-0.251300	-0.039800	0.044400	0.150800	-3.717000	0.281000	5.374200	-3.772900	0.248100	0.119900	0.266100	6.647300	5.508900	2.008400	0.886000	-0.029300	0.123400	-1.690800	-1.776000	3.422400	3.411300	-1.086200	0.689500	3.325400	-0.794400	32.486100	33.379100	0.475200	0.394500	0.415700	0.410100	0.300100	0.257700	3.444300	3.225300	5.673800	4.497300	3.532200	3.771300	
GTCTG	0.248900	-0.030500	0.115600	-3.124300	-3.880800	0.148400	5.203600	-5.096800	0.250100	0.121100	0.279600	7.149100	5.462100	2.116700	0.971000	0.140500	-0.230800	-1.634800	-1.678700	3.428600	3.341100	-2.586400	2.776500	-0.798800	-0.050800	35.149600	31.670700	0.449700	0.460300	0.457700	0.412400	0.287000	0.275200	3.632600	3.188800	4.896500	4.663200	4.185900	3.456700	
TAAAT	0.153900	-0.029100	-0.156500	5.356500	-13.776700	-1.677500	4.784500	-8.172100	0.250100	0.111100	0.329800	8.428900	5.909900	3.771600	1.094900	-0.240100	-0.023300	-1.084500	-1.224500	3.207000	3.331500	-1.133900	-1.495000	-0.920200	-2.735300	35.690400	36.733800	0.516000	0.503900	0.435600	0.416600	0.261800	0.328100	3.327900	3.290900	4.856300	5.166000	3.813700	3.776000	
CTTCC	-0.083500	-0.030300	-0.287300	1.407800	-9.454700	-0.524000	4.743500	-7.923300	0.240200	0.120100	0.339100	8.188100	5.679400	3.612200	0.978900	0.105300	0.324900	-1.290500	-1.511100	3.187600	3.413900	2.044300	-1.843600	-3.425000	-0.312600	35.013600	36.120200	0.456700	0.451300	0.395100	0.476000	0.245600	0.287800	3.271500	3.593000	4.952400	4.779700	3.664600	4.142000	
TAGAG	-0.254500	-0.029800	0.100600	2.979000	-3.157900	0.192900	5.271700	-4.923800	0.249600	0.120200	0.280300	6.969300	5.495900	2.096700	0.989800	0.233300	-0.166700	-1.725900	-1.706000	3.357400	3.466700	-1.962400	2.411100	-1.578400	-0.155400	31.938500	35.620800	0.454600	0.454100	0.411000	0.437200	0.276700	0.294300	3.333700	3.630300	4.864000	5.088200	3.414300	4.130000	
CCGTC	-0.287200	-0.026100	-0.054300	-5.152300	-7.449900	0.769700	5.096300	-4.542700	0.240600	0.121800	0.287000	7.971500	6.096500	2.190500	0.961900	-0.041700	-0.231300	-1.677300	-1.523900	3.444500	3.353700	0.819300	0.686400	3.314800	-2.558900	33.170400	34.283600	0.497400	0.478400	0.417400	0.379500	0.311300	0.232100	3.512200	3.194700	5.769900	4.276800	3.662900	3.453000	
ACTGG	-0.112800	-0.022700	-0.165200	1.580000	-7.257200	-0.524700	5.346800	-6.983800	0.255700	0.130800	0.350200	7.790300	5.767300	3.884100	0.928500	-0.174400	0.289500	-1.708200	-1.506700	3.443000	3.347800	2.059400	-1.396700	-1.716000	3.807700	31.448300	34.262900	0.444900	0.511700	0.407200	0.423800	0.294400	0.294700	3.214700	3.636000	5.184500	5.725200	3.386600	3.644800	
TAAGA	0.134500	-0.019800	0.062800	6.623800	-8.733200	-1.083500	4.951100	-7.760700	0.249100	0.120400	0.315000	7.604300	5.664600	3.677200	1.067700	-0.024900	0.302900	-1.272200	-1.825500	3.117300	3.509400	-1.989000	-1.738000	-2.833400	-1.457900	35.068000	32.376100	0.480200	0.458200	0.408300	0.391900	0.252000	0.315100	3.325800	3.244100	4.931300	5.020800	3.734200	3.419700	
TAATT	0.160900	-0.029100	-0.080800	0.764000	-12.045100	-1.447000	4.425300	-8.321400	0.250400	0.119800	0.329300	7.577300	6.209000	3.884000	1.288900	-0.168600	-0.038500	-1.269200	-1.628100	3.278000	3.421700	-1.837000	-0.138400	-2.390100	-6.420100	36.155600	34.271900	0.497800	0.520100	0.434500	0.373300	0.287400	0.259000	3.401200	2.888700	5.199600	4.800400	3.775500	3.340000	
AATTC	-0.157000	-0.020200	-0.092100	-1.135200	-11.100000	-0.996800	3.820000	-9.184100	0.249300	0.119500	0.323900	7.636100	6.378900	3.846200	1.343900	0.024100	0.136000	-1.657300	-1.266600	3.456200	3.312900	0.194900	2.371300	-7.871400	-3.704300	34.651100	36.468100	0.527300	0.492100	0.390500	0.441100	0.266700	0.286900	2.939900	3.316500	4.965400	5.404300	3.318200	3.821900	
GACCT	0.295100	-0.040000	-0.064900	4.120000	-5.607800	0.602600	4.139800	-4.319600	0.239900	0.119600	0.279200	7.133500	6.035300	2.141400	1.015700	0.269200	-0.021000	-1.650200	-1.967500	3.433900	3.656600	-1.009500	-1.945200	-3.408800	-2.144200	35.028000	35.407000	0.442400	0.395500	0.380200	0.363400	0.248500	0.292200	3.221000	3.242300	4.503400	5.233800	3.361100	3.833400	
TCGAA	-0.263800	-0.040200	-0.041200	-1.668500	-6.172300	0.354900	5.523600	-4.760400	0.242900	0.110800	0.292100	7.706800	5.720800	2.155400	0.954700	-0.003100	-0.289500	-1.584100	-1.429800	3.498700	3.326500	-0.305000	1.594500	5.846600	0.138200	33.159400	35.342000	0.509100	0.478000	0.444300	0.484200	0.346000	0.268500	3.680200	3.684800	5.648500	4.656800	3.689900	4.199600	
TCAAA	0.096200	-0.029900	-0.223500	1.538500	-10.296300	-1.582600	5.585600	-7.562500	0.250100	0.108000	0.341600	9.039300	5.907600	3.924700	1.062300	-0.442300	-0.190400	-1.167900	-1.033800	3.486400	3.134400	1.306100	-1.358200	6.435000	-2.521600	34.691300	35.250200	0.514800	0.501500	0.566500	0.415500	0.326200	0.238600	3.616800	3.216400	5.577800	5.014000	3.971500	3.859800	
AGTAT	-0.111900	-0.025100	-0.024600	-0.866600	-8.360700	-0.393400	5.299500	-7.313300	0.250200	0.130800	0.343900	8.101200	5.789400	3.700800	1.115500	-0.226000	-0.054900	-1.734700	-1.496500	3.477500	3.497800	1.561900	0.465900	-3.261900	5.996500	35.316700	34.385600	0.449700	0.498300	0.394300	0.414700	0.247300	0.335600	3.134400	3.917600	4.924500	6.599200	3.443300	3.838000	
GTAGA	0.108800	-0.030800	0.044200	0.424900	-6.819400	-1.173800	5.946000	-6.812100	0.250400	0.128800	0.342200	7.640200	5.508000	3.842400	0.995100	0.011100	0.222700	-1.448600	-1.664900	3.287200	3.321500	-0.535300	-1.412800	4.818700	-0.800400	34.341600	31.653000	0.504600	0.452200	0.433900	0.429300	0.296300	0.280000	3.859500	3.302100	6.305700	4.890900	3.967200	3.502400	
TCAGT	0.104100	-0.029300	-0.098100	-0.822400	-7.226600	-0.634200	5.406000	-7.009200	0.251600	0.128000	0.342400	8.156800	5.640500	3.850900	0.964300	-0.230400	0.185400	-1.519700	-1.729200	3.526300	3.466200	0.140200	-2.027800	5.844600	-1.911300	34.499500	31.680800	0.520500	0.448100	0.456700	0.410800	0.330700	0.302300	3.746400	3.245600	5.814400	5.311500	3.736100	3.464100	
ACCCT	0.299600	-0.049100	-0.015300	-0.074700	-2.642700	0.448900	4.318700	-2.349600	0.240000	0.119700	0.268800	6.684200	5.730800	2.043500	0.930600	-0.008400	-0.079300	-1.863100	-1.951400	3.658000	3.526700	-0.939700	-1.288000	-1.711300	-2.341100	34.708300	34.340900	0.390000	0.380100	0.385000	0.366600	0.298200	0.261600	3.225500	3.112200	4.834700	5.138500	3.814400	3.662300	
CATTT	-0.155400	-0.007000	-0.001500	-6.340900	-11.712200	-0.995700	3.862800	-9.255800	0.250100	0.120300	0.321200	7.869200	6.300800	3.880700	1.328000	-0.242800	-0.089500	-1.558100	-1.201100	3.361400	3.295400	-1.005600	1.510300	-6.734200	-4.838000	33.747100	37.641700	0.503500	0.524700	0.374400	0.430500	0.254400	0.293300	3.004000	3.290600	5.211500	5.857800	3.321300	3.855800	
GCAAC	0.094900	-0.029600	-0.195100	2.068900	-10.567900	-1.340100	5.692200	-7.022800	0.250000	0.121600	0.338500	8.746500	5.943300	3.795700	1.006200	-0.497600	-0.022900	-1.185300	-1.172300	3.392000	3.138900	1.542300	-1.894100	5.510700	-2.380100	34.695100	34.461700	0.502700	0.474100	0.526400	0.385500	0.310300	0.245900	3.519500	3.177700	5.510600	4.757700	3.881000	3.650300	
GCTGT	-0.076800	-0.030600	-0.079100	-1.041300	-7.141800	-0.502100	5.364500	-6.985300	0.250000	0.123400	0.330300	7.684000	5.512600	3.706900	0.944100	-0.231300	0.267200	-1.715500	-1.487200	3.336300	3.587500	2.151000	-0.102400	-1.586100	5.145100	31.162500	35.158600	0.426400	0.516600	0.390300	0.446700	0.265300	0.328300	3.149400	3.631000	4.697200	5.815200	3.230500	3.891200	
CGCAC	0.251100	-0.041600	0.146300	-0.199900	-4.089900	0.157300	5.873100	-4.549300	0.250100	0.120000	0.274100	7.363200	5.420400	2.076300	0.959800	-0.026000	-0.266800	-1.511300	-1.383100	3.405800	3.303500	-0.275600	1.636700	-0.821200	4.086400	35.904800	34.324700	0.450900	0.495600	0.405300	0.463500	0.208900	0.304900	3.191200	3.488900	4.132500	5.539800	3.825400	3.864300	
CAGTC	-0.244500	-0.021100	0.119600	-0.095200	-3.851700	0.320300	4.920600	-5.035500	0.247900	0.119800	0.280700	6.916500	5.756700	2.127600	1.033700	0.259200	-0.177300	-1.740600	-1.718600	3.411100	3.481900	-3.076000	2.545800	-0.101900	-2.712200	31.916000	35.070500	0.450900	0.464500	0.397300	0.389900	0.286400	0.245400	3.278900	3.206000	4.900700	4.522600	3.416700	3.518200	
GCGCG	-0.243600	-0.029900	0.039800	-0.385100	-4.225700	0.396500	5.573400	-4.010100	0.240800	0.120200	0.270200	7.592500	5.591200	2.051200	0.925100	-0.014400	-0.003700	-1.651800	-1.555600	3.387100	3.392400	-0.438100	-0.156500	3.547400	-1.102500	32.419100	36.148300	0.464300	0.421100	0.423600	0.400300	0.303500	0.210000	3.392000	3.153900	5.612900	4.183700	3.569300	3.842500	
AGCTA	0.239700	-0.020400	0.135900	-2.919600	-1.349400	0.288400	4.844500	-4.755000	0.241900	0.120200	0.260900	6.375000	5.205000	2.045500	1.009200	-0.037800	-0.276700	-1.781900	-1.779700	3.547200	3.389500	-0.042000	1.896100	-2.912900	-2.276500	37.711500	31.633200	0.355300	0.431200	0.377900	0.374200	0.224100	0.272600	2.907900	3.255700	4.940900	4.898600	3.785700	3.257100	
ACCTA	0.251000	-0.022900	0.156500	-4.182300	-1.607600	0.359400	4.665000	-4.561200	0.250200	0.120800	0.262000	6.409800	5.460400	2.070300	1.010500	-0.062900	-0.306200	-1.914400	-1.820800	3.725600	3.395900	-2.110400	2.440500	-1.441000	-2.311100	35.723600	32.028900	0.397000	0.445800	0.377700	0.376300	0.314600	0.287900	3.201200	3.274500	5.081300	5.030300	3.937700	3.274400	
ACCCG	0.270600	-0.040400	0.037400	-0.654800	-3.532200	0.271100	4.735600	-3.976700	0.240300	0.120300	0.270500	6.768500	5.688300	2.042400	0.884600	-0.065600	-0.119900	-1.844800	-1.815800	3.630600	3.423600	-1.031600	-0.274800	-0.768600	-1.766200	34.827700	33.860400	0.398600	0.400500	0.405600	0.408200	0.290600	0.253200	3.217100	3.170900	4.698200	4.637700	3.897700	3.702800	
ACCGT	0.263700	-0.046200	0.004600	1.307800	-4.829500	0.376400	4.877300	-3.813200	0.248800	0.119700	0.270200	7.111600	5.957900	2.038800	0.945000	-0.039500	-0.007300	-1.793800	-1.769000	3.587500	3.712100	-1.227200	1.185800	-0.483200	4.857100	35.089500	33.368900	0.413800	0.498700	0.414900	0.387700	0.297900	0.343400	3.322100	3.601000	4.793700	5.950600	3.960700	3.659900	
CGAAG	0.099500	-0.030000	-0.231100	-0.315000	-9.873900	-1.017100	4.913900	-7.743900	0.240000	0.120400	0.341000	8.162100	5.624300	3.622000	0.965000	-0.274200	-0.057000	-1.479400	-1.302700	3.367800	3.187700	1.548600	-1.878400	-0.244500	-3.313300	35.797400	35.136100	0.469800	0.462700	0.467800	0.397100	0.272000	0.249000	3.676000	3.278700	4.759300	4.987000	4.178100	3.701000	
CCCAG	0.268500	-0.038100	0.095700	-1.494600	-2.650100	0.302200	5.382800	-4.516400	0.248500	0.120100	0.270400	6.700900	5.644100	2.056000	0.875900	-0.123300	-0.345300	-1.807100	-1.569600	3.342200	3.412400	-0.385600	2.493000	-1.747800	4.135400	33.320600	34.059700	0.395900	0.510800	0.409000	0.420700	0.245300	0.318500	3.143200	3.738200	4.659400	5.601700	3.775000	3.597500	
ACCTC	0.252400	-0.020000	0.124800	-3.182100	-0.919200	0.384000	4.428100	-4.346200	0.241100	0.120200	0.260100	6.299800	5.460700	2.044600	1.005900	-0.040300	-0.180400	-1.952700	-1.853500	3.731800	3.401500	-2.029700	3.036200	-2.173100	-1.873700	35.467900	31.693300	0.396200	0.435400	0.374400	0.356000	0.311300	0.280700	3.188900	3.162800	4.982800	4.992700	3.941700	3.211500	
GTGTC	-0.262100	-0.034100	0.077600	-4.322100	-7.258800	0.415000	5.507500	-5.137500	0.249900	0.120800	0.295700	7.520300	5.990000	2.191800	1.013200	0.270900	-0.224500	-1.439100	-1.491300	3.425600	3.356300	-1.275100	1.291500	5.137100	-2.013800	34.488100	34.350400	0.509400	0.504300	0.466400	0.379700	0.314700	0.230100	3.569700	3.225000	5.710100	4.300300	3.902600	3.462900	
ACAAC	0.086700	-0.027900	-0.232200	2.140700	-11.428000	-1.367700	5.512700	-7.246300	0.249900	0.116100	0.340200	9.219500	6.006600	3.857200	1.069800	-0.479300	0.004200	-1.250600	-1.183600	3.669600	3.158900	0.988800	-1.945900	7.056500	-2.380100	35.391600	34.714300	0.513300	0.471100	0.530100	0.385300	0.350200	0.251700	3.608900	3.212200	5.664100	4.765700	4.086300	3.618900	
ACTTA	-0.154700	-0.020400	0.040300	-6.504000	-9.911400	-0.955900	4.560100	-7.956100	0.250000	0.126800	0.320900	7.817300	5.814300	3.687100	1.137700	-0.282200	-0.006600	-1.835700	-1.279300	3.648900	3.164300	1.714700	1.699700	-2.551000	-2.988400	33.175600	35.319600	0.446500	0.485800	0.388900	0.402200	0.345300	0.252600	3.117800	3.328200	5.339400	5.174600	3.460900	3.668900	
TCGCG	-0.242500	-0.029900	0.026900	-1.260200	-4.252400	0.396300	5.518100	-4.191000	0.249300	0.119900	0.271200	7.771900	5.640000	2.055800	0.940800	0.058700	-0.021900	-1.576800	-1.560200	3.459900	3.387700	-0.276800	-0.247800	4.903500	-1.115000	32.838700	36.055600	0.483200	0.424000	0.429000	0.401900	0.326000	0.210200	3.495000	3.166300	5.600900	4.170900	3.647900	3.851900	
TTGCC	-0.246200	-0.031500	0.096600	-0.980300	-3.067200	0.284500	5.335000	-5.130200	0.250000	0.110600	0.274400	7.052000	5.583600	2.052300	0.997500	0.504100	0.041400	-1.234700	-1.592800	3.334800	3.390800	-2.242700	0.334000	4.132600	-1.781600	34.339200	36.201000	0.507200	0.411800	0.528800	0.406500	0.298600	0.208800	3.498900	3.085300	5.570700	4.301300	3.859000	3.871200	
GTGCG	-0.251100	-0.041600	0.146300	0.199900	-4.089900	0.157300	5.873100	-4.549300	0.250100	0.120000	0.274100	7.363200	5.420400	2.076300	0.959800	0.266800	0.026000	-1.383100	-1.511300	3.303500	3.405800	-1.636700	0.275600	4.086400	-0.821200	34.324700	35.904800	0.495600	0.450900	0.463500	0.405300	0.304900	0.208900	3.488900	3.191200	5.539800	4.132500	3.864300	3.825400	
CAATT	0.156700	-0.029300	-0.087100	1.011600	-11.863400	-1.543300	4.257000	-8.493200	0.250500	0.120000	0.327200	7.644500	6.323400	3.876300	1.198300	-0.141600	-0.006400	-1.184900	-1.612100	3.254200	3.415600	-2.445900	-0.116500	-2.630700	-7.136000	35.469500	34.473900	0.474600	0.518700	0.413800	0.379400	0.264000	0.256300	3.256400	2.920500	5.118700	4.761900	3.781800	3.322500	
TCGAT	-0.264100	-0.038500	-0.091200	-3.717600	-7.113000	0.495700	5.254500	-4.501100	0.249200	0.114200	0.294300	7.905000	5.945900	2.144300	0.951600	0.024200	-0.233600	-1.631300	-1.561000	3.557100	3.420000	0.011800	0.962000	6.024100	0.049100	33.013900	35.671900	0.500100	0.465000	0.424200	0.453500	0.349300	0.296400	3.729300	3.854600	5.837000	5.004300	3.623200	4.146100	
ATTGC	-0.097500	-0.030000	-0.301100	2.727800	-10.566600	-0.914300	5.157800	-7.530000	0.249600	0.111200	0.349500	8.280200	5.779400	3.718900	1.022700	0.158400	0.482200	-1.184300	-1.372500	3.219700	3.509300	2.372700	-2.076400	-2.678600	5.357100	35.482200	34.737100	0.476900	0.503500	0.421500	0.470200	0.268300	0.320300	3.298700	3.603500	5.040900	5.720000	3.728000	3.763400	
TTGTC	-0.269100	-0.038800	0.048000	-5.402000	-7.277800	0.330100	5.530100	-5.502100	0.250100	0.111500	0.298600	7.631200	6.173100	2.221200	1.089300	0.495300	-0.282700	-1.161600	-1.523100	3.399900	3.360900	-2.133900	1.105200	6.228500	-2.012900	35.015300	34.132800	0.504400	0.498300	0.536500	0.383600	0.315800	0.233400	3.566600	3.238900	5.551800	4.248100	3.987400	3.471200	
TGCAG	0.253200	-0.037200	0.125000	0.249700	-3.717600	0.271200	5.755100	-4.473800	0.247000	0.119800	0.271500	7.242700	5.388300	2.057200	0.976800	0.011100	-0.300600	-1.597000	-1.465800	3.408100	3.365200	0.196000	1.888300	-1.367000	4.532900	36.200600	34.377400	0.437200	0.513200	0.415300	0.444200	0.214600	0.315900	3.171200	3.671300	4.273500	5.487400	3.945200	3.709300	
ATAGA	0.093400	-0.026900	-0.002800	1.447500	-7.221500	-0.783000	5.727900	-7.042800	0.250300	0.124200	0.336500	7.723500	5.566300	3.738300	1.026500	0.050500	0.170600	-1.506400	-1.742000	3.488500	3.351800	-0.627300	-1.768300	6.622300	-0.888600	34.572800	31.917100	0.509000	0.448800	0.407400	0.416300	0.337500	0.289300	3.921600	3.294500	6.540600	4.782200	3.853100	3.464300	
GATGA	-0.093100	-0.019800	-0.149800	4.000400	-7.386200	-0.346300	5.075600	-7.581600	0.250000	0.120400	0.341000	7.719000	5.942500	3.800400	1.091800	-0.004000	0.303200	-1.509300	-1.491600	3.252000	3.556300	0.024500	-0.259100	-4.222700	5.578700	32.191500	34.924700	0.496200	0.529000	0.380700	0.468200	0.232800	0.340400	2.975800	3.675400	4.485500	5.858600	3.242400	3.836200	
GAAGC	0.127700	-0.020300	0.017400	4.860600	-7.982500	-0.943000	4.821200	-7.834600	0.242100	0.120000	0.310100	7.247200	5.645500	3.589400	0.961100	-0.057500	0.311900	-1.238600	-1.822500	3.191000	3.437600	-2.620600	-1.698000	-2.811600	-2.365100	35.434100	31.941300	0.455700	0.427000	0.403600	0.374200	0.262900	0.280600	3.199600	3.056000	4.981400	4.946500	3.728200	3.308500	
GGTGT	-0.104800	-0.030200	-0.028100	-4.809700	-8.616500	-0.673700	5.293200	-7.098900	0.250000	0.123600	0.332200	8.180600	5.704400	3.741700	0.982500	-0.329800	0.278800	-1.559400	-1.341800	3.376500	3.489600	0.771000	-0.341100	-2.926900	4.859400	34.427000	34.915500	0.457800	0.505900	0.385900	0.484500	0.224500	0.321500	3.029900	3.541300	4.304000	5.697300	3.339100	4.036900	
TCCCT	0.308800	-0.045300	0.020300	-1.344300	-1.848700	0.399200	4.639100	-2.901800	0.239800	0.120300	0.266100	6.548700	5.471800	2.071100	0.881200	-0.014600	-0.072500	-1.867800	-1.942500	3.508000	3.479600	-1.109900	-1.086500	-1.121800	-2.280500	33.957500	34.251200	0.389000	0.376800	0.390200	0.375700	0.272900	0.253300	3.291100	3.122200	4.708500	5.025600	3.730700	3.686100	
TGCCA	0.273300	-0.034000	0.100400	-1.330300	-2.977800	0.268000	5.220300	-4.194000	0.240300	0.118700	0.269000	6.905100	5.293800	2.050700	0.931600	-0.021600	-0.052300	-1.636400	-1.765800	3.435200	3.371200	0.087200	-0.378800	-1.533100	-1.409900	36.625000	34.240300	0.407200	0.402400	0.398100	0.415500	0.217600	0.255400	3.129700	3.160600	4.372700	4.571900	3.838200	3.879600	
TCAAC	0.095000	-0.029300	-0.178500	2.256400	-10.345200	-1.474000	5.677700	-7.090600	0.250200	0.118800	0.340300	9.132300	5.907800	3.847500	1.023500	-0.423400	-0.016500	-1.168900	-1.180000	3.482000	3.138100	1.231100	-1.724100	6.956600	-2.612300	34.689800	34.383500	0.510900	0.472300	0.575200	0.387600	0.326000	0.247100	3.588500	3.192400	5.588400	4.750200	3.974300	3.672200	
AATAA	-0.101700	-0.015900	-0.086000	6.948500	-9.580800	-0.871600	5.586200	-7.486600	0.259800	0.120000	0.357300	7.226600	6.133200	4.097900	1.233100	0.207200	-0.122200	-1.564400	-1.405500	3.305300	3.506600	0.326300	1.072000	-5.147700	8.221800	33.547300	34.778000	0.519000	0.531400	0.373900	0.469200	0.255200	0.318700	3.090800	3.877300	5.167300	6.302700	3.348100	4.076900	
AGTTT	-0.167600	-0.003500	0.092400	-11.356400	-12.714100	-0.558200	3.918200	-9.401100	0.241600	0.124400	0.322600	7.887700	6.015600	3.997200	1.218600	-0.477800	-0.138200	-1.803700	-1.171500	3.638500	3.233200	0.844100	1.303900	-5.430800	-4.597900	37.210700	36.713300	0.450300	0.489800	0.367400	0.381300	0.265500	0.269100	3.077300	3.212900	5.212700	5.550500	3.554300	3.745100	
CGAGG	0.101700	-0.020200	-0.044300	1.571300	-6.526900	-0.625300	5.150400	-7.157500	0.250000	0.131100	0.335100	7.751100	5.483600	3.684500	0.898200	-0.105300	0.275000	-1.457400	-1.791300	3.242100	3.285300	0.173300	-2.168100	-1.291700	-2.690500	35.756900	31.477100	0.450400	0.423400	0.444100	0.376400	0.264900	0.250700	3.565300	3.107400	4.881400	4.791500	4.108600	3.289400	
GTTCC	-0.082900	-0.028300	-0.218800	-0.713500	-9.927300	-0.672200	4.858900	-7.888200	0.240000	0.119900	0.329700	8.231000	5.699700	3.645100	0.973800	0.101100	0.347600	-1.256100	-1.436000	3.172200	3.361700	1.617100	-1.472500	-3.391100	-0.591900	35.218400	36.275300	0.466400	0.462700	0.397800	0.491000	0.252800	0.278500	3.200200	3.557300	4.974300	4.680600	3.651800	4.210500	
AGCGA	0.241700	-0.029800	0.010600	1.543000	-3.710400	0.427300	5.197900	-4.389400	0.245600	0.116900	0.268400	7.108900	5.587700	2.024900	0.977800	-0.023200	-0.105500	-1.647500	-1.626300	3.452200	3.498900	1.083400	0.263000	-1.917000	3.923100	36.726800	32.605200	0.390900	0.481200	0.397000	0.415400	0.216000	0.322100	3.019500	3.458000	4.507800	5.639700	3.759100	3.558400	
CCCTA	0.256000	-0.020400	0.167300	-5.185100	-0.553900	0.316900	5.034500	-4.500500	0.244700	0.124300	0.261300	6.175300	5.245900	2.070500	0.916400	-0.133000	-0.292100	-1.900800	-1.787000	3.414400	3.318300	-0.968300	2.335600	-2.081900	-2.197600	33.862300	31.769700	0.380600	0.437700	0.388100	0.388600	0.249300	0.269400	3.068800	3.252500	4.868600	4.698900	3.697200	3.311500	
CAGCA	-0.230900	-0.022100	0.183000	3.606300	-1.617700	0.176900	5.247300	-4.711800	0.247300	0.119700	0.259400	6.616700	5.162000	2.068600	0.990100	0.246300	0.014800	-1.708900	-1.690200	3.316700	3.457000	-2.945800	0.665100	-0.804300	-2.004800	31.542400	37.013300	0.439500	0.404100	0.386200	0.408500	0.263500	0.218000	3.103500	3.075000	4.567700	4.435900	3.362700	3.927300	
ATTCG	-0.102600	-0.029600	-0.247900	0.641200	-10.584500	-1.047100	4.817800	-7.895400	0.243300	0.118400	0.344400	8.268400	5.657900	3.663800	1.062500	0.154300	0.255100	-1.216500	-1.470200	3.232100	3.377300	1.883000	-1.811500	-2.921100	-0.370600	35.910300	35.870700	0.480600	0.475900	0.430700	0.457900	0.271400	0.272900	3.340500	3.716000	5.250400	4.818000	3.768700	4.152300	
TGAGG	0.092700	-0.018300	-0.032400	2.020200	-6.537400	-0.526100	5.287300	-7.072200	0.250200	0.129000	0.332600	7.660300	5.529900	3.727600	0.937900	-0.144800	0.260400	-1.523000	-1.780800	3.266400	3.286100	0.601500	-2.158900	-0.943800	-2.537900	35.338400	31.472700	0.457300	0.426200	0.449700	0.378100	0.265800	0.249900	3.583000	3.124700	4.876100	4.741300	4.161700	3.328700	
CACTA	0.245600	-0.028200	0.126500	-0.322000	-4.193400	0.231300	5.130200	-4.804000	0.247000	0.120600	0.274600	7.092100	5.816100	2.144500	1.084800	0.304100	-0.244100	-1.662300	-1.732200	3.482600	3.378000	-2.337100	2.217300	-2.134300	-1.051600	34.717300	32.221700	0.482700	0.451500	0.394900	0.413100	0.242600	0.274500	3.117200	3.349200	4.498600	4.729100	3.514100	3.523600	
CATAA	-0.096400	-0.019700	-0.017400	4.979200	-8.081100	-1.018400	6.081300	-6.885500	0.253700	0.118900	0.350100	7.472900	5.957600	3.972000	1.124400	0.100700	-0.118500	-1.456200	-1.340700	3.237600	3.431500	-0.639000	1.409600	-2.994700	8.252600	31.889400	34.406200	0.517200	0.532200	0.359900	0.508600	0.225200	0.313400	2.981900	3.874200	4.216500	6.215000	3.230900	4.135400	
ACTCA	-0.105200	-0.021700	-0.059400	-0.947500	-7.612300	-0.499500	4.985400	-7.364900	0.250500	0.127800	0.341600	7.994200	5.625100	3.800400	1.089900	-0.204600	0.135100	-1.772900	-1.547400	3.510400	3.326300	1.787900	-0.986500	-1.960200	-0.872400	32.222700	35.716200	0.443800	0.461900	0.404500	0.439100	0.333600	0.276500	3.219900	3.653800	5.342200	4.993600	3.449300	4.127800	
CTATG	0.093400	-0.017700	-0.073200	-3.334100	-8.270600	-0.602800	5.612600	-7.170700	0.249800	0.135600	0.344200	7.651200	5.953200	3.885800	1.028200	-0.022300	-0.102500	-1.535500	-1.464400	3.470000	3.240300	-0.081400	0.448200	6.881200	-3.163500	34.736000	32.253600	0.510200	0.515600	0.394900	0.365500	0.322500	0.228700	3.952600	2.961900	6.275200	4.333100	3.863100	3.256600	
CCCCA	0.283800	-0.038800	0.054700	-2.022700	-1.960400	0.347700	4.898900	-2.516500	0.240200	0.121400	0.268900	6.499900	5.499400	2.059900	0.829600	-0.111600	-0.087300	-1.854000	-1.837600	3.363600	3.382800	-0.207100	-0.203600	-2.064900	-1.684000	33.492600	33.790700	0.386100	0.395600	0.390200	0.395200	0.245900	0.254800	3.091000	3.157400	4.642000	4.709800	3.675300	3.748200	
GACAA	0.269100	-0.038800	0.048000	5.402000	-7.277800	0.330100	5.530100	-5.502100	0.250100	0.111500	0.298600	7.631200	6.173100	2.221200	1.089300	0.282700	-0.495300	-1.523100	-1.161600	3.360900	3.399900	-1.105200	2.133900	-2.012900	6.228500	34.132800	35.015300	0.498300	0.504400	0.383600	0.536500	0.233400	0.315800	3.238900	3.566600	4.248100	5.551800	3.471200	3.987400	
GAGAG	-0.262700	-0.029600	0.079700	2.256600	-2.490800	0.267500	4.984800	-4.981800	0.240500	0.119900	0.276100	6.818100	5.449400	2.083900	0.991900	0.128400	-0.183900	-1.781600	-1.726500	3.378400	3.469100	-2.612900	2.465100	-1.075900	-0.303200	31.674300	35.580300	0.443000	0.448000	0.389000	0.432000	0.285900	0.297100	3.234300	3.636700	4.750500	5.178600	3.362500	4.128600	
AGCAA	0.243000	-0.030900	0.075900	2.026800	-3.404100	0.327400	5.055700	-5.326800	0.249900	0.110400	0.272500	6.937100	5.667500	2.040900	1.070000	-0.007700	-0.523500	-1.699500	-1.256200	3.453900	3.358300	0.721500	2.055300	-2.337700	4.068000	36.882700	34.323000	0.396500	0.504800	0.400700	0.515000	0.216600	0.295800	3.062500	3.495100	4.641400	5.573900	3.900700	3.830400	
CTGAC	-0.276900	-0.039800	0.015800	-1.214700	-6.402500	0.276100	5.699200	-4.871600	0.250000	0.119700	0.296700	7.860700	5.687700	2.163200	0.938200	0.271000	-0.197300	-1.474200	-1.515200	3.464400	3.309700	-1.455800	0.928500	5.939800	-0.726400	34.252500	34.784000	0.521800	0.457000	0.464000	0.452500	0.330400	0.273500	3.770200	3.684500	5.494900	4.685400	3.796100	4.156500	
GTCGT	0.280200	-0.041400	-0.029900	0.270400	-6.566900	0.316000	5.348800	-4.643100	0.241200	0.110500	0.289200	7.966300	5.715000	2.147300	0.959300	0.140100	0.115200	-1.468000	-1.638500	3.290400	3.688600	-0.707300	0.645300	-1.566700	6.511500	35.435100	33.867300	0.446400	0.516200	0.439100	0.416700	0.273100	0.360200	3.669400	3.640800	4.742200	5.706700	4.079200	3.871700	
CCATT	0.093500	-0.012000	-0.209700	-5.703600	-9.004700	-0.305800	5.034800	-7.510800	0.250200	0.122000	0.339300	7.429400	6.167900	3.953700	1.127100	-0.381300	-0.248600	-1.516700	-1.532700	3.422000	3.317600	1.923900	-1.045100	3.262600	-6.096300	34.734900	33.143300	0.520900	0.503000	0.444800	0.376200	0.296800	0.241000	3.522600	2.929000	5.809400	5.002000	3.728400	3.304100	
TCCAC	0.256800	-0.040100	0.140200	-1.227400	-3.495500	0.164300	5.586600	-4.795200	0.249500	0.118200	0.278200	6.891600	5.581200	2.069500	0.905800	-0.090700	-0.290800	-1.755100	-1.463200	3.431400	3.324700	-1.236800	2.163900	-0.499000	3.458700	33.924200	34.089000	0.412500	0.505300	0.434700	0.454100	0.273400	0.303300	3.365300	3.589300	4.678700	5.480600	3.943100	3.718200	
CAGAT	-0.245400	-0.022100	0.113700	3.557300	-2.973200	0.221600	4.966000	-5.327600	0.250400	0.120900	0.284600	7.448800	5.748000	2.136100	0.991100	0.278500	-0.193400	-1.762400	-1.795100	3.380400	3.661000	-2.730600	3.336800	-0.941300	0.088800	31.513700	36.127100	0.453100	0.467800	0.391100	0.453300	0.281300	0.363100	3.240000	3.881900	4.924600	5.472300	3.347900	4.286400	
GTCGC	0.264800	-0.039400	-0.034100	1.324100	-6.760800	0.327600	5.577400	-4.461600	0.240300	0.120300	0.288500	7.727700	5.662700	2.131500	0.919600	0.173200	0.138100	-1.475400	-1.589500	3.280200	3.440200	-0.726400	0.352500	-0.682700	4.691900	34.785100	32.711900	0.453600	0.485000	0.444900	0.439200	0.273000	0.321200	3.661400	3.532400	4.731500	5.582200	4.162300	3.699100	
GTGCT	-0.244600	-0.037600	0.103300	-1.401700	-3.756400	0.258000	5.436600	-4.819200	0.249900	0.118700	0.273400	7.005700	5.490800	2.028900	0.997500	0.307200	0.064100	-1.481600	-1.678500	3.414500	3.441300	-1.641800	-0.575800	3.861500	-1.849900	33.842400	36.844700	0.487900	0.399500	0.429500	0.396900	0.309000	0.216200	3.508200	3.038200	5.544300	4.483000	3.705200	3.879000	
TTGTG	-0.269000	-0.038400	0.029600	-6.309400	-8.291300	0.386100	5.534200	-5.330000	0.250100	0.117100	0.293400	7.817300	6.177800	2.242600	1.082800	0.482100	-0.397500	-1.156100	-1.472600	3.418400	3.367500	-1.997200	0.624800	6.286300	-1.781400	35.529900	34.139800	0.514100	0.506700	0.543100	0.376500	0.320800	0.227300	3.602500	3.183100	5.660000	4.216600	4.073100	3.457100	
GTACA	0.111400	-0.034600	0.117000	0.973100	-8.026800	-1.111200	6.192200	-6.616100	0.250100	0.129100	0.338100	8.025500	5.606700	3.878300	1.040800	-0.035300	0.239400	-1.375500	-1.543200	3.220100	3.312000	-0.623900	-0.584200	4.986100	-1.724200	34.451100	34.322100	0.522700	0.502800	0.475600	0.379300	0.285100	0.228800	3.826300	3.195400	6.302900	4.335500	4.199400	3.460700	
CGGTG	-0.267800	-0.030700	-0.000200	-4.166600	-6.674600	0.340400	4.889900	-4.586100	0.240200	0.120300	0.280300	7.219200	5.901700	2.161400	0.915300	0.054800	-0.308000	-1.773400	-1.486900	3.469100	3.379800	0.557000	1.067400	-0.314900	-2.516700	34.746600	34.395400	0.415100	0.476400	0.422500	0.381900	0.269000	0.224400	3.268100	3.054500	4.549700	4.212600	3.938600	3.417200	
TGCCG	0.268700	-0.038200	0.079900	-0.378900	-3.102400	0.260700	5.181400	-4.230800	0.240300	0.120300	0.268400	6.919000	5.233700	2.051600	0.890800	-0.008100	-0.104700	-1.632700	-1.742300	3.428200	3.343200	0.300700	-0.092700	-1.331800	-1.048100	36.529900	33.893900	0.409400	0.396700	0.400700	0.422200	0.213000	0.245300	3.128700	3.165800	4.262600	4.428700	3.842300	3.831900	
GCACT	0.113800	-0.030100	-0.031600	1.877800	-7.668500	-0.404500	5.276800	-7.036400	0.250000	0.127800	0.340000	7.729900	5.729600	3.738500	1.036300	-0.247500	0.293000	-1.401600	-1.714500	3.354600	3.450400	1.018600	-1.564600	3.313100	-3.092200	34.167300	34.579000	0.492600	0.463500	0.451300	0.391700	0.296500	0.240900	3.483800	3.037600	5.563400	4.642300	3.770300	3.501000	
GGCAT	0.260600	-0.039200	0.083400	0.188900	-3.195100	0.331300	5.272500	-4.797700	0.248200	0.119900	0.275000	7.201700	5.459700	2.032300	0.975200	-0.033400	-0.366900	-1.620800	-1.535900	3.393000	3.502700	-0.324800	1.974200	-1.788100	4.369900	36.336400	34.775900	0.401600	0.515900	0.400200	0.448300	0.209600	0.348300	3.058400	3.582900	4.336900	5.787100	3.843500	3.690900	
TGTTA	-0.149800	-0.022700	0.100500	-9.761000	-11.325500	-1.427000	5.280800	-7.457600	0.244700	0.120500	0.308500	8.078200	5.716000	3.677700	1.050200	-0.417900	0.155000	-1.614600	-1.103800	3.416100	3.088600	0.088400	1.913300	-2.373800	-2.521800	35.429000	35.533500	0.474700	0.495600	0.364100	0.409700	0.247800	0.245100	3.121900	3.262900	4.497200	4.818400	3.467800	3.682300	
AATTG	-0.156700	-0.029300	-0.087100	-1.011600	-11.863400	-1.543300	4.257000	-8.493200	0.250500	0.120000	0.327200	7.644500	6.323400	3.876300	1.198300	0.006400	0.141600	-1.612100	-1.184900	3.415600	3.254200	0.116500	2.445900	-7.136000	-2.630700	34.473900	35.469500	0.518700	0.474600	0.379400	0.413800	0.256300	0.264000	2.920500	3.256400	4.761900	5.118700	3.322500	3.781800	
TTGGA	-0.269000	-0.039500	0.116200	1.068500	-2.954900	0.240300	5.478500	-5.255700	0.249800	0.112200	0.279100	7.052400	5.644100	2.094800	0.973300	0.481000	0.048000	-1.295100	-1.759200	3.333100	3.424300	-2.601200	1.244700	3.065800	-0.550300	34.769400	33.833900	0.512800	0.414500	0.516300	0.442700	0.293600	0.276400	3.528600	3.418400	5.620200	4.626400	3.834200	3.902800	
GACGT	0.276800	-0.029400	-0.074100	6.067100	-7.962500	0.718600	4.668300	-4.838300	0.240700	0.119700	0.282700	7.811700	6.214700	2.171700	1.056400	0.240500	0.035100	-1.541300	-1.777000	3.374300	3.837800	-0.600100	0.647900	-3.091800	6.324100	34.586800	34.345700	0.472900	0.520400	0.379400	0.375700	0.236000	0.376100	3.203000	3.660500	4.399700	6.022400	3.434000	3.830000	
GACCG	0.271600	-0.029900	0.000800	3.767800	-6.045600	0.435200	4.715400	-4.693100	0.240200	0.120000	0.280900	7.119400	5.849300	2.139000	0.924500	0.210400	-0.063300	-1.583400	-1.792700	3.391500	3.477100	-1.235800	-0.699800	-2.743400	-0.620400	34.896000	34.393100	0.465100	0.406800	0.384500	0.412900	0.236500	0.270400	3.177500	3.286500	4.342400	4.627200	3.399200	3.853900	
ACAAG	0.090000	-0.030900	-0.262200	0.599900	-10.942200	-1.085800	5.191400	-7.462700	0.249300	0.117200	0.342500	8.834900	5.985400	3.771500	1.037300	-0.457000	-0.021400	-1.386300	-1.218700	3.713300	3.185100	1.107900	-2.271000	6.848900	-3.572300	35.437100	35.031200	0.517900	0.474200	0.495400	0.381300	0.354000	0.244300	3.647600	3.246600	5.669000	5.000200	3.989500	3.634300	
TTGGC	-0.271300	-0.040300	0.066200	0.534400	-3.416300	0.279000	5.514400	-4.919700	0.249900	0.116000	0.277100	7.009800	5.624600	2.067400	0.963400	0.484500	0.110700	-1.260500	-1.782400	3.339600	3.383600	-2.502000	1.076100	3.666300	-0.960600	34.818100	33.091400	0.514000	0.402200	0.519300	0.423700	0.289700	0.258200	3.483100	3.202800	5.497100	4.581700	3.809400	3.840300	
ATATC	0.091300	-0.019900	-0.103900	-2.578100	-8.429800	-0.547800	5.221600	-7.618300	0.250200	0.128300	0.349800	7.756300	5.998100	3.828900	1.173200	0.036200	0.015000	-1.587400	-1.554100	3.571200	3.266100	-0.347100	0.665700	7.354600	-4.150800	34.877100	32.427100	0.516800	0.502300	0.415500	0.380100	0.372600	0.236400	3.949000	2.971600	6.779700	4.556500	3.917300	3.227500	
CTGGG	-0.268500	-0.038100	0.095700	1.494600	-2.650100	0.302200	5.382800	-4.516400	0.248500	0.120100	0.270400	6.700900	5.644100	2.056000	0.875900	0.345300	0.123300	-1.569600	-1.807100	3.412400	3.342200	-2.493000	0.385600	4.135400	-1.747800	34.059700	33.320600	0.510800	0.395900	0.420700	0.409000	0.318500	0.245300	3.738200	3.143200	5.601700	4.659400	3.597500	3.775000	
CTTCT	-0.070700	-0.030100	-0.271000	-0.373400	-10.055000	-0.443900	4.537700	-7.941300	0.240900	0.120600	0.340000	8.352400	5.702100	3.647400	1.008000	0.093200	0.303000	-1.291700	-1.559900	3.226100	3.495300	2.353400	-3.052000	-3.500000	-1.103000	35.390300	36.460900	0.459900	0.459000	0.389600	0.474400	0.250700	0.294600	3.246000	3.614000	5.047900	4.879800	3.669300	4.209600	
CCACA	0.110100	-0.028500	0.017400	2.453400	-7.606200	-0.768900	5.750700	-6.695500	0.250200	0.130900	0.333800	8.311800	5.806100	3.845200	0.964200	-0.317900	0.231100	-1.275100	-1.533200	3.205500	3.309100	1.309900	-1.199700	2.697800	-1.929200	34.505500	33.740700	0.509100	0.493100	0.494400	0.389700	0.279100	0.229800	3.485600	3.205800	5.533700	4.448600	3.793200	3.474700	
CATCA	-0.100000	-0.020500	-0.098800	2.251400	-8.099900	-0.834000	5.284200	-7.360200	0.250100	0.120300	0.339700	7.654900	5.797500	3.747900	1.039900	0.034000	0.244200	-1.477800	-1.545500	3.248400	3.352200	-0.222000	-0.958100	-3.336500	-0.308300	32.115100	36.121300	0.499100	0.471500	0.363200	0.466900	0.224400	0.284200	2.941900	3.666300	4.211000	4.886300	3.201900	4.269500	
GAATA	0.135100	-0.021400	-0.025400	2.968900	-9.799500	-1.184600	4.615700	-8.211300	0.249100	0.120800	0.321000	7.511100	6.030100	3.759900	1.215100	-0.141000	0.127200	-1.175900	-1.579000	3.226900	3.313400	-2.608400	0.441100	-3.246700	-4.159200	36.104000	33.360700	0.485400	0.507800	0.427200	0.360000	0.268900	0.250200	3.259800	2.982400	5.166700	4.841100	3.853500	3.294600	
CACTT	0.252700	-0.028900	0.093000	0.278600	-4.542900	0.277100	4.170000	-5.408900	0.240400	0.119900	0.281200	7.188200	6.106900	2.182700	1.213500	0.337100	-0.285300	-1.697800	-1.853400	3.518200	3.589600	-2.039800	1.855100	-3.901600	-3.097400	35.018800	33.681300	0.461700	0.471100	0.386500	0.379700	0.249500	0.319700	3.159000	3.164600	4.820300	5.579300	3.480700	3.498700	
AACAA	0.259100	-0.037700	-0.009100	7.950900	-9.823100	0.428000	5.039600	-5.936400	0.250100	0.109000	0.296700	7.483300	6.277500	2.321800	1.163000	0.511500	-0.492400	-1.536900	-1.215400	3.401500	3.495300	0.056200	1.727200	-2.424500	5.882300	34.824000	35.645300	0.478700	0.511900	0.351700	0.530000	0.221400	0.318500	3.115100	3.603400	4.253800	5.704000	3.488800	4.031100	
GCCCA	0.276300	-0.040700	0.050100	-1.053000	-2.914200	0.246500	4.985200	-3.791300	0.240400	0.119900	0.269900	6.473800	5.443100	2.032800	0.860100	-0.101400	-0.086800	-1.830200	-1.814600	3.432400	3.411500	-0.826700	-0.378200	-1.246200	-1.559700	33.690100	34.139500	0.381400	0.394500	0.399300	0.408200	0.258000	0.253700	3.135500	3.157300	4.509700	4.686900	3.701000	3.777200	
TCCCC	0.320900	-0.041600	0.005900	-2.177800	-1.487100	0.509600	4.814500	-3.886700	0.239900	0.120300	0.268400	6.675100	5.445500	2.090900	0.818300	-0.005700	-0.062600	-1.870700	-1.897300	3.498900	3.401200	-1.040900	-0.004600	-0.775200	-2.075200	33.909500	33.505000	0.388900	0.376300	0.391300	0.381600	0.276200	0.249600	3.292700	3.080500	4.698400	4.680400	3.718500	3.626600	
GTCCG	0.283600	-0.042500	-0.027100	1.248000	-5.945800	0.239700	5.117800	-4.706100	0.240900	0.119700	0.287000	7.393000	5.537500	2.134400	0.897400	0.160500	-0.019900	-1.535400	-1.720100	3.327300	3.434700	-1.038000	-0.666600	-0.972500	-0.157300	35.361800	34.048800	0.446500	0.419900	0.445800	0.436000	0.280700	0.269400	3.625400	3.308500	4.761300	4.456000	4.150300	3.927900	
TTAGA	0.105900	-0.030400	0.031400	-0.823000	-6.513800	-1.209100	5.982800	-6.870200	0.255000	0.117700	0.340500	7.493100	5.514700	3.891200	1.008300	0.127500	0.194800	-1.297100	-1.660700	3.346000	3.304200	-1.407600	-1.264200	5.953200	-0.564800	34.352600	31.342700	0.525600	0.453000	0.513300	0.430400	0.301100	0.279100	3.837500	3.294200	6.059300	4.776000	4.015600	3.509600	
ACGTA	-0.287800	-0.030200	-0.039400	-5.803500	-7.763100	0.634400	4.878200	-4.495600	0.240300	0.118500	0.284200	7.892500	5.993100	2.194600	1.066700	-0.066800	-0.291900	-1.753000	-1.542400	3.822200	3.356400	-0.752300	0.091600	6.610700	-2.247300	34.426200	34.672000	0.513900	0.490600	0.383600	0.379000	0.374000	0.236000	3.688000	3.249100	5.852100	4.564100	3.884500	3.431500	
ATGAA	-0.282600	-0.043700	0.018400	-0.539800	-6.048700	0.250700	5.472200	-5.271300	0.249900	0.111700	0.301100	7.825200	5.734400	2.171800	1.049400	0.320700	-0.323300	-1.482900	-1.435100	3.531700	3.337900	-1.658100	2.000000	5.483300	-0.267500	35.060900	35.417700	0.539000	0.481200	0.479800	0.482100	0.356700	0.269200	3.759600	3.675300	5.841300	4.713200	3.881400	4.316400	
CTCAG	0.271700	-0.039600	-0.001100	1.900700	-6.037700	0.296100	5.581900	-4.873200	0.250000	0.120900	0.297300	7.652700	5.759000	2.128200	0.941500	0.206100	-0.299500	-1.570600	-1.557500	3.368600	3.480700	-1.258800	1.513000	0.009200	5.785200	35.171900	34.225400	0.457800	0.516000	0.441300	0.436600	0.283100	0.326800	3.747900	3.792700	4.787900	5.528700	4.082000	3.691300	
ACCAG	0.259700	-0.041400	0.068400	0.242800	-4.464300	0.235700	5.214400	-4.733600	0.249100	0.119500	0.273300	6.922400	5.824200	2.050800	0.936100	-0.058100	-0.348300	-1.792600	-1.607700	3.560900	3.457300	-1.313600	2.468300	-0.508600	4.395700	34.878400	34.201400	0.413800	0.513500	0.413300	0.413500	0.291600	0.323400	3.278400	3.776300	4.646100	5.691400	3.967200	3.558600	
GATCC	-0.085300	-0.019500	-0.168600	2.475600	-7.645400	-0.041300	4.626600	-7.905000	0.245400	0.126600	0.341000	7.515700	5.858400	3.701500	1.078100	-0.031100	0.223500	-1.551800	-1.594500	3.295500	3.394900	-0.288700	-0.860300	-4.742100	-1.175300	32.769300	36.200300	0.484700	0.440200	0.374200	0.452300	0.253600	0.291200	2.959500	3.625100	4.558800	5.077600	3.203300	4.130900	
GATTT	-0.154400	-0.022100	-0.034800	-5.092800	-12.198800	-1.346400	4.173700	-8.670100	0.250200	0.120000	0.328600	7.590600	6.153200	3.790300	1.246400	-0.233500	-0.117900	-1.591000	-1.231000	3.394800	3.404900	-1.366400	1.433000	-6.205100	-3.685800	33.595600	37.656700	0.499200	0.516000	0.370500	0.450500	0.267200	0.330600	2.970600	3.343300	4.853000	5.769300	3.250400	3.881400	
GCACG	0.107200	-0.034100	0.023300	4.185600	-8.502800	-0.859800	5.743400	-6.694000	0.250100	0.130800	0.329200	8.029700	5.543800	3.753800	0.921300	-0.337200	0.281100	-1.214300	-1.480100	3.281200	3.341800	0.725500	-0.745500	3.565400	-2.306000	34.678900	34.109300	0.499900	0.482400	0.488400	0.372200	0.287900	0.218800	3.454700	3.139900	5.446200	4.271400	3.921800	3.375300	
CAACG	0.154400	-0.029500	0.089600	9.999500	-11.642200	-1.464700	4.996100	-7.616900	0.243700	0.125700	0.305200	8.085600	5.813200	3.641000	0.953100	-0.065500	0.417600	-1.056400	-1.562200	3.097900	3.420800	-2.606200	0.041500	-2.245500	-3.025100	35.182500	35.593200	0.479900	0.467000	0.382300	0.347800	0.228500	0.229700	3.105200	3.108700	4.741300	4.227900	3.618700	3.427000	
AGTCG	-0.115600	-0.019400	-0.017600	-3.445900	-8.068100	-0.168300	4.622700	-7.809700	0.249800	0.125500	0.339000	8.145500	5.643100	3.664700	1.074600	-0.251800	0.089100	-1.762900	-1.404600	3.489200	3.261100	1.915700	-0.632300	-3.275200	-1.939500	35.194800	35.562800	0.441500	0.454500	0.389600	0.430000	0.248400	0.262100	3.095200	3.604300	4.732600	4.810300	3.456600	4.002000	
TTTGA	-0.096200	-0.029900	-0.223500	-1.538500	-10.296300	-1.582600	5.585600	-7.562500	0.250100	0.108000	0.341600	9.039300	5.907600	3.924700	1.062300	0.190400	0.442300	-1.033800	-1.167900	3.134400	3.486400	1.358200	-1.306100	-2.521600	6.435000	35.250200	34.691300	0.501500	0.514800	0.415500	0.566500	0.238600	0.326200	3.216400	3.616800	5.014000	5.577800	3.859800	3.971500	
ACGAG	-0.279500	-0.038100	-0.073800	-1.929000	-6.458700	0.386900	5.113300	-4.557300	0.241300	0.113000	0.291200	7.954800	5.832900	2.139300	0.925200	-0.079300	-0.172800	-1.682600	-1.517400	3.719900	3.351700	-0.520000	0.792100	6.012800	-0.899500	33.855900	35.756700	0.511600	0.449300	0.399100	0.432600	0.357400	0.285200	3.653300	3.731200	5.759700	4.831800	3.803400	4.005100	
GCAAG	0.096500	-0.030200	-0.244200	0.268300	-10.136100	-1.034700	5.434700	-7.313000	0.249400	0.118200	0.343100	8.239700	5.843300	3.690200	0.979300	-0.476300	-0.049200	-1.316200	-1.224900	3.454800	3.162900	1.666300	-2.160400	5.459500	-3.206400	34.635700	34.978600	0.501100	0.473600	0.489300	0.382700	0.314800	0.242100	3.568100	3.251700	5.563300	4.942700	3.812800	3.673300	
GCTCG	-0.096600	-0.027500	-0.046300	-0.890000	-6.788700	-0.660000	5.199300	-7.147100	0.249600	0.128600	0.331000	7.546600	5.432900	3.633300	0.915400	-0.244600	0.139500	-1.765500	-1.459700	3.345500	3.279400	1.749200	-0.260200	-2.118000	-1.048100	31.430200	35.951800	0.422000	0.448400	0.383900	0.443900	0.264600	0.265400	3.126400	3.587900	4.717900	4.909800	3.292300	4.116800	
CGTCT	-0.083700	-0.013700	-0.044000	-4.807900	-8.690600	0.072400	4.858600	-7.367000	0.250000	0.132200	0.333000	8.142900	5.575000	3.703200	1.001000	-0.192900	0.180600	-1.554800	-1.449900	3.375200	3.337500	0.947100	-1.969700	-2.913500	-1.598400	34.804400	36.364200	0.469000	0.451400	0.375200	0.461500	0.228600	0.270100	3.200200	3.497200	4.300900	4.941800	3.386800	4.110500	
CTTCA	-0.098300	-0.029900	-0.224100	-0.186100	-10.056100	-1.123100	5.165100	-7.537200	0.240900	0.117500	0.339400	8.160600	5.617800	3.638500	0.984100	0.060100	0.287300	-1.288400	-1.476300	3.191500	3.377400	1.995200	-2.089400	-3.169500	0.398700	35.237000	36.146400	0.464400	0.475100	0.396900	0.475900	0.248900	0.284400	3.266200	3.687000	5.013000	4.725000	3.698900	4.233800	
AATGG	-0.093500	-0.012000	-0.209700	5.703600	-9.004700	-0.305800	5.034800	-7.510800	0.250200	0.122000	0.339300	7.429400	6.167900	3.953700	1.127100	0.248600	0.381300	-1.532700	-1.516700	3.317600	3.422000	1.045100	-1.923900	-6.096300	3.262600	33.143300	34.734900	0.503000	0.520900	0.376200	0.444800	0.241000	0.296800	2.929000	3.522600	5.002000	5.809400	3.304100	3.728400	
GGACC	0.097700	-0.015000	-0.036000	3.217600	-7.358400	0.065100	4.727200	-7.772600	0.249200	0.129700	0.332900	7.654200	5.624400	3.622900	0.923800	-0.172700	0.224800	-1.451300	-1.623600	3.253700	3.393200	0.443500	-0.882600	-1.934300	-3.435700	35.912200	34.677000	0.441600	0.442800	0.454900	0.389100	0.256000	0.231700	3.501100	3.079300	4.845500	4.370800	4.088400	3.364100	
TATGA	-0.085000	-0.020200	-0.052000	2.189200	-7.025900	-0.784100	5.834800	-6.807800	0.250000	0.119600	0.344000	7.765100	5.847300	3.858400	1.089400	0.044700	0.321300	-1.501100	-1.404000	3.245000	3.511900	0.420000	0.021800	-3.127700	5.839700	32.119300	35.071900	0.517900	0.530200	0.368900	0.480400	0.232300	0.335300	2.989000	3.694700	4.457100	5.752200	3.252600	3.912600	
CTCAC	0.265700	-0.040000	0.030700	1.226100	-6.353300	0.224200	5.785900	-4.904300	0.249900	0.119300	0.301100	7.724000	5.806100	2.154400	0.958100	0.187600	-0.263600	-1.574200	-1.418500	3.353100	3.376200	-1.247700	1.195800	0.064900	4.633700	34.936500	34.120200	0.464000	0.509000	0.444500	0.491100	0.278400	0.322600	3.754400	3.619100	4.958600	5.514200	4.171600	3.781900	
TGAGT	0.105200	-0.021700	-0.059400	0.947500	-7.612300	-0.499500	4.985400	-7.364900	0.250500	0.127800	0.341600	7.994200	5.625100	3.800400	1.089900	-0.135100	0.204600	-1.547400	-1.772900	3.326300	3.510400	0.986500	-1.787900	-0.872400	-1.960200	35.716200	32.222700	0.461900	0.443800	0.439100	0.404500	0.276500	0.333600	3.653800	3.219900	4.993600	5.342200	4.127800	3.449300	
TAGCC	-0.238500	-0.019300	0.168100	4.084000	-1.260100	0.291600	5.028500	-4.822100	0.243200	0.120300	0.261200	6.412600	5.172400	2.049300	0.970100	0.267900	0.047000	-1.747300	-1.684400	3.356600	3.460100	-2.122000	1.164800	-2.237600	-2.140600	31.741100	37.117800	0.437300	0.373800	0.387100	0.396200	0.270400	0.210600	3.248400	2.951000	4.752600	4.415600	3.361500	3.804700	
AGCAC	0.244600	-0.037600	0.103300	1.401700	-3.756400	0.258000	5.436600	-4.819200	0.249900	0.118700	0.273400	7.005700	5.490800	2.028900	0.997500	-0.064100	-0.307200	-1.678500	-1.481600	3.441300	3.414500	0.575800	1.641800	-1.849900	3.861500	36.844700	33.842400	0.399500	0.487900	0.396900	0.429500	0.216200	0.309000	3.038200	3.508200	4.483000	5.544300	3.879000	3.705200	
CAATG	0.144900	-0.026800	-0.041200	3.213800	-10.175700	-1.452800	4.728300	-7.940400	0.249900	0.119900	0.318400	7.793000	6.140900	3.742000	1.086100	-0.126800	0.127800	-1.162600	-1.528700	3.163800	3.297500	-2.643800	0.828400	-2.080500	-4.866200	35.083300	32.700400	0.475600	0.505000	0.413100	0.366200	0.252600	0.233300	3.216100	2.912800	4.811900	4.403300	3.831300	3.278500	
TTTTG	-0.149300	-0.029000	-0.111000	-7.018400	-13.422500	-2.270800	4.659400	-8.847700	0.250000	0.106500	0.322000	8.202700	6.099400	3.855400	1.114900	0.119500	0.184300	-1.048200	-1.021500	3.227000	3.172000	0.895700	1.602500	-3.116500	-2.334100	36.921600	35.449100	0.529400	0.506100	0.428500	0.415700	0.264300	0.247500	3.248800	3.188500	5.622500	5.189100	3.937300	3.857300	
GATCG	-0.101000	-0.019700	-0.110700	2.463000	-7.825200	-0.592800	4.942000	-7.623100	0.250000	0.122800	0.340600	7.510900	5.833900	3.700700	1.026500	-0.068800	0.179700	-1.530500	-1.496000	3.285600	3.340400	-0.466000	-0.719000	-4.413300	-0.766600	32.551600	36.215100	0.487000	0.453500	0.370000	0.450900	0.250600	0.276200	2.937100	3.711500	4.380900	4.933400	3.192600	4.145400	
CGGAG	-0.283100	-0.040600	-0.042000	-0.927000	-5.200400	0.233600	5.002100	-4.563700	0.240000	0.119800	0.289500	7.322600	5.596900	2.130500	0.882600	0.053000	-0.177400	-1.765000	-1.585500	3.430300	3.370700	0.692900	1.148500	-0.531500	-1.505300	34.027400	35.674400	0.411200	0.446400	0.419200	0.434800	0.266400	0.285600	3.321800	3.638200	4.536600	4.960400	3.857600	4.078700	
CCTAC	-0.103100	-0.027700	0.055300	-1.000000	-6.369800	-0.841400	5.814900	-6.846100	0.249900	0.131100	0.338500	7.384300	5.586800	3.798500	0.960900	-0.264300	-0.025900	-1.759500	-1.462800	3.240900	3.257800	1.617400	0.732700	-2.582300	5.102400	31.178700	34.167100	0.436200	0.493400	0.392100	0.421300	0.249500	0.292700	3.198500	3.824700	4.853000	6.175800	3.368400	3.922300	
GACGA	0.257300	-0.028600	-0.013200	5.280400	-6.928100	0.586600	5.157000	-4.830700	0.245800	0.116600	0.283000	7.597900	6.082400	2.141500	1.020600	0.235900	-0.052900	-1.528900	-1.624500	3.353400	3.612500	-0.743200	0.063400	-2.269900	5.129500	34.185100	33.646500	0.479200	0.511700	0.380800	0.417800	0.232900	0.340400	3.210400	3.591800	4.301600	5.887800	3.432500	3.762700	
CGCCA	0.276500	-0.038900	0.063500	-0.365100	-3.063200	0.310500	5.142600	-4.263900	0.240600	0.120000	0.269900	7.010300	5.316500	2.051200	0.892800	0.026900	-0.051900	-1.575600	-1.786900	3.412300	3.379800	0.011900	-0.429300	-1.563600	-1.160600	36.773400	34.091600	0.399600	0.401700	0.395100	0.411700	0.209400	0.257600	3.124200	3.177800	4.273100	4.574800	3.751800	3.831900	
AACTG	0.232300	-0.022100	0.087500	1.663000	-5.711600	0.314900	4.485200	-5.502100	0.247300	0.118900	0.281800	6.921800	6.036800	2.177800	1.182900	0.464500	-0.267900	-1.724200	-1.752600	3.584700	3.495600	-1.217000	2.771800	-4.078700	-1.056200	36.684600	32.414900	0.461300	0.446000	0.360000	0.395200	0.249700	0.297500	3.079500	3.264200	4.959800	5.216900	3.564000	3.378200	
CAAAT	0.162500	-0.023500	-0.104200	6.721700	-13.299400	-2.006200	4.275400	-9.230500	0.249800	0.111200	0.335200	8.582400	6.209000	3.810900	1.137000	-0.120200	0.036700	-1.068500	-1.250300	3.174000	3.327500	-1.614300	-1.249600	-3.237500	-4.311800	35.335400	37.060700	0.504700	0.507900	0.407500	0.416300	0.260200	0.338100	3.220600	3.322000	5.211100	5.542000	3.777000	3.799700	
CATGC	-0.091500	-0.003000	-0.221900	3.679800	-9.776200	-0.341300	5.482200	-7.004700	0.250300	0.131200	0.346300	7.980500	6.099500	3.786700	1.046600	0.099000	0.371600	-1.439600	-1.461600	3.250600	3.523900	0.079400	-1.406300	-3.457600	5.135900	32.012300	34.855600	0.511500	0.510000	0.359700	0.445400	0.228500	0.330500	2.934900	3.509500	4.265900	5.635000	3.194300	3.809400	
AAAAT	0.167500	-0.002700	-0.075200	8.742600	-15.346400	-1.626000	3.704000	-10.497900	0.257000	0.129500	0.357700	8.840900	7.144400	4.658600	1.301900	-0.008300	0.111200	-1.089600	-1.247800	3.294600	3.512500	-0.986700	-1.272000	-4.685900	-3.872900	37.487400	37.850000	0.546500	0.524100	0.422900	0.443300	0.290000	0.381700	3.299200	3.411600	5.776000	5.802800	3.836900	3.957300	
GGGTC	-0.294600	-0.037500	-0.044900	-3.951700	-5.260300	0.584000	4.459900	-4.711000	0.239700	0.119900	0.279500	6.973100	5.991600	2.137400	0.934200	0.036600	-0.240500	-1.859300	-1.630500	3.475500	3.417400	0.785900	1.134200	-1.682400	-3.178000	34.311600	34.943200	0.387800	0.446600	0.382900	0.386700	0.271900	0.245900	3.204600	3.174100	4.774500	4.334500	3.803200	3.363000	
TGACG	0.107500	-0.021100	0.032000	4.232900	-8.497900	-0.726400	5.348500	-7.046000	0.250000	0.124100	0.328900	8.098700	5.524600	3.674700	0.977300	-0.209300	0.239300	-1.346400	-1.519100	3.231300	3.351400	0.432700	-0.502300	-1.163200	-2.171900	36.178000	34.691400	0.463100	0.476300	0.463200	0.370700	0.259500	0.223500	3.558700	3.185300	4.620800	4.281900	4.181800	3.426800	
TTGCA	-0.249100	-0.038100	0.131900	-0.765200	-3.651600	0.204700	5.814700	-4.960800	0.249100	0.110500	0.274200	7.327400	5.522100	2.086600	1.087000	0.470300	0.011100	-1.146700	-1.573900	3.309000	3.405400	-2.337700	-0.043900	4.203300	-1.348200	34.549300	35.919900	0.512300	0.444700	0.558300	0.421100	0.293500	0.210300	3.520200	3.178000	5.412500	4.402600	3.995400	4.010200	
ATCTT	0.274100	-0.029200	0.075200	-2.453600	-3.403700	0.368900	4.145800	-5.668900	0.247800	0.123600	0.291400	7.592200	6.064900	2.189000	1.178200	0.227200	-0.360700	-1.759400	-1.844200	3.675600	3.625100	-3.300300	2.171300	-1.842300	-2.215500	37.104700	33.297100	0.457000	0.508700	0.452300	0.381500	0.380200	0.336600	3.917300	3.331400	5.815200	5.782800	4.243100	3.467700	
CTTAG	-0.099100	-0.024200	-0.206500	1.285700	-10.482400	-1.052700	5.487000	-7.306800	0.249900	0.121900	0.342300	8.019700	5.737100	3.762900	0.961400	0.076300	0.065100	-1.268500	-1.458100	3.156600	3.484400	1.553200	-0.860700	-3.076100	8.235300	35.012400	34.383100	0.476000	0.514400	0.399300	0.407600	0.242000	0.316900	3.333200	3.957400	4.958900	6.186400	3.693500	3.829900	
CATAT	-0.091200	-0.016500	-0.085700	3.017000	-8.551900	-0.604100	5.377600	-7.351900	0.250100	0.134300	0.343100	7.941900	5.984500	3.877500	1.141600	0.101800	-0.013500	-1.488000	-1.560600	3.255900	3.577100	-0.429900	0.374500	-3.443500	7.377600	32.379800	35.129400	0.517600	0.518600	0.368900	0.414000	0.232500	0.363300	2.962000	3.948100	4.423100	6.784900	3.267100	3.965700	
GTAAT	0.106300	-0.020300	-0.207100	-2.441300	-11.265700	-1.041600	5.529100	-7.507100	0.250000	0.120000	0.357200	8.239800	5.864200	3.914500	1.074800	-0.123500	-0.169700	-1.408500	-1.200400	3.374200	3.196800	1.281200	-1.664900	6.086300	-2.192600	34.530500	35.470600	0.526100	0.493800	0.471200	0.436000	0.310300	0.259500	3.882700	3.397300	6.339000	5.208600	4.072000	3.818100	
TACCC	0.301800	-0.032000	0.000600	3.664400	-5.141300	0.569600	4.742400	-4.239400	0.239800	0.120000	0.281000	7.030000	5.846500	2.148600	0.968500	0.302800	-0.034500	-1.621600	-1.833100	3.416800	3.433700	-0.619400	-0.464600	-2.506500	-1.525900	34.960600	34.211900	0.456100	0.390400	0.384500	0.399100	0.237000	0.266800	3.217800	3.190200	4.385800	4.673400	3.386100	3.857000	
GCGTA	-0.263300	-0.029000	0.003200	-4.409200	-7.190300	0.562000	5.335100	-4.383200	0.240100	0.120800	0.284900	7.503000	5.903600	2.173200	1.023100	-0.059500	-0.276600	-1.704500	-1.534500	3.562700	3.346400	-0.228800	0.419400	4.592000	-1.701600	33.068100	34.404800	0.476800	0.499400	0.409200	0.378200	0.333000	0.233100	3.522800	3.207900	5.727000	4.383500	3.616600	3.408900	
CACTC	0.250200	-0.022600	0.110700	0.020400	-3.527300	0.320800	4.808800	-5.088900	0.240300	0.119700	0.274200	6.987700	5.861900	2.113500	1.076300	0.305200	-0.155500	-1.687800	-1.808400	3.504000	3.421000	-2.142300	2.886600	-2.783600	-1.042200	34.629300	32.091000	0.465300	0.451800	0.392000	0.388200	0.241200	0.293900	3.072800	3.203700	4.563300	4.785300	3.478800	3.466300	
GTTGG	-0.086300	-0.022500	-0.296600	0.740800	-9.813600	-0.964300	5.569800	-7.028900	0.250200	0.127200	0.342700	8.290400	5.874100	3.812900	0.914000	-0.027000	0.438300	-1.344800	-1.379900	3.099000	3.418000	2.190500	-3.112700	-2.234400	5.666300	33.379800	34.420200	0.460600	0.501900	0.390600	0.479900	0.250400	0.304300	3.212600	3.560800	4.545600	5.328900	3.564000	3.711200	
ATTTG	-0.162500	-0.023500	-0.104200	-6.721700	-13.299400	-2.006200	4.275400	-9.230500	0.249800	0.111200	0.335200	8.582400	6.209000	3.810900	1.137000	-0.036700	0.120200	-1.250300	-1.068500	3.327500	3.174000	1.249600	1.614300	-4.311800	-3.237500	37.060700	35.335400	0.507900	0.504700	0.416300	0.407500	0.338100	0.260200	3.322000	3.220600	5.542000	5.211100	3.799700	3.777000	
ACACT	0.104400	-0.027600	-0.062300	2.500100	-8.493100	-0.323500	5.115100	-7.182100	0.250000	0.127200	0.340400	8.217900	5.836300	3.784300	1.052600	-0.231200	0.336200	-1.440800	-1.730400	3.528900	3.458300	0.387700	-1.256500	5.057800	-3.670800	34.463500	34.611400	0.509100	0.467000	0.469000	0.398200	0.332600	0.247800	3.572500	3.099900	5.809300	4.861600	3.971900	3.499100	
TTGGT	-0.262700	-0.041900	0.089300	-0.576800	-4.380400	0.254200	5.225400	-5.185100	0.250000	0.116700	0.277100	7.160100	5.868000	2.096600	1.022700	0.492900	0.059100	-1.287200	-1.768000	3.366900	3.540700	-2.502900	1.404600	3.619600	-0.602000	34.884900	34.822500	0.514800	0.423000	0.515400	0.435800	0.295900	0.288300	3.544900	3.332800	5.570600	4.634000	3.830600	3.975000	
ACCTG	0.246200	-0.020400	0.142400	-4.045100	-1.736000	0.329300	4.622900	-4.703600	0.248700	0.119800	0.265800	6.488200	5.557700	2.059900	0.981100	-0.053800	-0.341600	-1.936500	-1.817600	3.712800	3.413600	-2.012800	2.928500	-1.579500	-2.114500	35.506800	31.851900	0.397200	0.447400	0.375700	0.367300	0.313900	0.280200	3.210300	3.157000	5.061000	4.980000	3.960800	3.200200	
GTCTC	0.265200	-0.032500	0.099200	-2.878900	-3.379000	0.164700	5.024400	-5.193100	0.241300	0.120100	0.275000	6.956200	5.379900	2.096800	0.998900	0.144700	-0.105800	-1.667300	-1.708600	3.447400	3.364600	-2.607700	2.698100	-0.832100	-0.914000	35.312700	31.937500	0.443600	0.456800	0.453400	0.406200	0.289300	0.279600	3.651900	3.196100	5.020700	4.713800	4.130600	3.468100	
ACGCC	-0.260900	-0.030700	0.018900	-0.629800	-3.813000	0.402600	5.081400	-4.194300	0.241100	0.118600	0.270500	7.297100	5.476900	2.038800	0.941700	0.014400	0.045900	-1.713900	-1.602100	3.658300	3.403300	-0.933100	-0.072900	4.645100	-2.132900	33.229100	36.445600	0.480600	0.396900	0.401800	0.396100	0.348800	0.207800	3.473400	3.046400	5.714600	4.336200	3.732800	3.788600	
TTCAG	0.270600	-0.040300	0.035300	0.115800	-5.995900	0.278200	5.731200	-5.052200	0.250100	0.117100	0.295900	7.668200	5.632500	2.177000	0.992100	0.321600	-0.285200	-1.433200	-1.484700	3.322100	3.454200	-2.012100	1.583300	0.694600	5.749400	35.423900	34.244600	0.482500	0.522700	0.480500	0.458500	0.265700	0.326700	3.642600	3.768200	4.564500	5.484300	4.316000	3.759100	
ACGGC	-0.270500	-0.046600	0.020800	-0.335300	-3.970000	0.313200	5.073300	-3.959200	0.248700	0.118900	0.267800	6.844000	5.645700	2.021500	0.888700	-0.006700	0.110700	-1.741900	-1.789900	3.694800	3.399900	-1.223000	0.863000	5.263800	-0.876400	33.477600	33.528500	0.498900	0.394600	0.396700	0.406500	0.344400	0.261300	3.541100	3.226300	5.728700	4.601400	3.685400	3.739300	
AGCAG	0.246400	-0.029900	0.068100	1.349300	-3.548200	0.357700	5.180700	-4.717800	0.248200	0.118500	0.270800	6.902600	5.505000	2.013200	0.970700	-0.022900	-0.358600	-1.705900	-1.584100	3.454000	3.463600	0.658600	1.932100	-1.993900	4.199800	36.895100	33.793000	0.388600	0.497500	0.391900	0.413200	0.214500	0.318400	3.034600	3.666400	4.541000	5.584900	3.850500	3.508300	
AGGAG	-0.313000	-0.049400	-0.077400	-0.920800	-4.690000	0.422900	4.692800	-4.669600	0.239600	0.119500	0.287400	7.212100	5.663100	2.125100	0.880300	0.022600	-0.191600	-1.912700	-1.578100	3.544800	3.379800	1.886400	0.846700	-0.966000	-1.646200	34.538900	35.852800	0.400300	0.441100	0.379600	0.428200	0.278000	0.285100	3.288700	3.652100	5.063700	4.983100	3.782700	3.978900	
AAGCC	-0.255000	-0.019600	0.134800	3.286600	-1.550500	0.427800	4.287500	-5.168900	0.241100	0.120100	0.264600	6.446200	5.322200	2.105200	1.073600	0.364300	0.033600	-1.820800	-1.733400	3.478800	3.502300	-1.711000	1.034300	-3.885200	-3.671500	32.729100	37.497400	0.447800	0.361300	0.374000	0.376100	0.289900	0.224300	3.073800	2.971700	5.520600	4.871400	3.329700	3.761500	
GGCTA	0.238500	-0.019300	0.168100	-4.084000	-1.260100	0.291600	5.028500	-4.822100	0.243200	0.120300	0.261200	6.412600	5.172400	2.049300	0.970100	-0.047000	-0.267900	-1.684400	-1.747300	3.460100	3.356600	-1.164800	2.122000	-2.140600	-2.237600	37.117800	31.741100	0.373800	0.437300	0.396200	0.387100	0.210600	0.270400	2.951000	3.248400	4.415600	4.752600	3.804700	3.361500	
TTTCC	-0.079100	-0.030000	-0.263700	-0.036600	-10.068700	-0.701000	4.640800	-8.405600	0.240400	0.110100	0.337900	8.287600	5.690100	3.731400	1.045900	0.277200	0.332200	-1.031500	-1.443700	3.162300	3.388600	1.261700	-1.811700	-3.222500	-0.768000	36.125000	36.459000	0.507000	0.465000	0.434700	0.486200	0.244400	0.281100	3.245900	3.605700	5.254000	4.836400	3.896500	4.234400	
TCGTC	-0.257300	-0.028600	-0.013200	-5.280400	-6.928100	0.586600	5.157000	-4.830700	0.245800	0.116600	0.283000	7.597900	6.082400	2.141500	1.020600	0.052900	-0.235900	-1.624500	-1.528900	3.612500	3.353400	-0.063400	0.743200	5.129500	-2.269900	33.646500	34.185100	0.511700	0.479200	0.417800	0.380800	0.340400	0.232900	3.591800	3.210400	5.887800	4.301600	3.762700	3.432500	
CAAGT	0.154600	-0.022400	0.023300	6.829800	-10.037000	-1.101300	4.550300	-7.976300	0.250100	0.123900	0.320500	8.017800	5.918400	3.705600	1.034800	0.027600	0.292900	-1.207800	-1.826100	3.176900	3.639300	-2.390900	-1.702900	-2.774700	-2.172700	34.991400	33.097400	0.473700	0.450500	0.382700	0.387200	0.251200	0.340500	3.205000	3.101200	5.094500	5.327700	3.607800	3.481400	
CCGAG	-0.280700	-0.034900	-0.070700	-2.048500	-6.323100	0.437900	5.446800	-4.493300	0.240600	0.120400	0.294100	7.853500	5.743700	2.149800	0.890200	-0.060600	-0.186300	-1.617000	-1.557600	3.412600	3.345000	0.587200	0.778900	4.292600	-0.086600	32.694300	34.954200	0.491400	0.456400	0.427300	0.444100	0.305800	0.284100	3.584700	3.740300	5.628000	4.836800	3.613400	4.099500	
TCCAG	0.266100	-0.039700	0.104000	-1.157200	-3.031700	0.240900	5.328700	-4.434100	0.248700	0.119900	0.270300	6.782000	5.582300	2.038500	0.889700	-0.057500	-0.333300	-1.792700	-1.574000	3.460800	3.419000	-1.211700	2.514300	-0.584200	4.157900	33.938700	34.091100	0.406600	0.514500	0.421200	0.427900	0.277900	0.319200	3.382200	3.765500	4.663900	5.613800	3.877200	3.578400	
CCAAC	0.086300	-0.022500	-0.296600	-0.740800	-9.813600	-0.964300	5.569800	-7.028900	0.250200	0.127200	0.342700	8.290400	5.874100	3.812900	0.914000	-0.438300	0.027000	-1.379900	-1.344800	3.418000	3.099000	3.112700	-2.190500	5.666300	-2.234400	34.420200	33.379800	0.501900	0.460600	0.479900	0.390600	0.304300	0.250400	3.560800	3.212600	5.328900	4.545600	3.711200	3.564000	
ATGCT	-0.259100	-0.039500	0.045100	-1.880400	-3.507600	0.345400	5.055400	-4.884100	0.248100	0.118700	0.271300	7.092700	5.535100	2.011900	1.017900	0.381500	-0.001500	-1.591100	-1.702700	3.579200	3.467000	-1.969700	-0.868200	4.380300	-2.302100	34.652500	37.033100	0.508000	0.382600	0.427100	0.391500	0.343600	0.215800	3.568300	3.013800	5.768100	4.678400	3.605300	3.805400	
TAAAA	0.152300	-0.028100	-0.107900	6.986400	-13.414500	-2.139300	4.920300	-8.319200	0.246300	0.107000	0.321400	8.092900	5.874900	3.846800	1.151200	-0.271300	-0.142000	-1.048700	-1.031400	3.172300	3.227100	-1.006900	-0.815100	-1.624700	-2.643500	35.711000	36.842300	0.519300	0.535900	0.435100	0.436800	0.256100	0.264600	3.339900	3.287000	4.880500	5.459100	3.877600	3.922400	
TAGTT	-0.227500	-0.022200	0.088800	-1.448300	-5.706200	0.279500	4.355300	-5.626400	0.249500	0.117300	0.281000	6.958700	6.001500	2.199300	1.212600	0.266400	-0.470900	-1.746700	-1.726400	3.484600	3.597900	-1.873800	0.971300	-2.345900	-5.238600	32.622400	36.922600	0.449800	0.458000	0.395500	0.368300	0.308300	0.265200	3.372600	3.099500	5.276300	5.070700	3.439600	3.611400	
GAATG	0.143900	-0.018000	-0.029200	4.070200	-9.400400	-1.010700	4.389600	-8.493600	0.249100	0.120200	0.319200	7.702700	6.105800	3.729000	1.229700	-0.112100	0.143900	-1.198100	-1.547200	3.206700	3.322200	-2.519000	0.714100	-3.396500	-5.716300	36.054600	32.995100	0.491200	0.499500	0.426000	0.374500	0.268400	0.240300	3.256900	2.938000	5.152000	4.844700	3.830100	3.294100	
CAGCC	-0.225600	-0.020200	0.110000	2.065700	-1.367400	0.292800	4.962300	-4.856400	0.242300	0.120300	0.266400	6.732600	5.276100	2.052500	0.941100	0.272100	0.041200	-1.759500	-1.715700	3.353100	3.469100	-2.838000	1.132300	-1.173000	-2.430000	31.530600	37.115500	0.434400	0.376200	0.379000	0.399300	0.269700	0.212700	3.103300	2.950700	4.620900	4.384400	3.273600	3.827500	
TCGTG	-0.257200	-0.029100	-0.012000	-5.546400	-7.608100	0.525800	5.342200	-4.628200	0.245300	0.117500	0.280900	7.736000	6.063700	2.169400	1.001100	0.013900	-0.337500	-1.580000	-1.437300	3.618800	3.349700	-0.069200	0.586400	5.954200	-2.258100	34.037900	34.144200	0.514700	0.498200	0.423600	0.377200	0.336100	0.220700	3.630700	3.158700	5.703500	4.263500	3.835800	3.387100	
ATAGT	0.104300	-0.023600	-0.063200	-0.708100	-8.279500	-0.604400	5.320800	-7.274400	0.251700	0.128600	0.347200	7.974800	5.740500	3.786600	1.054800	0.056500	0.184300	-1.533900	-1.759800	3.527900	3.496600	-0.301600	-1.708900	6.871100	-1.612200	34.680300	32.289700	0.510100	0.451100	0.395100	0.408500	0.359400	0.334000	3.971500	3.298900	6.634800	5.349600	3.822100	3.505300	
TCGTA	-0.260400	-0.029700	0.043300	-4.289700	-6.488100	0.521300	5.601000	-4.432700	0.244600	0.110900	0.287100	7.588200	5.900600	2.169200	1.032200	0.001400	-0.284500	-1.548700	-1.521300	3.570300	3.333500	-0.326600	0.300500	5.317600	-1.555500	33.807700	34.221200	0.508500	0.501200	0.427800	0.379000	0.333000	0.234000	3.647500	3.254700	5.713300	4.332200	3.859100	3.420900	
CGCGA	0.242500	-0.029900	0.026900	1.260200	-4.252400	0.396300	5.518100	-4.191000	0.249300	0.119900	0.271200	7.771900	5.640000	2.055800	0.940800	0.021900	-0.058700	-1.560200	-1.576800	3.387700	3.459900	0.247800	0.276800	-1.115000	4.903500	36.055600	32.838700	0.424000	0.483200	0.401900	0.429000	0.210200	0.326000	3.166300	3.495000	4.170900	5.600900	3.851900	3.647900	
ATGTC	-0.279700	-0.038100	0.009500	-5.471300	-7.159900	0.540900	4.992600	-5.274600	0.249900	0.119500	0.297400	7.805700	6.173100	2.205900	1.097900	0.348000	-0.284000	-1.567700	-1.561600	3.683300	3.398000	-1.398700	1.031900	5.238200	-2.569300	35.636000	34.578800	0.537000	0.484200	0.454400	0.382300	0.385900	0.241600	3.780200	3.278500	6.157900	4.507900	3.830000	3.443400	
GAAAG	0.146000	-0.021000	-0.127500	5.388800	-11.900200	-1.489600	4.402400	-8.779300	0.239600	0.110100	0.318800	7.816400	5.904600	3.642700	1.114600	-0.211200	0.061500	-1.055900	-1.275800	3.224100	3.242900	-1.706600	-1.696500	-2.916500	-4.520000	36.121300	36.133600	0.492700	0.479900	0.424800	0.395100	0.261900	0.262400	3.238600	3.225300	5.201100	5.667500	3.789100	3.697900	
CCTCA	-0.092700	-0.018300	-0.032400	-2.020200	-6.537400	-0.526100	5.287300	-7.072200	0.250200	0.129000	0.332600	7.660300	5.529900	3.727600	0.937900	-0.260400	0.144800	-1.780800	-1.523000	3.286100	3.266400	2.158900	-0.601500	-2.537900	-0.943800	31.472700	35.338400	0.426200	0.457300	0.378100	0.449700	0.249900	0.265800	3.124700	3.583000	4.741300	4.876100	3.328700	4.161700	
AGGTG	-0.294100	-0.039800	-0.068300	-4.868700	-6.451500	0.560400	4.411400	-4.566200	0.240100	0.119800	0.278500	7.230800	6.090700	2.162500	1.013100	-0.015500	-0.365700	-1.953300	-1.542100	3.657300	3.417800	1.867900	0.767100	-1.390100	-3.283500	35.741700	34.524200	0.396000	0.452000	0.367900	0.379200	0.296500	0.232300	3.216500	3.109300	5.204600	4.430600	3.924900	3.356400	
TGTAC	-0.111400	-0.034600	0.117000	-0.973100	-8.026800	-1.111200	6.192200	-6.616100	0.250100	0.129100	0.338100	8.025500	5.606700	3.878300	1.040800	-0.239400	0.035300	-1.543200	-1.375500	3.312000	3.220100	0.584200	0.623900	-1.724200	4.986100	34.322100	34.451100	0.502800	0.522700	0.379300	0.475600	0.228800	0.285100	3.195400	3.826300	4.335500	6.302900	3.460700	4.199400	
CCGAC	-0.271300	-0.038400	-0.047100	-1.898200	-6.700500	0.347200	5.555500	-4.471900	0.240700	0.120300	0.288200	7.631200	5.657800	2.163900	0.907600	-0.113800	-0.188300	-1.537500	-1.471200	3.360300	3.272400	0.691900	0.586300	3.569100	-0.852300	32.870800	34.660100	0.497000	0.453300	0.445100	0.450700	0.300900	0.272900	3.535800	3.673400	5.609200	4.639200	3.685300	4.181400	
ATCCA	0.282900	-0.041500	-0.047300	1.406500	-5.722900	0.287600	4.963500	-4.467900	0.240400	0.119500	0.290600	7.431200	5.710600	2.129100	0.947300	0.204900	-0.050300	-1.614300	-1.797000	3.468100	3.471200	-1.514700	-1.268400	-0.384300	-0.698500	36.231700	34.241900	0.457600	0.411600	0.448800	0.416500	0.311000	0.279900	3.767300	3.348400	5.054300	4.719300	4.151100	3.893200	
ACGCG	-0.263200	-0.030300	-0.002900	-1.484700	-4.704400	0.456900	5.214800	-4.142200	0.241200	0.120100	0.270900	7.880900	5.648300	2.054400	0.949200	-0.013600	-0.027700	-1.725100	-1.563100	3.683300	3.397400	-0.733800	-0.396500	5.400100	-1.584500	33.279600	36.387200	0.484100	0.418000	0.401700	0.396600	0.352200	0.210800	3.503500	3.165100	5.690900	4.238700	3.703300	3.809200	
AGTGT	-0.104400	-0.027600	-0.062300	-2.500100	-8.493100	-0.323500	5.115100	-7.182100	0.250000	0.127200	0.340400	8.217900	5.836300	3.784300	1.052600	-0.336200	0.231200	-1.730400	-1.440800	3.458300	3.528900	1.256500	-0.387700	-3.670800	5.057800	34.611400	34.463500	0.467000	0.509100	0.398200	0.469000	0.247800	0.332600	3.099900	3.572500	4.861600	5.809300	3.499100	3.971900	
CCGGG	-0.258800	-0.037100	0.051000	0.571700	-3.192400	0.342200	5.194400	-3.730800	0.249400	0.120500	0.274800	6.769800	5.607700	2.081700	0.847700	0.000000	0.140800	-1.664600	-1.799000	3.319700	3.341100	0.000000	0.046100	2.556100	-1.771200	32.409000	33.145200	0.491800	0.399800	0.415500	0.411700	0.282200	0.240000	3.479800	3.157000	5.545400	4.625900	3.542000	3.752100	
ATAGC	0.092500	-0.027700	-0.018200	0.754100	-6.824900	-0.590400	5.472700	-7.170300	0.249700	0.126800	0.336500	7.462500	5.561900	3.671200	1.011900	0.062500	0.219500	-1.524200	-1.786400	3.490300	3.333400	-0.692100	-1.503900	6.577000	-2.005200	34.653900	31.294200	0.504400	0.433800	0.397900	0.391300	0.344300	0.276900	3.933500	3.226200	6.661300	4.869800	3.865100	3.325700	
CGGGG	-0.281000	-0.039400	0.052900	1.687600	-1.830100	0.280500	4.918200	-3.464200	0.240000	0.126900	0.271200	6.563300	5.447900	2.068000	0.810500	0.128600	0.099900	-1.812500	-1.848600	3.364100	3.365100	0.139900	0.223600	-1.757400	-1.738900	33.484900	33.389500	0.398000	0.384500	0.407100	0.396500	0.250800	0.246900	3.165700	3.098400	4.595300	4.682300	3.700400	3.707200	
GCCAC	0.254600	-0.041100	0.115700	0.020000	-3.990900	0.127100	5.656300	-4.534900	0.249700	0.119600	0.275700	6.738300	5.567300	2.047600	0.912100	-0.151500	-0.279700	-1.742600	-1.448200	3.397300	3.359000	-0.894800	2.041900	-0.885100	3.635200	33.376000	34.092500	0.404100	0.503000	0.425900	0.456100	0.256500	0.303100	3.179700	3.564500	4.671900	5.535600	3.895900	3.706600	
TGCAA	0.249100	-0.038100	0.131900	0.765200	-3.651600	0.204700	5.814700	-4.960800	0.249100	0.110500	0.274200	7.327400	5.522100	2.086600	1.087000	-0.011100	-0.470300	-1.573900	-1.146700	3.405400	3.309000	0.043900	2.337700	-1.348200	4.203300	35.919900	34.549300	0.444700	0.512300	0.421100	0.558300	0.210300	0.293500	3.178000	3.520200	4.402600	5.412500	4.010200	3.995400	
AGCTC	0.242100	-0.020000	0.118400	-2.335900	-0.812400	0.340700	4.580700	-5.014800	0.240200	0.119900	0.259700	6.287900	5.171500	2.021700	0.999400	-0.017000	-0.163300	-1.796400	-1.820900	3.563200	3.380600	0.018900	2.726900	-3.102200	-1.466700	37.762700	31.547000	0.354100	0.414200	0.373800	0.356300	0.226100	0.281700	2.899700	3.154500	4.991500	4.800000	3.791500	3.193600	
CCCCT	0.309500	-0.041400	0.005900	-1.806300	-1.368500	0.445200	4.655500	-3.083500	0.240300	0.129800	0.267300	6.440500	5.471900	2.067900	0.827500	-0.064700	-0.089100	-1.905900	-1.941100	3.395300	3.461900	0.014800	-1.020500	-2.251500	-2.208400	33.348100	34.092700	0.376100	0.379000	0.381700	0.375800	0.249000	0.254400	3.075000	3.086700	4.709900	5.021800	3.645800	3.699900	
CCGCC	-0.257000	-0.029800	0.041600	-0.305400	-3.405500	0.435400	5.298400	-4.090600	0.240300	0.120500	0.272000	7.219100	5.397000	2.092800	0.922600	0.006000	0.047000	-1.626300	-1.595900	3.307700	3.393100	0.458100	-0.080500	2.101100	-1.772900	32.413600	36.201300	0.473700	0.400800	0.423000	0.404900	0.286000	0.207700	3.383000	3.045000	5.627900	4.257200	3.540400	3.800900	
ACGAA	-0.276300	-0.042500	-0.044900	-1.090300	-6.398200	0.326700	5.271600	-4.958800	0.240500	0.112400	0.289700	7.799800	5.745300	2.158600	0.991900	-0.103800	-0.278300	-1.666500	-1.411400	3.705300	3.350200	-0.814800	1.547700	6.613300	-0.172200	33.889300	35.872200	0.517500	0.469700	0.407300	0.474400	0.359900	0.274200	3.683700	3.707200	5.794900	4.795200	3.818200	4.163500	
AGCGT	0.260700	-0.030900	-0.008700	1.799900	-4.052500	0.454200	4.935400	-4.256800	0.239700	0.118200	0.269500	7.224800	5.568300	2.028800	0.981100	-0.001700	-0.034700	-1.666200	-1.740500	3.479200	3.692100	1.189100	0.745400	-2.234600	4.766300	37.046200	33.144300	0.385700	0.475200	0.393000	0.384400	0.216200	0.349400	2.988700	3.474900	4.618700	5.770800	3.761600	3.617200	
CCTTT	-0.127500	0.021400	0.049600	-12.010800	-11.265200	0.019300	4.158700	-8.687400	0.248400	0.133200	0.320400	8.062800	6.001200	3.879800	1.180700	-0.419200	-0.214900	-1.875200	-1.242900	3.490300	3.205500	2.381700	1.929700	-3.218800	-4.633800	32.707200	36.677800	0.469300	0.492900	0.371300	0.403900	0.294600	0.261700	3.092300	3.228000	5.613800	6.000900	3.402700	3.776700	
CGGGC	-0.276800	-0.041600	0.045500	0.578800	-2.788700	0.222700	4.971600	-4.084900	0.240200	0.120100	0.269000	6.459900	5.415900	2.026700	0.830800	0.110900	0.092000	-1.805300	-1.820700	3.402700	3.443500	0.228300	0.791600	-1.623200	-1.223200	33.815000	33.666900	0.399000	0.380600	0.412900	0.400600	0.250200	0.256200	3.171200	3.110900	4.577200	4.543900	3.741900	3.722200	
CCTTA	-0.135100	-0.013900	0.071300	-7.501200	-8.497600	-1.001100	4.911300	-7.672600	0.247600	0.124500	0.312000	7.406800	5.671400	3.604200	1.028700	-0.375800	-0.000100	-1.846800	-1.301300	3.375400	3.104600	2.151800	1.885200	-2.841100	-3.068800	32.055600	34.962500	0.446300	0.480100	0.382000	0.408300	0.262700	0.251700	3.061200	3.302800	5.145500	5.037900	3.365900	3.723700	
TCAGA	0.095400	-0.030300	-0.045300	0.485300	-6.315200	-0.797500	5.496600	-7.039400	0.250800	0.122700	0.339200	7.841500	5.500600	3.802200	0.944100	-0.260400	0.221900	-1.449900	-1.688000	3.477100	3.352200	-0.140400	-1.969100	5.854000	-0.752300	34.540100	31.267800	0.516500	0.442200	0.467500	0.416600	0.321500	0.279900	3.708100	3.259300	5.644300	4.695200	3.810800	3.391200	
TCGGC	-0.248600	-0.039700	0.036100	-0.304200	-3.637100	0.242800	5.437100	-3.723400	0.250300	0.119000	0.268600	6.737800	5.599100	2.009500	0.892800	0.059400	0.128600	-1.607100	-1.785900	3.482900	3.394000	-0.722200	0.701400	3.929400	-0.709900	32.804300	33.281600	0.492500	0.397600	0.430200	0.406300	0.310800	0.255300	3.523300	3.229300	5.587500	4.431700	3.637500	3.775100	
AGACT	0.089800	-0.015800	-0.098800	3.137100	-7.949400	0.380500	4.573100	-7.752500	0.250100	0.132200	0.343500	7.873700	5.708000	3.702100	1.106200	-0.100800	0.196400	-1.555000	-1.783600	3.416500	3.529100	2.348300	-2.187800	-1.898300	-3.855400	36.214800	35.322500	0.439300	0.436900	0.437300	0.389600	0.285100	0.254300	3.584300	3.130900	5.001100	4.913000	4.024500	3.431100	
TGCCT	0.294800	-0.039900	0.035700	-0.585200	-2.474000	0.404100	4.824200	-3.764800	0.240400	0.119800	0.265600	6.791800	5.301800	2.043500	0.922100	0.052100	-0.050000	-1.681000	-1.901200	3.451800	3.476600	0.629100	-1.253800	-2.161500	-1.937300	36.538700	34.293000	0.395300	0.380800	0.400400	0.375600	0.220000	0.260300	3.109200	3.087600	4.431500	4.948300	3.807400	3.732700	
AGCGG	0.260900	-0.029800	0.007500	1.836700	-3.776200	0.470700	5.190500	-4.370800	0.240100	0.120700	0.270500	7.019000	5.480100	2.062200	0.929200	-0.001900	-0.037700	-1.651700	-1.681100	3.453300	3.372800	1.267600	-0.661800	-1.848400	2.317900	36.746800	32.241600	0.390100	0.472000	0.397000	0.407500	0.215800	0.289300	2.999100	3.404300	4.520600	5.645100	3.779800	3.470500	
GTGGC	-0.254600	-0.041100	0.115700	-0.020000	-3.990900	0.127100	5.656300	-4.534900	0.249700	0.119600	0.275700	6.738300	5.567300	2.047600	0.912100	0.279700	0.151500	-1.448200	-1.742600	3.359000	3.397300	-2.041900	0.894800	3.635200	-0.885100	34.092500	33.376000	0.503000	0.404100	0.456100	0.425900	0.303100	0.256500	3.564500	3.179700	5.535600	4.671900	3.706600	3.895900	
TGCGC	0.246000	-0.030100	0.074700	-0.095400	-3.887400	0.300300	5.745700	-3.876900	0.240400	0.119600	0.267100	7.120100	5.332900	2.041600	0.970000	0.005800	0.059800	-1.550300	-1.608300	3.395000	3.355400	0.484800	0.578300	-1.059700	3.368600	35.844800	32.804600	0.435500	0.471200	0.409400	0.426100	0.208000	0.297400	3.155200	3.399400	4.269500	5.557000	3.903100	3.662300	
GAATC	0.144000	-0.021100	-0.049200	3.153800	-9.307400	-1.043700	4.432800	-8.460000	0.249200	0.119600	0.321100	7.433400	6.125600	3.698300	1.139300	-0.100500	0.165000	-1.223200	-1.596800	3.249300	3.356300	-2.509800	1.248300	-3.082500	-5.559000	35.900200	33.092000	0.477400	0.497800	0.430400	0.379800	0.272800	0.257300	3.284100	2.927400	5.168700	4.751100	3.809600	3.279000	
CTCTT	0.272800	-0.030300	0.082700	-2.739500	-3.351900	0.304800	4.582400	-5.416900	0.244100	0.120400	0.282900	6.897800	5.708000	2.140400	1.062000	0.175200	-0.289300	-1.705100	-1.838900	3.506000	3.555300	-2.439700	2.001300	-0.669000	-1.746700	36.076000	32.996900	0.442900	0.490600	0.429800	0.381700	0.306300	0.321100	3.632700	3.244000	5.161200	5.151000	4.064100	3.435800	
TTTTC	-0.149700	-0.019800	-0.134900	-5.928000	-12.647800	-2.038600	4.360700	-9.375800	0.241300	0.107900	0.320800	7.917900	6.025300	3.797300	1.210600	0.159900	0.246600	-1.030100	-0.993300	3.230600	3.231500	0.825900	1.580800	-4.449400	-2.997900	36.982200	36.399700	0.536000	0.511300	0.444700	0.443600	0.270300	0.267900	3.272500	3.303000	5.778600	5.369200	3.937800	3.894900	
TAGGG	-0.256000	-0.020400	0.167300	5.185100	-0.553900	0.316900	5.034500	-4.500500	0.244700	0.124300	0.261300	6.175300	5.245900	2.070500	0.916400	0.292100	0.133000	-1.787000	-1.900800	3.318300	3.414400	-2.335600	0.968300	-2.197600	-2.081900	31.769700	33.862300	0.437700	0.380600	0.388600	0.388100	0.269400	0.249300	3.252500	3.068800	4.698900	4.868600	3.311500	3.697200	
AGGCG	-0.296200	-0.040000	0.018000	0.323600	-2.754000	0.395600	4.782200	-4.201800	0.240300	0.119900	0.267900	6.929900	5.338700	2.041200	0.873900	0.054700	-0.066000	-1.895500	-1.619800	3.495300	3.431900	1.366100	-0.387400	-1.768000	-2.080100	34.402000	36.570300	0.383300	0.389900	0.377800	0.391000	0.260000	0.209600	3.082800	3.121700	4.954900	4.362600	3.741700	3.712100	
ATAAG	0.097600	-0.026900	-0.221100	-0.426000	-10.442600	-1.046100	5.407900	-7.504000	0.249900	0.120300	0.346600	8.469400	5.769900	3.761200	1.034000	-0.105700	-0.053800	-1.446700	-1.291600	3.544500	3.184100	1.017800	-1.600900	7.159400	-3.399100	34.859000	35.345000	0.518300	0.475000	0.438000	0.399300	0.348600	0.248200	3.930800	3.321200	6.405700	5.083100	3.988300	3.665900	
GGGCT	-0.295700	-0.039400	-0.015600	-0.588200	-2.373100	0.557900	4.665400	-4.549800	0.239800	0.119900	0.268500	6.753100	5.412500	2.047700	0.880500	0.075100	-0.019800	-1.838600	-1.732200	3.414100	3.505100	0.590800	-1.099400	-1.832700	-2.776300	33.440400	37.344300	0.373400	0.359000	0.379600	0.382900	0.251500	0.222400	3.068200	2.947800	4.677600	4.594200	3.602600	3.737400	
GGTAG	-0.116800	-0.028800	0.030200	-2.042400	-7.734700	-0.617700	5.554600	-7.208700	0.249900	0.129000	0.335300	7.656200	5.620000	3.669700	0.963400	-0.240000	-0.011900	-1.586100	-1.432800	3.359800	3.334100	0.569600	0.218100	-2.760600	5.739800	34.618900	34.234200	0.453000	0.497200	0.388500	0.412300	0.225600	0.301900	3.093900	3.918800	4.327200	6.140600	3.378800	3.848700	
TTCGC	0.261600	-0.039800	-0.013500	0.436100	-6.066100	0.293200	5.532100	-4.684400	0.240200	0.112200	0.289600	7.481500	5.627500	2.140600	0.963000	0.280500	0.108000	-1.393000	-1.598800	3.323300	3.424700	-1.538900	0.506300	-0.068500	4.479200	35.563000	32.704200	0.480800	0.485800	0.477400	0.440700	0.267400	0.317500	3.653600	3.570500	4.687900	5.626400	4.243100	3.646700	
GGATA	0.081100	-0.017900	-0.101700	-2.711800	-7.451700	-0.307000	4.972900	-7.540200	0.243100	0.127200	0.339500	7.495700	5.834700	3.744600	1.124600	-0.235400	-0.082200	-1.563900	-1.521400	3.360000	3.274600	0.485900	-0.409000	-0.912900	-3.649200	36.176100	32.625800	0.442600	0.496000	0.456000	0.370500	0.280100	0.234400	3.602700	2.984400	4.943500	4.402800	4.155900	3.253800	
AAACA	0.145700	-0.005300	0.124300	12.204500	-13.176300	-1.126800	4.669800	-8.107700	0.242600	0.123300	0.309800	7.886900	5.761600	3.846600	1.114300	0.041500	0.490600	-1.044900	-1.624600	3.149400	3.456500	-1.910500	0.212800	-3.746100	-2.900900	37.184300	35.842600	0.492000	0.472200	0.379200	0.347400	0.242200	0.252400	3.157700	3.180100	5.365300	4.700900	3.695500	3.466100	
AGTCC	-0.101600	-0.013100	-0.063100	-2.581400	-7.507000	0.295300	4.560400	-7.771600	0.249400	0.130300	0.340400	7.845300	5.688600	3.678300	1.035500	-0.197900	0.111700	-1.779300	-1.511300	3.496000	3.277000	2.131500	-0.758500	-3.868200	-2.208000	35.152600	35.710600	0.438000	0.439300	0.393900	0.439300	0.250400	0.266300	3.093200	3.554900	4.859800	5.031000	3.461200	4.037900	
AACAC	0.256200	-0.028900	0.034400	6.595100	-9.505900	0.558800	5.158300	-5.444800	0.250000	0.119700	0.293700	7.346000	6.098000	2.304400	1.090100	0.466900	-0.280500	-1.529800	-1.478700	3.406000	3.498400	-0.275700	1.066500	-2.180200	5.428400	35.058700	34.931800	0.485900	0.512500	0.349500	0.461900	0.222000	0.320700	3.111400	3.566300	4.449100	5.786800	3.521000	3.935900	
AGTGC	-0.113800	-0.030100	-0.031600	-1.877800	-7.668500	-0.404500	5.276800	-7.036400	0.250000	0.127800	0.340000	7.729900	5.729600	3.738500	1.036300	-0.293000	0.247500	-1.714500	-1.401600	3.450400	3.354600	1.564600	-1.018600	-3.092200	3.313100	34.579000	34.167300	0.463500	0.492600	0.391700	0.451300	0.240900	0.296500	3.037600	3.483800	4.642300	5.563400	3.501000	3.770300	
AGCTT	0.253300	-0.022400	0.119600	-2.923900	-1.344800	0.408800	4.115100	-5.215500	0.240500	0.119600	0.266100	6.356200	5.358800	2.068700	1.083800	-0.007400	-0.370800	-1.802200	-1.852800	3.574700	3.524700	0.146000	1.651100	-3.860400	-3.922300	38.017000	32.845100	0.351100	0.441500	0.367900	0.360000	0.230100	0.291400	2.913300	3.108800	5.172000	5.434300	3.750300	3.288500	
GCATG	0.091500	-0.003000	-0.221900	-3.679800	-9.776200	-0.341300	5.482200	-7.004700	0.250300	0.131200	0.346300	7.980500	6.099500	3.786700	1.046600	-0.371600	-0.099000	-1.461600	-1.439600	3.523900	3.250600	1.406300	-0.079400	5.135900	-3.457600	34.855600	32.012300	0.510000	0.511500	0.445400	0.359700	0.330500	0.228500	3.509500	2.934900	5.635000	4.265900	3.809400	3.194300	
CTGCG	-0.255000	-0.038600	0.104500	-0.586000	-3.929000	0.235900	5.655500	-4.518700	0.248100	0.120100	0.270000	7.299500	5.417500	2.056500	0.950700	0.315400	-0.012500	-1.486500	-1.548500	3.384300	3.394000	-1.920600	0.090700	4.733000	-1.197100	34.289900	36.017200	0.509200	0.437900	0.436300	0.404800	0.318000	0.210900	3.646800	3.195800	5.631500	4.178800	3.675900	3.840600	
TTAGC	0.102800	-0.030500	0.036500	-1.143000	-6.202700	-1.014000	5.853700	-6.967100	0.253700	0.119800	0.337800	7.222400	5.525200	3.793000	0.998500	0.121100	0.234900	-1.305400	-1.755400	3.335700	3.278600	-1.442700	-1.043100	6.131400	-1.776500	34.367000	31.083700	0.524200	0.435300	0.510200	0.403400	0.297100	0.259300	3.825400	3.220000	6.222800	4.776300	4.054400	3.368500	
GACCA	0.271100	-0.038900	0.018700	3.111200	-6.169100	0.329900	4.791500	-4.808100	0.240300	0.120000	0.285000	7.084900	5.840000	2.128200	0.979900	0.191400	-0.029500	-1.589500	-1.808400	3.402100	3.495500	-1.326100	-0.939800	-2.950900	-0.969200	34.903400	34.836200	0.460600	0.405300	0.378900	0.412700	0.237400	0.280200	3.168000	3.291100	4.361100	4.815000	3.434700	3.887900	
CTAAC	0.097400	-0.021800	-0.150400	0.945300	-10.623700	-1.128100	5.761900	-7.143800	0.249800	0.121500	0.335000	8.589800	5.795800	3.831800	0.984000	-0.099500	-0.112900	-1.390700	-1.235500	3.453800	3.142200	0.744100	-1.199100	8.108400	-2.548800	34.299800	34.735800	0.523300	0.485800	0.459200	0.414100	0.314600	0.248300	3.926800	3.283000	6.158900	4.770900	3.958700	3.737700	
GATAT	-0.091300	-0.019900	-0.103900	2.578100	-8.429800	-0.547800	5.221600	-7.618300	0.250200	0.128300	0.349800	7.756300	5.998100	3.828900	1.173200	-0.015000	-0.036200	-1.554100	-1.587400	3.266100	3.571200	-0.665700	0.347100	-4.150800	7.354600	32.427100	34.877100	0.502300	0.516800	0.380100	0.415500	0.236400	0.372600	2.971600	3.949000	4.556500	6.779700	3.227500	3.917300	
CGGTC	-0.271600	-0.029900	0.000800	-3.767800	-6.045600	0.435200	4.715400	-4.693100	0.240200	0.120000	0.280900	7.119400	5.849300	2.139000	0.924500	0.063300	-0.210400	-1.792700	-1.583400	3.477100	3.391500	0.699800	1.235800	-0.620400	-2.743400	34.393100	34.896000	0.406800	0.465100	0.412900	0.384500	0.270400	0.236500	3.286500	3.177500	4.627200	4.342400	3.853900	3.399200	
GTGTG	-0.258800	-0.038800	0.067900	-5.065400	-8.127000	0.416100	5.697300	-4.895200	0.250000	0.124200	0.290300	7.562800	6.044600	2.218800	1.026900	0.272500	-0.352100	-1.384500	-1.434500	3.417500	3.364200	-1.305500	1.016600	5.383000	-1.494100	34.745200	34.195300	0.515900	0.512200	0.481300	0.372300	0.315900	0.223500	3.581100	3.170100	5.638500	4.199000	4.042200	3.452200	
GGACT	0.101600	-0.013100	-0.063100	2.581400	-7.507000	0.295300	4.560400	-7.771600	0.249400	0.130300	0.340400	7.845300	5.688600	3.678300	1.035500	-0.111700	0.197900	-1.511300	-1.779300	3.277000	3.496000	0.758500	-2.131500	-2.208000	-3.868200	35.710600	35.152600	0.439300	0.438000	0.439300	0.393900	0.266300	0.250400	3.554900	3.093200	5.031000	4.859800	4.037900	3.461200	
AAGCG	-0.258800	-0.023800	0.163200	3.925800	-1.963900	0.299600	4.615000	-5.092800	0.241100	0.120600	0.262600	6.544500	5.302700	2.094400	1.040100	0.316800	-0.014500	-1.781100	-1.678900	3.453700	3.478300	-1.963500	0.984600	-3.027000	-2.611400	32.827600	37.310900	0.451800	0.382500	0.381900	0.384300	0.286200	0.223000	3.092200	3.097800	5.403600	4.739300	3.398500	3.761200	
CGCGG	0.280600	-0.030100	0.062600	-1.851700	-3.953700	0.420600	5.501400	-4.124700	0.240400	0.121400	0.279500	8.125500	5.441900	2.095600	0.895900	0.026700	0.012100	-1.546000	-1.607200	3.381900	3.306300	0.381200	-0.689200	-1.129100	2.437400	36.025600	32.360700	0.423900	0.473700	0.402700	0.428400	0.209600	0.291200	3.149400	3.409900	4.151800	5.577300	3.843300	3.592400	
TCTAA	-0.105900	-0.030400	0.031400	0.823000	-6.513800	-1.209100	5.982800	-6.870200	0.255000	0.117700	0.340500	7.493100	5.514700	3.891200	1.008300	-0.194800	-0.127500	-1.660700	-1.297100	3.304200	3.346000	1.264200	1.407600	-0.564800	5.953200	31.342700	34.352600	0.453000	0.525600	0.430400	0.513300	0.279100	0.301100	3.294200	3.837500	4.776000	6.059300	3.509600	4.015600	
CGATC	0.101000	-0.019700	-0.110700	-2.463000	-7.825200	-0.592800	4.942000	-7.623100	0.250000	0.122800	0.340600	7.510900	5.833900	3.700700	1.026500	-0.179700	0.068800	-1.496000	-1.530500	3.340400	3.285600	0.719000	0.466000	-0.766600	-4.413300	36.215100	32.551600	0.453500	0.487000	0.450900	0.370000	0.276200	0.250600	3.711500	2.937100	4.933400	4.380900	4.145400	3.192600	
AACCA	0.264500	-0.036200	-0.031800	5.658900	-8.692800	0.543900	4.349500	-4.962600	0.241500	0.116000	0.282900	7.012500	6.011200	2.212200	1.051300	0.426500	-0.020500	-1.585500	-1.823400	3.461700	3.561000	-0.126900	-1.418000	-3.759900	-1.015800	35.829200	35.344700	0.448900	0.406200	0.352400	0.394200	0.234600	0.286900	3.053000	3.294600	4.624300	4.855700	3.457600	3.889700	
TCCTC	0.260500	-0.020400	0.161900	-4.241200	-0.553400	0.273600	4.788000	-4.919300	0.240800	0.119700	0.258300	6.086400	5.228200	2.022700	0.914100	-0.055800	-0.153200	-1.895100	-1.817500	3.587800	3.338800	-1.998900	3.142600	-1.251300	-1.572300	34.385200	31.798300	0.391900	0.432900	0.391400	0.370400	0.280000	0.266900	3.269000	3.144100	4.853000	4.795300	3.837100	3.320500	
GCTAC	-0.107100	-0.030300	0.034400	0.002500	-6.843700	-0.947500	5.871700	-6.809500	0.249800	0.129900	0.340700	7.323400	5.498600	3.742200	0.967400	-0.243100	-0.017400	-1.743700	-1.461400	3.302600	3.291100	1.288600	0.575700	-1.666600	5.104300	31.200200	34.378000	0.433400	0.498800	0.404300	0.426800	0.260800	0.292900	3.227400	3.851900	4.781800	6.304800	3.387200	3.914600	
TGTCC	-0.090500	-0.010600	0.005500	-3.538100	-7.774100	-0.084100	5.050700	-7.316400	0.240500	0.129600	0.329900	8.231800	5.608200	3.703800	0.967100	-0.193500	0.218800	-1.606400	-1.388000	3.363600	3.228400	1.124500	-0.109100	-2.356800	-1.831000	34.474100	36.233700	0.471900	0.446700	0.387300	0.459500	0.236300	0.252700	3.166600	3.498100	4.393200	4.720300	3.481300	4.118500	
CCATC	0.091400	-0.020000	-0.147100	-3.659600	-7.502200	-0.469900	5.531100	-7.054800	0.250000	0.121100	0.339700	7.415400	5.884700	3.778000	0.975700	-0.369200	0.008700	-1.488700	-1.503200	3.357200	3.238200	1.704100	-0.086200	3.323200	-3.796100	34.519000	31.979500	0.507100	0.497600	0.450200	0.376500	0.290900	0.230400	3.518400	2.949500	5.595400	4.197500	3.700500	3.184900	
GACGG	0.287200	-0.026100	-0.054300	5.152300	-7.449900	0.769700	5.096300	-4.542700	0.240600	0.121800	0.287000	7.971500	6.096500	2.190500	0.961900	0.231300	0.041700	-1.523900	-1.677300	3.353700	3.444500	-0.686400	-0.819300	-2.558900	3.314800	34.283600	33.170400	0.478400	0.497400	0.379500	0.417400	0.232100	0.311300	3.194700	3.512200	4.276800	5.769900	3.453000	3.662900	
AGAGA	0.062600	-0.021300	-0.087700	2.458000	-6.796100	0.022500	4.993400	-7.325300	0.248500	0.128600	0.332400	7.680800	5.486800	3.759700	0.998800	-0.144500	0.139500	-1.636900	-1.770600	3.414200	3.397100	1.968000	-2.363900	-1.606100	-1.653800	36.149700	31.701300	0.440200	0.441500	0.449100	0.391900	0.276400	0.288700	3.546200	3.212300	5.215500	4.890500	4.174200	3.377900	
AGATA	0.070600	-0.019300	-0.149200	-2.336300	-8.086900	-0.135800	4.695400	-7.570500	0.244100	0.131000	0.340700	7.783700	5.910500	3.793500	1.179600	-0.222500	-0.071500	-1.673700	-1.544600	3.512900	3.308100	2.456200	-0.656800	-1.306600	-4.098600	36.915500	32.814300	0.444200	0.493100	0.459000	0.367600	0.300500	0.245000	3.667100	2.994300	5.477300	4.596600	4.267600	3.208200	
CAAGA	0.135400	-0.027500	0.043200	6.287400	-9.202000	-1.339700	4.902900	-7.715900	0.249600	0.120400	0.313100	7.652600	5.774900	3.694300	0.974900	0.005400	0.293400	-1.200000	-1.787000	3.129600	3.492500	-2.628400	-1.956600	-2.824200	-1.059300	34.880200	32.400600	0.464900	0.463400	0.384400	0.400300	0.245900	0.308000	3.203000	3.228300	5.025800	5.014700	3.662400	3.464100	
GAGTC	-0.253200	-0.019800	0.101600	0.056300	-3.108000	0.392600	4.550600	-5.321600	0.240700	0.120200	0.277500	6.739700	5.758000	2.102900	1.100800	0.164800	-0.201700	-1.830800	-1.747300	3.454500	3.515400	-2.949500	2.436800	-1.200500	-3.443800	31.993600	35.211100	0.443200	0.450700	0.379400	0.390200	0.304600	0.252800	3.223000	3.176400	4.937200	4.735400	3.385300	3.482600	
CGCGT	0.263200	-0.030300	-0.002900	1.484700	-4.704400	0.456900	5.214800	-4.142200	0.241200	0.120100	0.270900	7.880900	5.648300	2.054400	0.949200	0.027700	0.013600	-1.563100	-1.725100	3.397400	3.683300	0.396500	0.733800	-1.584500	5.400100	36.387200	33.279600	0.418000	0.484100	0.396600	0.401700	0.210800	0.352200	3.165100	3.503500	4.238700	5.690900	3.809200	3.703300	
GAAAA	0.149700	-0.019800	-0.134900	5.928000	-12.647800	-2.038600	4.360700	-9.375800	0.241300	0.107900	0.320800	7.917900	6.025300	3.797300	1.210600	-0.246600	-0.159900	-0.993300	-1.030100	3.231500	3.230600	-1.580800	-0.825900	-2.997900	-4.449400	36.399700	36.982200	0.511300	0.536000	0.443600	0.444700	0.267900	0.270300	3.303000	3.272500	5.369200	5.778600	3.894900	3.937800	
GCTAG	-0.106500	-0.031000	0.003100	0.512400	-6.563400	-0.821500	5.709300	-7.002700	0.249100	0.128500	0.333000	7.205400	5.536200	3.690800	0.942300	-0.216700	-0.010300	-1.773000	-1.512000	3.318700	3.347100	1.327800	0.239600	-1.879300	6.049300	31.195500	34.551900	0.431700	0.492100	0.392800	0.388100	0.270400	0.299900	3.195200	3.928800	4.771300	6.193600	3.332700	3.741800	
TCAAG	0.097000	-0.030200	-0.230300	0.153400	-10.072300	-1.244700	5.447300	-7.248700	0.249600	0.119900	0.344600	8.716100	5.862500	3.750400	0.982500	-0.415900	-0.037100	-1.274200	-1.242100	3.541600	3.164800	1.092900	-1.978400	6.955000	-3.310000	34.673500	34.737800	0.510800	0.470300	0.542800	0.382300	0.329300	0.245300	3.626200	3.251100	5.563900	4.857000	3.934800	3.676400	
TTGGG	-0.277000	-0.037800	0.078800	1.278600	-2.772900	0.309900	5.512200	-4.696700	0.249700	0.120900	0.276300	7.036000	5.678400	2.103000	0.893100	0.472800	0.116900	-1.335700	-1.843800	3.356700	3.319400	-2.672100	0.581900	4.421400	-1.331800	34.641500	32.836900	0.511400	0.398200	0.501500	0.408500	0.296400	0.241400	3.522200	3.164700	5.436200	4.492200	3.785800	3.740400	
CGACT	0.115600	-0.019400	-0.017600	3.445900	-8.068100	-0.168300	4.622700	-7.809700	0.249800	0.125500	0.339000	8.145500	5.643100	3.664700	1.074600	-0.089100	0.251800	-1.404600	-1.762900	3.261100	3.489200	0.632300	-1.915700	-1.939500	-3.275200	35.562800	35.194800	0.454500	0.441500	0.430000	0.389600	0.262100	0.248400	3.604300	3.095200	4.810300	4.732600	4.002000	3.456600	
GCGAA	-0.261600	-0.039800	-0.013500	-0.436100	-6.066100	0.293200	5.532100	-4.684400	0.240200	0.112200	0.289600	7.481500	5.627500	2.140600	0.963000	-0.108000	-0.280500	-1.598800	-1.393000	3.424700	3.323300	-0.506300	1.538900	4.479200	-0.068500	32.704200	35.563000	0.485800	0.480800	0.440700	0.477400	0.317500	0.267400	3.570500	3.653600	5.626400	4.687900	3.646700	4.243100	
AACGA	0.253900	-0.024600	-0.076300	7.986800	-9.579500	0.810500	4.756500	-5.105000	0.246200	0.111100	0.279700	7.328000	6.151100	2.263500	1.068900	0.486400	-0.018400	-1.537200	-1.649500	3.414200	3.691100	0.449800	-0.071900	-3.008400	5.405100	35.466300	33.936600	0.467500	0.514400	0.355600	0.399800	0.227200	0.345500	3.089800	3.599600	4.542400	6.060000	3.469200	3.723500	
CGATT	0.101100	-0.019000	-0.169700	-4.455200	-9.580800	-0.558000	4.550100	-7.998500	0.250100	0.121500	0.341700	7.432200	5.934100	3.822400	1.178700	-0.199800	-0.203300	-1.520800	-1.559900	3.400600	3.343300	1.049800	-0.802700	-0.950100	-6.143900	36.641200	33.673100	0.457900	0.493200	0.453300	0.364200	0.283100	0.245100	3.729500	2.930200	5.021100	4.876300	4.133300	3.279300	
GCGAG	-0.261300	-0.031200	-0.055900	-1.777400	-6.305900	0.370400	5.478400	-4.347300	0.240300	0.120000	0.290700	7.602700	5.741300	2.112700	0.908900	-0.102700	-0.185900	-1.642200	-1.553800	3.478300	3.348500	-0.244000	0.790100	4.574900	-0.040200	32.552000	35.057200	0.480000	0.459700	0.426400	0.438500	0.327500	0.283400	3.536300	3.697500	5.614400	4.909500	3.549100	4.090100	
TAGAT	-0.256500	-0.029300	0.098400	2.867500	-3.699900	0.181000	5.024700	-5.241300	0.251200	0.121600	0.283400	7.272400	5.673100	2.125200	1.030700	0.249700	-0.218100	-1.724300	-1.753200	3.378900	3.645800	-2.129900	3.202500	-1.718000	0.157700	31.931000	36.277200	0.462400	0.465300	0.407700	0.452300	0.276700	0.352500	3.365400	3.852900	5.029300	5.370000	3.433700	4.291300	
TATCC	-0.081100	-0.017900	-0.101700	2.711800	-7.451700	-0.307000	4.972900	-7.540200	0.243100	0.127200	0.339500	7.495700	5.834700	3.744600	1.124600	0.082200	0.235400	-1.521400	-1.563900	3.274600	3.360000	0.409000	-0.485900	-3.649200	-0.912900	32.625800	36.176100	0.496000	0.442600	0.370500	0.456000	0.234400	0.280100	2.984400	3.602700	4.402800	4.943500	3.253800	4.155900	
TAACC	0.158100	-0.020600	0.066600	9.089900	-10.709700	-1.084200	4.908100	-7.782100	0.244900	0.120400	0.310500	7.656800	5.806000	3.622100	1.034800	-0.086600	0.427300	-1.187700	-1.597800	3.126200	3.448500	-1.787400	-0.162800	-2.726100	-3.504400	35.152100	35.382000	0.486800	0.438500	0.412700	0.363800	0.251900	0.232800	3.294300	2.984900	4.816200	4.365800	3.635100	3.373100	
CGCTT	0.258800	-0.023800	0.163200	-3.925800	-1.963900	0.299600	4.615000	-5.092800	0.241100	0.120600	0.262600	6.544500	5.302700	2.094400	1.040100	0.014500	-0.316800	-1.678900	-1.781100	3.478300	3.453700	-0.984600	1.963500	-2.611400	-3.027000	37.310900	32.827600	0.382500	0.451800	0.384300	0.381900	0.223000	0.286200	3.097800	3.092200	4.739300	5.403600	3.761200	3.398500	
TAAGT	0.154700	-0.020400	0.040300	6.504000	-9.911400	-0.955900	4.560100	-7.956100	0.250000	0.126800	0.320900	7.817300	5.814300	3.687100	1.137700	0.006600	0.282200	-1.279300	-1.835700	3.164300	3.648900	-1.699700	-1.714700	-2.988400	-2.551000	35.319600	33.175600	0.485800	0.446500	0.402200	0.388900	0.252600	0.345300	3.328200	3.117800	5.174600	5.339400	3.668900	3.460900	
TGGTC	-0.271100	-0.038900	0.018700	-3.111200	-6.169100	0.329900	4.791500	-4.808100	0.240300	0.120000	0.285000	7.084900	5.840000	2.128200	0.979900	0.029500	-0.191400	-1.808400	-1.589500	3.495500	3.402100	0.939800	1.326100	-0.969200	-2.950900	34.836200	34.903400	0.405300	0.460600	0.412700	0.378900	0.280200	0.237400	3.291100	3.168000	4.815000	4.361100	3.887900	3.434700	
TATAC	-0.091500	-0.020300	0.019900	3.545600	-7.634200	-0.779300	6.070800	-6.636200	0.250000	0.137700	0.356400	7.386600	6.009700	3.942100	1.124600	0.041600	0.006500	-1.498400	-1.451400	3.235900	3.331500	-0.205200	0.563700	-2.418500	6.158800	32.436000	34.482300	0.528700	0.515600	0.368500	0.448800	0.231800	0.295600	3.009400	3.878500	4.382300	6.270800	3.212400	3.990200	
GTAAG	0.104500	-0.024200	-0.166300	-1.092000	-10.330300	-1.147200	5.632000	-7.229600	0.250000	0.121500	0.350900	8.088200	5.823400	3.821100	1.001600	-0.115900	-0.083300	-1.392200	-1.266100	3.350300	3.159800	0.976000	-1.450700	5.885800	-2.886900	34.533900	34.925500	0.521000	0.477600	0.482400	0.408800	0.305200	0.243700	3.878700	3.360400	6.147100	4.983400	4.042400	3.732600	
TTATT	0.101700	-0.015900	-0.086000	-6.948500	-9.580800	-0.871600	5.586200	-7.486600	0.259800	0.120000	0.357300	7.226600	6.133200	4.097900	1.233100	0.122200	-0.207200	-1.405500	-1.564400	3.506600	3.305300	-1.072000	-0.326300	8.221800	-5.147700	34.778000	33.547300	0.531400	0.519000	0.469200	0.373900	0.318700	0.255200	3.877300	3.090800	6.302700	5.167300	4.076900	3.348100	
TCAGG	0.109100	-0.027500	-0.064200	-0.149100	-6.080900	-0.763300	5.491500	-6.956600	0.252000	0.128100	0.342500	7.774000	5.754700	3.794800	0.907200	-0.230400	0.267300	-1.488500	-1.754700	3.439100	3.252000	-0.075600	-2.118500	5.157800	-3.177500	34.316400	30.994700	0.508100	0.429100	0.468500	0.383500	0.318100	0.252500	3.688400	3.148900	5.636800	4.736500	3.795000	3.260300	
GGGGT	-0.293700	-0.041300	-0.008000	-0.237900	-2.445700	0.421000	4.596900	-2.461700	0.240100	0.119900	0.265400	6.611200	5.664300	2.056900	0.858900	0.071200	0.020100	-1.890400	-1.881100	3.409900	3.651500	0.362600	0.988500	-2.160000	-1.140200	33.514100	34.748000	0.379400	0.388600	0.376200	0.384700	0.249700	0.291900	3.094600	3.217000	4.738100	4.766200	3.608800	3.835800	
CACAC	0.258800	-0.038800	0.067900	5.065400	-8.127000	0.416100	5.697300	-4.895200	0.250000	0.124200	0.290300	7.562800	6.044600	2.218800	1.026900	0.352100	-0.272500	-1.434500	-1.384500	3.364200	3.417500	-1.016600	1.305500	-1.494100	5.383000	34.195300	34.745200	0.512200	0.515900	0.372300	0.481300	0.223500	0.315900	3.170100	3.581100	4.199000	5.638500	3.452200	4.042200	
CTGCT	-0.246400	-0.029900	0.068100	-1.349300	-3.548200	0.357700	5.180700	-4.717800	0.248200	0.118500	0.270800	6.902600	5.505000	2.013200	0.970700	0.358600	0.022900	-1.584100	-1.705900	3.463600	3.454000	-1.932100	-0.658600	4.199800	-1.993900	33.793000	36.895100	0.497500	0.388600	0.413200	0.391900	0.318400	0.214500	3.666400	3.034600	5.584900	4.541000	3.508300	3.850500	
GGCCG	0.266800	-0.036000	0.050000	-0.512700	-2.824800	0.321100	4.976600	-4.142000	0.240000	0.120200	0.268700	6.742300	5.272500	2.038600	0.852500	-0.041900	-0.118900	-1.618800	-1.784400	3.406900	3.367000	-0.208200	-0.302500	-1.962800	-1.188300	36.728900	33.584500	0.382100	0.397200	0.396700	0.409400	0.207700	0.245200	2.998700	3.157400	4.224700	4.512300	3.765700	3.731900	
AACTC	0.236100	-0.021900	0.068100	1.892300	-5.245400	0.418900	4.004200	-5.427000	0.241700	0.119200	0.279600	6.835700	6.072300	2.172400	1.243400	0.441600	-0.154200	-1.748900	-1.835000	3.591600	3.523300	-1.069000	2.614800	-5.117400	-1.560500	36.985300	32.686300	0.446800	0.447200	0.365600	0.374300	0.258500	0.318000	3.056300	3.212300	5.272800	5.294300	3.571100	3.360900	
CTTGC	-0.096500	-0.030200	-0.244200	-0.268300	-10.136100	-1.034700	5.434700	-7.313000	0.249400	0.118200	0.343100	8.239700	5.843300	3.690200	0.979300	0.049200	0.476300	-1.224900	-1.316200	3.162900	3.454800	2.160400	-1.666300	-3.206400	5.459500	34.978600	34.635700	0.473600	0.501100	0.382700	0.489300	0.242100	0.314800	3.251700	3.568100	4.942700	5.563300	3.673300	3.812800	
TGTAG	-0.112400	-0.030700	0.089000	-2.187500	-7.966000	-0.975600	5.872800	-6.943000	0.250100	0.129200	0.333700	8.115400	5.582500	3.808700	1.011400	-0.243300	0.007000	-1.560600	-1.382500	3.327400	3.305000	0.720200	0.522300	-2.170500	5.976700	34.609400	34.472000	0.493300	0.510000	0.388100	0.435100	0.227000	0.300600	3.191400	3.912500	4.428800	6.242800	3.446000	3.970500	
TAACA	0.149800	-0.022700	0.100500	9.761000	-11.325500	-1.427000	5.280800	-7.457600	0.244700	0.120500	0.308500	8.078200	5.716000	3.677700	1.050200	-0.155000	0.417900	-1.103800	-1.614600	3.088600	3.416100	-1.913300	-0.088400	-2.521800	-2.373800	35.533500	35.429000	0.495600	0.474700	0.409700	0.364100	0.245100	0.247800	3.262900	3.121900	4.818400	4.497200	3.682300	3.467800	
AGATG	0.077500	-0.019800	-0.156800	-0.861800	-7.882700	-0.159700	4.661300	-7.799600	0.242200	0.129900	0.338000	7.967800	5.909800	3.776400	1.161500	-0.241400	-0.069300	-1.666500	-1.510800	3.517300	3.293900	2.498200	-0.109600	-1.537700	-4.773100	37.036400	32.513400	0.455300	0.490100	0.459900	0.372800	0.300100	0.236300	3.630600	2.981700	5.410100	4.548500	4.246900	3.204300	
GGGTG	-0.301600	-0.039200	-0.065400	-4.061900	-5.792900	0.593200	4.741600	-4.468100	0.239900	0.120100	0.278800	7.281900	6.047500	2.159000	0.936000	-0.007600	-0.346500	-1.866800	-1.550600	3.507800	3.416100	0.676200	0.912500	-1.043200	-2.849500	34.475700	34.469300	0.393300	0.462600	0.391400	0.383100	0.273000	0.234400	3.176300	3.102100	4.611000	4.299100	3.881400	3.366600	
TGCTA	0.241100	-0.020000	0.196300	-4.263900	-1.537600	0.192300	5.330100	-4.625600	0.247800	0.118700	0.259400	6.552200	5.083700	2.070500	1.031400	-0.009900	-0.238000	-1.690100	-1.730000	3.455000	3.299300	-0.718700	2.168800	-1.883300	-1.901600	36.971800	31.733700	0.404500	0.445800	0.411700	0.396900	0.214700	0.266500	3.070800	3.237300	4.390000	4.681700	3.932800	3.456400	
ATTTA	-0.153900	-0.029100	-0.156500	-5.356500	-13.776700	-1.677500	4.784500	-8.172100	0.250100	0.111100	0.329800	8.428900	5.909900	3.771600	1.094900	0.023300	0.240100	-1.224500	-1.084500	3.331500	3.207000	1.495000	1.133900	-2.735300	-0.920200	36.733800	35.690400	0.503900	0.516000	0.416600	0.435600	0.328100	0.261800	3.290900	3.327900	5.166000	4.856300	3.776000	3.813700	
ACACG	0.098700	-0.031000	-0.010400	4.492400	-9.375600	-0.791300	5.436800	-6.884100	0.250100	0.130400	0.329000	8.593000	5.652700	3.795000	0.967600	-0.316600	0.298000	-1.291500	-1.499000	3.492600	3.350800	0.199700	-0.797500	5.454200	-2.314200	35.406900	34.295400	0.512000	0.488400	0.498600	0.376100	0.322300	0.221600	3.545000	3.136200	5.638400	4.297800	4.079000	3.386400	
ACTGA	-0.104100	-0.029300	-0.098100	0.822400	-7.226600	-0.634200	5.406000	-7.009200	0.251600	0.128000	0.342400	8.156800	5.640500	3.850900	0.964300	-0.185400	0.230400	-1.729200	-1.519700	3.466200	3.526300	2.027800	-0.140200	-1.911300	5.844600	31.680800	34.499500	0.448100	0.520500	0.410800	0.456700	0.302300	0.330700	3.245600	3.746400	5.311500	5.814400	3.464100	3.736100	
ACTCT	-0.073700	-0.022800	-0.144500	-1.300900	-7.508700	0.069400	4.735700	-7.536100	0.250000	0.131100	0.339500	7.784900	5.577500	3.783600	1.067000	-0.156100	0.144300	-1.805900	-1.678800	3.536100	3.458000	2.209900	-2.423600	-2.017000	-1.392400	32.048100	36.033900	0.436200	0.445400	0.386400	0.439900	0.337000	0.278400	3.215500	3.572700	5.269900	5.175100	3.343900	4.098600	
ATGGA	-0.269100	-0.040000	0.107400	1.255000	-3.450700	0.225300	5.369200	-4.621200	0.249700	0.112900	0.273500	6.948700	5.597400	2.051400	0.895900	0.388500	0.051300	-1.542700	-1.808100	3.502700	3.454900	-2.389000	1.193500	4.461300	-0.281300	34.762200	33.865200	0.521100	0.408000	0.449700	0.422600	0.328400	0.271000	3.648300	3.371100	5.683800	4.608900	3.775100	3.836300	
ATGGG	-0.271700	-0.038500	0.094800	1.439500	-2.545200	0.284500	5.225700	-4.597500	0.249600	0.119900	0.270600	6.821400	5.687500	2.069200	0.894300	0.381300	0.106500	-1.551200	-1.834200	3.481900	3.350800	-2.252900	0.419200	4.244200	-2.218900	34.690700	33.270000	0.520300	0.395400	0.449700	0.398900	0.329300	0.249900	3.625000	3.149300	5.791100	4.738500	3.739800	3.695700	
CCGCT	-0.260900	-0.029800	0.007500	-1.836700	-3.776200	0.470700	5.190500	-4.370800	0.240100	0.120700	0.270500	7.019000	5.480100	2.062200	0.929200	0.037700	0.001900	-1.681100	-1.651700	3.372800	3.453300	0.661800	-1.267600	2.317900	-1.848400	32.241600	36.746800	0.472000	0.390100	0.407500	0.397000	0.289300	0.215800	3.404300	2.999100	5.645100	4.520600	3.470500	3.779800	
CTAAT	0.097700	-0.019300	-0.245000	-2.852700	-11.502400	-0.888400	5.468900	-7.362100	0.249900	0.120600	0.349800	8.167100	5.794900	3.812800	0.997100	-0.078700	-0.193400	-1.472200	-1.201800	3.517700	3.183400	1.112600	-1.803600	8.249200	-1.722200	34.443800	35.436000	0.513300	0.490300	0.399500	0.437000	0.325700	0.261200	3.956700	3.373800	6.251500	5.004500	3.761600	3.781800	
TAATA	0.137100	-0.028900	0.019700	3.374000	-9.960200	-1.478600	5.197200	-7.630800	0.249900	0.119500	0.327100	7.543100	5.980100	3.799600	1.163400	-0.178400	0.143600	-1.196700	-1.546700	3.167200	3.278100	-2.157200	0.556100	-1.637900	-3.231700	35.619600	32.867000	0.490900	0.513200	0.435100	0.351900	0.265800	0.240800	3.362600	2.960700	4.903400	4.530300	3.841700	3.283000	
TATGG	-0.084400	-0.020500	-0.071600	2.730600	-6.992400	-0.676900	5.890900	-6.695600	0.250000	0.122100	0.341200	7.555800	5.865800	3.859700	1.016800	0.051000	0.371100	-1.477500	-1.417600	3.229100	3.310800	0.603600	-1.454000	-2.783700	3.524700	32.088700	34.748400	0.516700	0.515400	0.369800	0.456100	0.229900	0.290800	2.985300	3.528600	4.296600	5.536500	3.219500	3.769300	
CAACT	0.161800	-0.024400	0.054300	8.316100	-10.996800	-1.091000	4.473300	-8.060900	0.241800	0.122300	0.316400	7.944200	6.033500	3.665400	1.070500	0.051900	0.420500	-1.179600	-1.764200	3.141700	3.591800	-2.309600	-1.204600	-2.537800	-4.422800	34.317000	36.291900	0.462800	0.454900	0.380000	0.362100	0.248800	0.250800	3.179300	3.037900	4.928400	4.900300	3.475400	3.505900	
CCAGG	0.131700	-0.019300	-0.211200	-4.997900	-6.471700	-0.795300	5.419200	-6.916500	0.259600	0.131600	0.367100	8.708400	5.900300	3.926300	0.895100	-0.253300	0.252500	-1.506900	-1.771700	3.281100	3.264400	0.760200	-2.260700	3.127700	-2.978100	33.864500	31.126100	0.497300	0.429300	0.436100	0.379500	0.288300	0.252200	3.560800	3.140100	5.562400	4.751100	3.712800	3.245600	
GATAG	-0.099400	-0.016700	-0.072600	2.837600	-8.095600	-0.440500	5.520800	-7.370900	0.250000	0.129900	0.349800	7.406100	5.974900	3.843500	1.097100	-0.048500	-0.004800	-1.541300	-1.543400	3.291500	3.473000	-0.746000	0.089100	-3.748600	6.956400	32.308200	34.483300	0.501100	0.506000	0.375300	0.387200	0.238100	0.332300	2.969300	3.943400	4.468800	6.348600	3.237500	3.812300	
AGGTT	-0.290100	-0.039300	-0.109700	-6.164500	-8.333500	0.867700	3.717000	-3.929500	0.240600	0.116900	0.278900	7.059400	6.189100	2.258200	1.074700	0.005800	-0.511600	-1.971300	-1.621800	3.720800	3.505700	2.245900	-0.420400	-2.060900	-5.091300	35.880700	36.218000	0.395600	0.427500	0.356200	0.358200	0.303800	0.239200	3.217400	3.058400	5.434600	4.936300	3.876500	3.430400	
ATCTG	0.245400	-0.022100	0.113700	-3.557300	-2.973200	0.221600	4.966000	-5.327600	0.250400	0.120900	0.284600	7.448800	5.748000	2.136100	0.991100	0.193400	-0.278500	-1.795100	-1.762400	3.661000	3.380400	-3.336800	2.730600	0.088800	-0.941300	36.127100	31.513700	0.467800	0.453100	0.453300	0.391100	0.363100	0.281300	3.881900	3.240000	5.472300	4.924600	4.286400	3.347900	
CACAA	0.269000	-0.038400	0.029600	6.309400	-8.291300	0.386100	5.534200	-5.330000	0.250100	0.117100	0.293400	7.817300	6.177800	2.242600	1.082800	0.397500	-0.482100	-1.472600	-1.156100	3.367500	3.418400	-0.624800	1.997200	-1.781400	6.286300	34.139800	35.529900	0.506700	0.514100	0.376500	0.543100	0.227300	0.320800	3.183100	3.602500	4.216600	5.660000	3.457100	4.073100	
GCCCC	0.301500	-0.045500	0.002500	-0.244100	-2.027500	0.371300	4.843200	-3.177500	0.239800	0.120200	0.265300	6.417800	5.427100	2.040900	0.816600	-0.061100	-0.059900	-1.853200	-1.870600	3.464900	3.397400	-0.822000	-0.201800	-1.152200	-1.898700	33.624100	33.536000	0.373800	0.380600	0.392800	0.383300	0.257200	0.248400	3.105800	3.077200	4.577300	4.646800	3.663400	3.647200	
CCTGA	-0.109100	-0.027500	-0.064200	0.149100	-6.080900	-0.763300	5.491500	-6.956600	0.252000	0.128100	0.342500	7.774000	5.754700	3.794800	0.907200	-0.267300	0.230400	-1.754700	-1.488500	3.252000	3.439100	2.118500	0.075600	-3.177500	5.157800	30.994700	34.316400	0.429100	0.508100	0.383500	0.468500	0.252500	0.318100	3.148900	3.688400	4.736500	5.636800	3.260300	3.795000	
TGGAG	-0.288700	-0.046600	-0.047300	-1.060800	-5.262100	0.271600	4.997100	-4.077800	0.240400	0.119500	0.289900	7.330400	5.586500	2.114000	0.872900	0.025000	-0.173600	-1.805800	-1.572000	3.457300	3.360400	1.176500	1.076500	-0.489700	-1.463600	34.331300	35.791500	0.410900	0.443900	0.419300	0.433000	0.278000	0.283100	3.322600	3.645600	4.612500	4.900200	3.908100	4.058300	
ACAGA	0.080300	-0.030000	-0.051500	2.629800	-7.099800	-0.762800	5.318200	-7.129600	0.250200	0.120100	0.336400	7.947800	5.569500	3.794300	0.969800	-0.267200	0.219600	-1.472800	-1.721000	3.576000	3.373900	0.235700	-2.233000	4.706500	-0.508700	35.220900	31.613100	0.516500	0.445500	0.459700	0.419900	0.328300	0.285200	3.655100	3.278700	5.798200	4.806500	3.956400	3.362900	
TGCTC	0.246500	-0.016400	0.183600	-3.766500	-1.002800	0.248300	5.057100	-4.769000	0.240900	0.119400	0.256200	6.426900	5.091400	2.053000	1.010900	0.008400	-0.154800	-1.698700	-1.755000	3.453800	3.295000	-0.611200	2.777700	-2.272200	-1.351500	37.104200	31.721100	0.395100	0.433600	0.402000	0.383100	0.219000	0.269800	3.058800	3.137200	4.506500	4.636000	3.897700	3.369500	
CGGCT	-0.266700	-0.037800	0.025000	-0.680900	-3.012700	0.356900	4.811600	-4.328800	0.240200	0.120000	0.269700	6.814100	5.361700	2.028200	0.894400	0.131200	0.019600	-1.798400	-1.702500	3.414600	3.489300	0.503500	-0.954600	-1.334600	-2.573800	33.507300	37.432600	0.392600	0.368300	0.391500	0.387400	0.250400	0.221500	3.154800	2.951000	4.588300	4.666500	3.705100	3.708000	
AAATT	0.171000	-0.010500	-0.074900	3.799800	-14.396000	-0.811200	3.082000	-10.594300	0.251800	0.128100	0.348200	8.593300	6.848100	4.716700	1.340900	0.205100	0.000000	-1.281500	-1.641400	3.539000	3.493000	-1.011300	0.000000	-3.921800	-9.148500	38.515900	35.458400	0.542200	0.601700	0.475400	0.405800	0.375600	0.284800	3.455700	3.160700	5.740500	4.772100	4.038500	3.352000	
ACAGG	0.086700	-0.028900	-0.076400	1.693300	-6.832100	-0.445500	5.263100	-7.039800	0.251300	0.127800	0.339200	7.736700	5.676200	3.784000	0.944900	-0.239300	0.272500	-1.477800	-1.765100	3.564100	3.293300	0.115800	-2.407900	5.214500	-3.002400	34.839100	31.320900	0.511100	0.430800	0.451700	0.384200	0.326300	0.252800	3.643700	3.137000	5.693500	4.724100	3.886100	3.229800	
GCATA	0.085400	-0.019700	-0.104900	-2.215200	-7.899000	-0.661000	5.807500	-6.699600	0.250100	0.123900	0.341600	7.473600	5.783800	3.805400	1.065000	-0.383200	-0.018800	-1.417600	-1.484500	3.457100	3.261000	0.856700	-0.440400	5.130200	-2.810600	34.783400	32.103800	0.509000	0.514000	0.450200	0.366400	0.317000	0.233900	3.523400	3.008700	5.626200	4.498000	3.807500	3.224300	
TTTTT	-0.158500	-0.009800	-0.083600	-8.002000	-14.915600	-2.076900	3.884600	-10.618800	0.254400	0.120900	0.344400	8.174100	7.141600	4.761900	1.350100	0.085900	0.085900	-1.033800	-1.033800	3.277400	3.277400	0.929800	0.929800	-4.685000	-4.685000	37.692700	37.692700	0.554900	0.554900	0.446000	0.446000	0.293400	0.293400	3.341400	3.341400	5.862300	5.862300	3.946500	3.946500	
ACACA	0.095900	-0.031800	0.032900	5.456200	-9.273600	-0.879200	5.573300	-6.806600	0.250000	0.127500	0.331400	8.727500	5.701200	3.846000	1.003700	-0.315300	0.336200	-1.242900	-1.536200	3.446100	3.366500	0.224100	-0.964400	5.208200	-2.064300	35.605700	34.552500	0.514800	0.495000	0.509400	0.382800	0.322800	0.235000	3.550100	3.196600	5.659800	4.430400	4.113000	3.446700	
TGAGA	0.092600	-0.024400	-0.015800	1.557700	-6.798500	-0.706600	5.312200	-7.224000	0.249700	0.121000	0.333800	7.824700	5.505300	3.777500	0.996400	-0.163700	0.206000	-1.502400	-1.724000	3.284700	3.365700	0.559000	-1.657600	-1.053000	-1.230100	35.609500	31.773500	0.462000	0.440300	0.449900	0.407500	0.270800	0.290300	3.617800	3.217800	4.837600	4.786300	4.174100	3.409600	
CTGAG	-0.271700	-0.039600	-0.001100	-1.900700	-6.037700	0.296100	5.581900	-4.873200	0.250000	0.120900	0.297300	7.652700	5.759000	2.128200	0.941500	0.299500	-0.206100	-1.557500	-1.570600	3.480700	3.368600	-1.513000	1.258800	5.785200	0.009200	34.225400	35.171900	0.516000	0.457800	0.436600	0.441300	0.326800	0.283100	3.792700	3.747900	5.528700	4.787900	3.691300	4.082000	
GAAAT	0.151400	-0.020200	-0.135600	4.965400	-12.044800	-1.550900	4.292300	-9.026600	0.239900	0.109900	0.324600	8.083400	6.024400	3.711700	1.178900	-0.194400	0.006500	-1.089200	-1.271300	3.236100	3.355900	-1.664600	-1.416800	-2.918100	-4.399600	35.968500	36.817500	0.496100	0.503500	0.426100	0.429100	0.271300	0.343400	3.275300	3.318300	5.160800	5.540800	3.778300	3.820200	
TGCAC	0.250100	-0.040100	0.167600	-0.494700	-3.793600	0.172700	5.958100	-4.543900	0.249100	0.119000	0.272100	7.322800	5.390200	2.068100	1.014100	-0.051400	-0.258100	-1.543400	-1.353100	3.406200	3.271700	-0.072900	1.671900	-1.080400	3.886800	35.945800	34.339000	0.445100	0.498100	0.413700	0.475200	0.213700	0.305800	3.167100	3.509500	4.384400	5.484400	3.946800	3.873300	
GTCGG	0.271300	-0.038400	-0.047100	1.898200	-6.700500	0.347200	5.555500	-4.471900	0.240700	0.120300	0.288200	7.631200	5.657800	2.163900	0.907600	0.188300	0.113800	-1.471200	-1.537500	3.272400	3.360300	-0.586300	-0.691900	-0.852300	3.569100	34.660100	32.870800	0.453300	0.497000	0.450700	0.445100	0.272900	0.300900	3.673400	3.535800	4.639200	5.609200	4.181400	3.685300	
CCTTG	-0.136400	-0.018200	0.046600	-7.461800	-9.158500	-1.038300	4.780300	-7.716600	0.248000	0.127400	0.310000	7.579600	5.757200	3.623900	1.004700	-0.370800	-0.039500	-1.836300	-1.204800	3.383900	3.123700	2.361400	2.540500	-2.742700	-2.522600	32.227400	34.878700	0.447000	0.463200	0.381300	0.387500	0.269300	0.244500	3.035300	3.185900	5.137300	5.080200	3.366900	3.612500	
TTCCC	0.320600	-0.050300	-0.064200	-0.094900	-4.465100	0.449900	4.782900	-4.912900	0.240000	0.119000	0.288900	7.384400	5.614200	2.153300	0.911500	0.332200	0.003300	-1.443700	-1.870800	3.388600	3.460300	-1.811700	-0.708400	-0.768000	-1.080600	36.459000	33.814900	0.465000	0.394600	0.486200	0.398200	0.281100	0.269500	3.605700	3.244800	4.836400	4.643400	4.234400	3.753600	
TGTCT	-0.080900	-0.017900	-0.008800	-4.863100	-8.418000	0.009500	4.989200	-7.301400	0.242200	0.131100	0.335200	8.254400	5.636300	3.755000	1.082200	-0.206700	0.179500	-1.625600	-1.434200	3.399500	3.318000	1.188600	-1.687000	-2.675400	-1.627500	34.861100	36.551100	0.471100	0.449200	0.382000	0.461600	0.242900	0.269000	3.180900	3.536300	4.475700	5.014300	3.480500	4.156500	
ACCAC	0.249900	-0.043600	0.104400	0.706200	-4.933200	0.159800	5.456800	-4.561500	0.249900	0.119800	0.279300	7.045400	5.804000	2.071400	0.951900	-0.097900	-0.291800	-1.760500	-1.518000	3.521500	3.389900	-1.318100	2.089100	-0.417500	3.752300	34.898300	34.022700	0.422400	0.499200	0.432200	0.441100	0.286200	0.308000	3.310700	3.605000	4.582100	5.634100	3.980400	3.632600	
AAGGA	-0.281800	-0.019200	0.165800	4.772100	-1.249600	0.348500	4.319100	-5.152600	0.243100	0.121300	0.267700	6.249900	5.535800	2.108700	1.019300	0.404600	0.021900	-1.852500	-1.891600	3.499800	3.638700	-2.415300	2.120500	-3.218800	-1.643200	33.078600	34.933900	0.474700	0.399200	0.369500	0.384700	0.290200	0.293500	3.082500	3.306000	5.645900	5.287300	3.385000	3.852800	
TTCAT	0.282600	-0.043700	0.018400	0.539800	-6.048700	0.250700	5.472200	-5.271300	0.249900	0.111700	0.301100	7.825200	5.734400	2.171800	1.049400	0.323300	-0.320700	-1.435100	-1.482900	3.337900	3.531700	-2.000000	1.658100	-0.267500	5.483300	35.417700	35.060900	0.481200	0.539000	0.482100	0.479800	0.269200	0.356700	3.675300	3.759600	4.713200	5.841300	4.316400	3.881400	
AATTA	-0.160900	-0.029100	-0.080800	-0.764000	-12.045100	-1.447000	4.425300	-8.321400	0.250400	0.119800	0.329300	7.577300	6.209000	3.884000	1.288900	0.038500	0.168600	-1.628100	-1.269200	3.421700	3.278000	0.138400	1.837000	-6.420100	-2.390100	34.271900	36.155600	0.520100	0.497800	0.373300	0.434500	0.259000	0.287400	2.888700	3.401200	4.800400	5.199600	3.340000	3.775500	
GAGGA	-0.260500	-0.020400	0.161900	4.241200	-0.553400	0.273600	4.788000	-4.919300	0.240800	0.119700	0.258300	6.086400	5.228200	2.022700	0.914100	0.153200	0.055800	-1.817500	-1.895100	3.338800	3.587800	-3.142600	1.998900	-1.572300	-1.251300	31.798300	34.385200	0.432900	0.391900	0.370400	0.391400	0.266900	0.280000	3.144100	3.269000	4.795300	4.853000	3.320500	3.837100	
GCTCT	-0.062800	-0.025300	-0.092300	-1.813500	-6.609500	-0.100100	5.010000	-7.328800	0.243700	0.129300	0.330000	7.332100	5.439800	3.657400	0.980800	-0.218200	0.151100	-1.789800	-1.663900	3.389100	3.398300	2.271600	-1.992200	-2.033500	-1.407200	31.409600	36.159000	0.418200	0.439000	0.373600	0.444800	0.272400	0.271300	3.116400	3.523400	4.689600	5.249700	3.224200	4.164500	
GCGTG	-0.258400	-0.026300	-0.030500	-5.258100	-7.894000	0.560600	5.260200	-4.501800	0.240200	0.121200	0.280700	7.626200	6.035400	2.169600	0.987300	-0.067100	-0.333500	-1.714900	-1.443200	3.601200	3.348900	-0.102500	0.725800	5.169900	-2.074500	33.247000	34.047200	0.485500	0.497400	0.406000	0.378100	0.333500	0.221600	3.527300	3.125800	5.698700	4.299300	3.643300	3.404300	
ATCCT	0.303900	-0.049900	-0.090800	1.699000	-5.166500	0.423600	4.512100	-4.762500	0.240200	0.120100	0.286900	7.347400	5.807000	2.127800	0.951200	0.251900	-0.032800	-1.639700	-1.922300	3.500000	3.594400	-1.302300	-2.133800	-1.094400	-1.201900	36.194900	34.577200	0.445000	0.398600	0.444800	0.372100	0.317800	0.282700	3.781400	3.283600	5.134900	5.236900	4.019300	3.720000	
CTCGA	0.261400	-0.031800	-0.091100	3.493500	-6.654900	0.441000	5.445800	-4.388400	0.249300	0.120400	0.296400	7.995200	5.903300	2.126000	0.916500	0.207100	-0.020000	-1.562500	-1.594000	3.336200	3.531100	-0.813400	-0.172500	0.087200	5.979300	35.017800	33.148000	0.465100	0.499900	0.441700	0.433600	0.283800	0.346400	3.753700	3.657600	4.844400	5.731500	4.058600	3.651400	
CCTCC	-0.074800	-0.011300	-0.057600	-2.006800	-5.761000	0.172000	4.934300	-7.407300	0.240800	0.131700	0.329500	7.602500	5.474200	3.697200	0.913100	-0.229300	0.141300	-1.786500	-1.538500	3.283700	3.277800	2.260100	-0.338000	-2.993900	-1.657300	31.243600	35.646500	0.417800	0.436400	0.371400	0.442300	0.251000	0.261200	3.107800	3.498600	4.752200	4.970000	3.252600	4.068100	
TGGCT	-0.270900	-0.034900	0.033800	0.085700	-2.778200	0.416800	4.658500	-4.470000	0.240600	0.119400	0.270600	6.799800	5.454600	2.022600	0.927300	0.102500	0.031300	-1.823300	-1.699200	3.435800	3.502000	0.785900	-0.893200	-1.523600	-3.084200	33.826300	37.482000	0.394400	0.366800	0.387300	0.385500	0.259600	0.229600	3.152300	2.969700	4.823700	4.682900	3.741800	3.703000	
TTAAG	0.101900	-0.022700	-0.161500	-2.499300	-9.796500	-1.197900	5.653000	-7.370600	0.250100	0.113100	0.350900	8.308300	5.815200	3.892200	1.079000	0.024500	-0.088300	-1.240500	-1.286100	3.419300	3.140000	-0.192600	-1.336500	7.442200	-3.148600	34.504800	34.885500	0.546100	0.483300	0.593500	0.412700	0.322400	0.244900	3.872000	3.389600	6.142800	4.967100	4.133700	3.727600	
AGGCT	-0.291300	-0.039500	-0.018800	-0.524500	-2.392600	0.531000	4.371700	-4.380300	0.240200	0.119800	0.268000	6.694700	5.409600	2.016400	0.920500	0.090500	-0.023500	-1.929500	-1.729800	3.536300	3.528300	1.566800	-1.231400	-2.050100	-3.719700	34.168900	37.369000	0.372800	0.357700	0.359800	0.382500	0.266500	0.220800	3.081800	2.942600	5.026200	4.624300	3.616100	3.688400	
CCTCT	-0.063700	-0.018400	-0.112500	-2.635900	-6.548000	0.177000	4.955400	-7.294100	0.242700	0.134700	0.332300	7.562600	5.512100	3.709800	0.956100	-0.201500	0.127400	-1.825800	-1.658900	3.316100	3.395200	2.654000	-1.790000	-2.371900	-1.329700	31.404700	35.844200	0.420700	0.439500	0.364400	0.451800	0.257900	0.271100	3.097300	3.511000	4.814700	5.198800	3.227900	4.141100	
GATTC	-0.144000	-0.021100	-0.049200	-3.153800	-9.307400	-1.043700	4.432800	-8.460000	0.249200	0.119600	0.321100	7.433400	6.125600	3.698300	1.139300	-0.165000	0.100500	-1.596800	-1.223200	3.356300	3.249300	-1.248300	2.509800	-5.559000	-3.082500	33.092000	35.900200	0.497800	0.477400	0.379800	0.430400	0.257300	0.272800	2.927400	3.284100	4.751100	5.168700	3.279000	3.809600	
ACATG	0.082100	-0.004900	-0.248200	-3.549700	-10.415600	-0.243600	4.968300	-7.489400	0.250100	0.130300	0.342900	8.465200	6.194100	3.862500	1.125900	-0.352900	-0.127300	-1.575200	-1.445300	3.768100	3.264300	0.467600	-0.270300	6.638400	-3.950700	36.193600	32.317300	0.544000	0.523300	0.445700	0.363400	0.385000	0.232000	3.704900	2.951400	6.031500	4.452500	3.993600	3.236600	
TTACG	0.114400	-0.029400	0.091100	0.610800	-7.754600	-0.974800	6.092200	-6.790700	0.256100	0.119500	0.338200	8.196400	5.581100	3.882700	1.040100	0.119400	0.198800	-1.244000	-1.514200	3.291200	3.307600	-1.496900	-0.210300	6.401100	-2.251200	34.251700	34.282800	0.541600	0.491700	0.554300	0.386100	0.301300	0.220700	3.850300	3.204100	6.131300	4.314200	4.150100	3.431400	
TTCAC	0.264200	-0.041100	0.070200	-0.244700	-6.248700	0.207100	5.925500	-5.123700	0.249900	0.115600	0.300400	7.726300	5.677400	2.190100	1.032100	0.292600	-0.262200	-1.425400	-1.353500	3.323300	3.345300	-1.976700	1.367100	0.641700	4.514600	35.136800	34.303900	0.486500	0.515900	0.487200	0.516600	0.263800	0.323800	3.688400	3.602600	4.678300	5.470000	4.434800	3.869100	
CTAGA	0.107100	-0.031200	0.004000	0.187600	-6.926200	-0.905900	5.829000	-6.882100	0.249700	0.129500	0.333100	7.518300	5.550400	3.767600	0.966600	0.015100	0.204300	-1.527200	-1.711300	3.344600	3.333000	-0.233500	-1.540000	6.661800	-0.742300	34.558300	31.752400	0.495200	0.450000	0.392900	0.420900	0.305400	0.287100	3.956300	3.291600	6.238600	4.780100	3.746300	3.480900	
GGCGA	0.243400	-0.029900	0.043800	0.191000	-3.141200	0.410000	5.390200	-4.235700	0.248000	0.117600	0.269700	7.224900	5.487500	2.033700	0.948000	-0.061600	-0.075300	-1.616100	-1.580800	3.402200	3.455300	-0.110200	0.504300	-1.617700	3.729700	36.187400	32.701700	0.398700	0.482700	0.407300	0.426300	0.208800	0.323300	3.070500	3.461000	4.254200	5.664300	3.833400	3.623100	
ATGAG	-0.281500	-0.043000	-0.026700	-2.212900	-6.014000	0.271900	5.302200	-5.071900	0.249900	0.114400	0.300000	7.890900	5.839000	2.134600	0.977300	0.309900	-0.198300	-1.548200	-1.599100	3.591200	3.355000	-1.287100	1.116600	5.846200	-0.566900	34.946300	35.239500	0.531500	0.451200	0.469000	0.439000	0.361500	0.284200	3.770000	3.756200	5.825200	4.906900	3.789600	4.072700	
TGGCC	-0.272700	-0.032200	0.056700	1.059200	-2.517900	0.350400	4.882200	-4.251000	0.240800	0.120100	0.269200	6.740200	5.344000	2.026600	0.885700	0.091600	0.052600	-1.806600	-1.653800	3.390900	3.422100	0.595400	0.296100	-1.393800	-2.192000	33.756800	36.713400	0.397500	0.380900	0.403100	0.395300	0.257300	0.210100	3.168800	3.009000	4.700900	4.290100	3.790500	3.751400	
TTACC	0.119200	-0.028100	0.082700	1.480600	-7.085500	-0.771200	5.493700	-7.489200	0.251500	0.119800	0.339700	7.704200	5.633700	3.777100	1.037500	0.122700	0.229000	-1.269100	-1.579000	3.293600	3.336500	-1.476700	-0.229500	5.509900	-3.133100	34.196500	34.507800	0.534100	0.462100	0.521900	0.392700	0.299000	0.223500	3.853400	3.105200	6.209700	4.429500	4.105000	3.403900	
CCGTG	-0.292500	-0.029700	-0.049000	-4.365900	-7.753400	0.596200	5.154000	-4.586000	0.240200	0.123400	0.289700	8.272700	6.090100	2.211400	0.947000	-0.068500	-0.353200	-1.681200	-1.438800	3.454600	3.348100	0.806500	0.419200	3.866800	-2.464100	33.587300	34.168900	0.501600	0.497200	0.415900	0.375400	0.312300	0.222400	3.575500	3.134800	5.769800	4.188000	3.736900	3.440800	
GGTAT	-0.108000	-0.027000	0.001000	-3.341100	-8.380000	-0.561200	5.437600	-7.230600	0.249900	0.129300	0.337500	7.948000	5.668600	3.646000	1.024200	-0.260100	-0.032300	-1.618400	-1.445600	3.379500	3.450600	0.684300	0.266600	-2.765400	5.769500	34.749900	34.561500	0.451300	0.501100	0.386000	0.433900	0.228000	0.327200	3.112500	3.905200	4.406900	6.511800	3.372300	3.944200	
CGGTT	-0.265600	-0.030000	-0.046800	-5.796200	-8.315800	0.593000	4.342400	-4.968900	0.241100	0.118500	0.280800	7.052800	6.011800	2.235600	1.004100	0.033200	-0.463100	-1.817600	-1.598100	3.528700	3.452100	1.014300	0.004000	-0.558200	-3.777600	34.919400	35.803600	0.411300	0.448200	0.401600	0.358200	0.278300	0.236200	3.275400	3.018300	4.679500	4.706200	3.894700	3.481500	
CAGCG	-0.236600	-0.028200	0.163900	3.542100	-1.813100	0.181200	5.144100	-4.748100	0.245200	0.120200	0.260600	6.702200	5.183900	2.064900	0.931100	0.248500	-0.009900	-1.722900	-1.675300	3.332900	3.441800	-2.918400	1.069900	-0.883400	-1.758800	31.487400	36.945900	0.436300	0.391300	0.384200	0.400200	0.266400	0.215900	3.100300	3.071500	4.538200	4.309200	3.332900	3.857500	
CGGGA	-0.283700	-0.039900	0.064200	1.821300	-2.659000	0.234100	4.902900	-4.173600	0.239900	0.119900	0.270300	6.589800	5.429900	2.068300	0.834800	0.114400	0.055000	-1.799600	-1.797400	3.382000	3.485400	0.037400	1.165800	-1.952700	-0.672500	33.831300	34.126300	0.397100	0.393600	0.412900	0.409900	0.248600	0.269200	3.145700	3.323100	4.622900	4.658900	3.740800	3.804900	
AGGAA	-0.307700	-0.050400	-0.051500	-0.204600	-4.791700	0.304900	4.679700	-5.063600	0.240700	0.117900	0.286400	7.126000	5.611500	2.181500	0.949400	0.040600	-0.314800	-1.913000	-1.428900	3.548300	3.375400	1.885000	1.669900	-1.401500	-1.378300	34.572600	36.582400	0.402800	0.465100	0.385400	0.468700	0.274000	0.276200	3.317500	3.610700	5.166800	4.912300	3.812500	4.197500	
GTCTA	0.257400	-0.032400	0.123800	-3.585000	-3.799400	0.117000	5.323800	-5.023300	0.251200	0.120100	0.278400	7.065900	5.420500	2.114800	1.006300	0.122800	-0.208400	-1.640200	-1.696200	3.439900	3.337300	-2.622500	2.040300	-0.456800	-1.250000	35.240100	31.997300	0.448200	0.465000	0.451800	0.428000	0.285300	0.269300	3.635900	3.319200	4.955600	4.749100	4.144900	3.500400	
GGAGA	0.075700	-0.019000	-0.072200	1.015300	-6.089000	-0.021700	4.938000	-7.512200	0.247700	0.129600	0.330900	7.785800	5.469800	3.746300	0.953300	-0.164300	0.174500	-1.541300	-1.737100	3.295100	3.362000	0.374300	-1.930000	-1.541600	-1.799800	35.841900	31.556800	0.436900	0.437000	0.445300	0.388600	0.269200	0.290400	3.510200	3.222700	4.985600	4.918800	4.083800	3.365400	
GAGAA	-0.257700	-0.029400	0.114100	3.373000	-2.622900	0.161600	4.831100	-5.539100	0.242300	0.117300	0.277800	6.755400	5.463400	2.113500	1.063900	0.136300	-0.304300	-1.768600	-1.516800	3.364300	3.440500	-2.676700	3.200200	-1.514800	-1.266300	31.978100	36.398500	0.453900	0.468400	0.397300	0.486600	0.282000	0.285300	3.236800	3.614800	4.821300	5.062700	3.459700	4.298500	
TGGAA	-0.287400	-0.042900	-0.009900	0.111000	-5.211100	0.242200	4.973300	-4.785200	0.240400	0.114100	0.290300	7.246200	5.535200	2.139000	0.942300	0.037300	-0.295500	-1.798500	-1.432900	3.438900	3.373000	0.890000	1.955200	-0.753400	-0.607400	34.270800	36.311000	0.413500	0.468800	0.426900	0.483100	0.276300	0.273400	3.342200	3.624500	4.683200	4.815200	3.910100	4.259700	
ACCCC	0.293700	-0.041300	-0.008000	0.237900	-2.445700	0.421000	4.596900	-2.461700	0.240100	0.119900	0.265400	6.611200	5.664300	2.056900	0.858900	-0.020100	-0.071200	-1.881100	-1.890400	3.651500	3.409900	-0.988500	-0.362600	-1.140200	-2.160000	34.748000	33.514100	0.388600	0.379400	0.384700	0.376200	0.291900	0.249700	3.217000	3.094600	4.766200	4.738100	3.835800	3.608800	
AGGCC	-0.292700	-0.040100	0.001300	0.359000	-2.232300	0.452400	4.646300	-3.995300	0.240200	0.119700	0.266300	6.619100	5.326700	2.019700	0.883600	0.073300	-0.004900	-1.912700	-1.695200	3.499400	3.437500	1.414400	-0.121000	-1.798100	-2.618300	34.152600	36.600300	0.375700	0.368800	0.367500	0.390600	0.260700	0.212700	3.090400	2.978000	4.988900	4.360400	3.652200	3.764000	
ATTCC	-0.089900	-0.030200	-0.274000	1.731100	-9.610400	-0.697700	4.687200	-8.079700	0.240400	0.120000	0.341200	8.123000	5.704200	3.657800	1.041200	0.151300	0.292800	-1.253500	-1.511700	3.234700	3.394800	2.010300	-1.977500	-3.766100	-0.765700	35.831200	36.062300	0.475100	0.455900	0.428600	0.464600	0.272100	0.281300	3.317400	3.630600	5.203900	4.870600	3.749700	4.139800	
AATGT	-0.084800	-0.013300	-0.243700	5.910400	-10.845600	0.134100	4.337300	-8.253900	0.250200	0.119800	0.340900	8.125800	6.226000	4.030700	1.286000	0.260200	0.326900	-1.559700	-1.617300	3.352900	3.776700	1.185800	-0.267600	-6.858700	6.071200	33.690900	36.267700	0.507800	0.560500	0.377800	0.442200	0.256100	0.387400	2.969400	3.738000	5.368000	6.173600	3.333800	3.918500	
GGGAT	-0.311800	-0.049900	-0.107000	-1.869900	-4.905400	0.512000	4.794700	-4.330700	0.239800	0.120200	0.289300	7.634500	5.809400	2.151600	0.928400	0.008200	-0.254900	-1.873300	-1.642400	3.471100	3.510100	1.069400	1.430700	-1.093700	-0.575000	33.742600	36.196200	0.392900	0.447100	0.386200	0.450400	0.270800	0.330700	3.249500	3.773900	4.687200	5.193600	3.691800	4.109300	
TGTTG	-0.149500	-0.022500	0.103900	-9.432400	-11.549400	-1.642200	5.178000	-7.554900	0.242700	0.120700	0.306000	8.063100	5.811400	3.691700	0.986100	-0.424200	0.077500	-1.631400	-1.076800	3.434200	3.090400	0.136800	2.824200	-2.605800	-2.137300	35.608600	34.877700	0.481200	0.476700	0.349400	0.386000	0.239700	0.227400	3.133200	3.137400	4.448600	4.751200	3.461900	3.593400	
TAGAA	-0.250300	-0.031200	0.131000	3.726200	-3.469600	0.073900	5.231200	-5.495300	0.250400	0.117800	0.282000	6.922300	5.477500	2.135300	1.074000	0.231800	-0.313300	-1.708900	-1.453200	3.345100	3.418200	-2.092000	3.222200	-1.182800	-0.773600	32.088500	36.456100	0.460300	0.474000	0.425000	0.485900	0.269100	0.275900	3.357600	3.596100	4.823300	4.894300	3.567000	4.317200	
ATCAC	0.266400	-0.039100	0.008000	2.176000	-6.581900	0.299500	5.477700	-5.058900	0.250000	0.117400	0.303000	7.869200	5.989500	2.169200	1.055500	0.234700	-0.259400	-1.604400	-1.474900	3.405600	3.414600	-1.555300	1.167500	-0.234900	4.183400	35.320800	34.009000	0.472700	0.510700	0.461900	0.478700	0.296400	0.324600	3.906900	3.666500	5.046200	5.759900	4.275500	3.726600	
TGACA	0.105600	-0.019600	0.051500	4.038700	-8.313200	-0.723200	5.456800	-7.157400	0.249800	0.120100	0.330600	8.206000	5.575100	3.712400	1.041300	-0.221000	0.256100	-1.317200	-1.589900	3.213400	3.366400	0.308700	-0.919500	-1.599500	-2.151000	36.485900	34.630700	0.466700	0.476700	0.462500	0.380400	0.260200	0.232300	3.570000	3.163000	4.652900	4.337600	4.183700	3.507500	
GCGGT	-0.246300	-0.039000	0.031800	-0.575400	-4.576700	0.348300	5.114800	-3.938500	0.249400	0.119900	0.269300	6.945900	5.791400	2.025200	0.917500	-0.009100	0.041000	-1.734100	-1.781800	3.449500	3.573800	-1.066300	1.102200	3.078100	-0.238600	32.338100	34.822200	0.477500	0.412900	0.407800	0.416600	0.306800	0.289600	3.488300	3.317700	5.744000	4.650400	3.497100	3.945700	
CCTAA	-0.102500	-0.026500	0.030100	0.227400	-6.221600	-0.990100	5.800700	-6.949400	0.253700	0.122100	0.336600	7.264300	5.577000	3.866400	0.959200	-0.242100	-0.128000	-1.730600	-1.306800	3.216400	3.327800	1.639000	1.500500	-2.769900	6.104400	31.241300	34.149100	0.437400	0.519700	0.395200	0.515300	0.246900	0.295700	3.194500	3.843100	4.782600	6.092200	3.389500	4.017900	
TGACC	0.108300	-0.020000	0.012900	4.270800	-7.950000	-0.397500	4.934900	-7.607300	0.250000	0.120700	0.331700	7.764800	5.601300	3.635600	0.980500	-0.167100	0.267900	-1.376500	-1.579400	3.247600	3.382500	0.658000	-0.635700	-1.408500	-3.383300	35.949700	34.859700	0.459000	0.446200	0.456300	0.382300	0.261900	0.227400	3.563300	3.060600	4.681200	4.322700	4.137700	3.389300	
GAGAT	-0.261700	-0.029400	0.071600	1.897800	-2.759500	0.269400	4.782000	-5.140400	0.241200	0.120400	0.280000	7.106100	5.660400	2.115100	1.082300	0.143700	-0.208200	-1.800500	-1.785700	3.395300	3.665200	-2.634700	3.276700	-1.541700	-0.819400	31.826800	36.376200	0.454500	0.461800	0.394400	0.451100	0.284900	0.355100	3.247500	3.863400	5.012700	5.684300	3.376500	4.248200	
GGTTA	-0.158100	-0.020600	0.066600	-9.089900	-10.709700	-1.084200	4.908100	-7.782100	0.244900	0.120400	0.310500	7.656800	5.806000	3.622100	1.034800	-0.427300	0.086600	-1.597800	-1.187700	3.448500	3.126200	0.162800	1.787400	-3.504400	-2.726100	35.382000	35.152100	0.438500	0.486800	0.363800	0.412700	0.232800	0.251900	2.984900	3.294300	4.365800	4.816200	3.373100	3.635100	
GGAGG	0.074800	-0.011300	-0.057600	2.006800	-5.761000	0.172000	4.934300	-7.407300	0.240800	0.131700	0.329500	7.602500	5.474200	3.697200	0.913100	-0.141300	0.229300	-1.538500	-1.786500	3.277800	3.283700	0.338000	-2.260100	-1.657300	-2.993900	35.646500	31.243600	0.436400	0.417800	0.442300	0.371400	0.261200	0.251000	3.498600	3.107800	4.970000	4.752200	4.068100	3.252600	
ACTCC	-0.088100	-0.018300	-0.102800	-0.005100	-6.845100	-0.062700	4.766100	-7.643000	0.249500	0.130000	0.339300	7.783900	5.565100	3.768600	1.002400	-0.177800	0.153000	-1.791100	-1.572000	3.507600	3.318200	1.757600	-0.816400	-2.498600	-1.766000	32.028400	35.809800	0.432800	0.443300	0.391500	0.432300	0.331600	0.269800	3.200500	3.551500	5.153300	5.077900	3.364300	4.029700	
TGCTG	0.230900	-0.022100	0.183000	-3.606300	-1.617700	0.176900	5.247300	-4.711800	0.247300	0.119700	0.259400	6.616700	5.162000	2.068600	0.990100	-0.014800	-0.246300	-1.690200	-1.708900	3.457000	3.316700	-0.665100	2.945800	-2.004800	-0.804300	37.013300	31.542400	0.404100	0.439500	0.408500	0.386200	0.218000	0.263500	3.075000	3.103500	4.435900	4.567700	3.927300	3.362700	
AATAG	-0.103100	-0.007900	-0.140900	5.717700	-10.135000	-0.598900	5.181000	-7.610600	0.254000	0.129900	0.351400	7.417200	6.138000	3.985800	1.194900	0.171800	0.056400	-1.552800	-1.557500	3.338000	3.513200	0.517300	-0.241400	-5.721400	7.255900	33.848600	35.064700	0.517500	0.515500	0.363400	0.398400	0.260400	0.347800	3.020100	3.935500	4.972600	6.533400	3.361400	3.846400	
TCTGG	-0.107900	-0.021500	-0.124400	1.483600	-6.142600	-0.530400	5.532100	-7.031800	0.257800	0.131000	0.350100	8.025800	5.613200	3.857300	0.902800	-0.228000	0.294400	-1.702400	-1.479500	3.323800	3.294100	2.244100	-1.139700	-0.829100	2.675500	31.074600	33.983600	0.442900	0.505700	0.415400	0.431800	0.282000	0.288700	3.277600	3.578600	4.904400	5.681300	3.362700	3.693200	
ACTAC	-0.117700	-0.029300	-0.029900	1.915200	-8.202700	-0.926800	5.698400	-6.995900	0.251700	0.130500	0.351000	7.910700	5.708700	3.885700	1.009400	-0.204900	0.000500	-1.726400	-1.482600	3.453900	3.321200	1.416200	0.262500	-1.194100	5.527900	31.895700	34.222400	0.448700	0.504700	0.418500	0.416000	0.317700	0.296600	3.273800	3.879000	5.349700	6.280100	3.498400	3.873000	
ATTGA	-0.093400	-0.030000	-0.316300	2.576100	-10.858800	-1.034100	5.470800	-7.256500	0.249900	0.111000	0.348500	8.596000	5.794400	3.785700	0.998200	0.144200	0.430800	-1.189300	-1.317900	3.232800	3.581300	2.225500	-1.477600	-2.035800	7.373300	35.349100	34.656800	0.480900	0.508600	0.419900	0.504100	0.265700	0.330800	3.296500	3.649600	4.944900	5.516100	3.777200	3.873200	
GCGTT	-0.256800	-0.020000	-0.089000	-7.522400	-9.838400	0.864700	4.672500	-5.026000	0.240600	0.119100	0.279700	7.258200	6.068600	2.264600	1.066600	-0.051000	-0.485300	-1.766500	-1.526700	3.669600	3.420300	0.110900	-0.414300	4.845200	-3.154900	33.360600	35.482300	0.480500	0.462000	0.386100	0.352200	0.341700	0.224300	3.469800	3.065700	5.853300	4.591000	3.556400	3.473400	
AAACC	0.159200	-0.000700	0.084600	11.737100	-12.371900	-0.620300	4.133600	-8.938200	0.240700	0.120300	0.312800	7.396700	5.829600	3.686200	1.143300	0.130800	0.479100	-1.126400	-1.629600	3.198000	3.499200	-1.532400	0.097500	-4.170900	-4.152900	36.767800	36.074400	0.484200	0.428000	0.385600	0.354100	0.254600	0.239800	3.180500	3.026400	5.543800	4.673100	3.715200	3.400600	
ATGAC	-0.285600	-0.041600	0.014200	-0.858300	-6.399500	0.264600	5.469400	-5.184800	0.249900	0.110800	0.299100	8.072400	5.739300	2.159400	0.994000	0.303900	-0.185300	-1.462900	-1.505500	3.549400	3.300900	-1.371300	0.927700	5.610200	-1.455600	35.191600	35.108600	0.537500	0.459500	0.491700	0.449900	0.362900	0.273600	3.741600	3.703400	5.781500	4.830800	3.880800	4.154000	
CCGCG	-0.280600	-0.030100	0.062600	1.851700	-3.953700	0.420600	5.501400	-4.124700	0.240400	0.121400	0.279500	8.125500	5.441900	2.095600	0.895900	-0.012100	-0.026700	-1.607200	-1.546000	3.306300	3.381900	0.689200	-0.381200	2.437400	-1.129100	32.360700	36.025600	0.473700	0.423900	0.428400	0.402700	0.291200	0.209600	3.409900	3.149400	5.577300	4.151800	3.592400	3.843300	
ACCGG	0.248300	-0.039500	-0.000800	2.127500	-4.813000	0.345300	5.115000	-4.000000	0.250000	0.119900	0.269400	6.995200	5.802800	2.060100	0.894400	-0.028300	0.020100	-1.776100	-1.670600	3.547000	3.372800	-1.045700	-0.447800	-0.226300	2.475200	34.702200	32.463300	0.416200	0.488300	0.422300	0.404200	0.289600	0.285500	3.311400	3.516400	4.717600	5.711600	3.951600	3.471900	
