Seq	Shear	Stretch	Stagger	Buckle	Propel	Opening	Shift_-1	Shift_1	Slide_-1	Slide_1	Rise_-1	Rise_1	Tilt_-1	Tilt_1	Roll_-1	Roll_1	Twist_-1	Twist_1	mingw	mingd	majgw	majgd	Shear-SD	Stretch-SD	Stagger-SD	Buckle-SD	Propel-SD	Opening-SD	Shift-SD	Slide-SD	Rise-SD	Tilt-SD	Roll-SD	Twist-SD	mingw-SD	mingd-SD	majgw-SD	majgd-SD	
AAAAA	0.18	0.03	-0.22	7.80	-16.51	-3.71	-0.20	-0.08	-0.97	-0.99	3.25	3.25	-0.72	-1.22	-5.05	-5.09	37.74	38.01	3.42	4.97	12.25	4.62	0.04	0.08	0.28	1.37	3.32	3.09	0.18	0.14	0.05	0.68	2.77	0.99	0.96	0.18	0.48	0.69	
AAAAC	0.15	-0.01	-0.06	9.07	-14.47	-1.90	-0.11	0.13	-1.01	-1.11	3.21	3.19	-1.19	-1.62	-3.62	-4.78	37.13	36.92	4.11	4.79	12.56	4.87	0.03	0.02	0.02	0.95	1.00	0.64	0.16	0.08	0.04	0.41	2.31	0.69	0.71	0.16	0.36	0.92	
AAAAG	0.17	0.01	-0.13	7.39	-14.68	-2.30	-0.11	0.20	-1.05	-1.23	3.23	3.24	-1.10	-1.85	-4.23	-6.38	37.02	37.17	3.85	4.76	12.81	4.81	0.04	0.05	0.15	1.58	2.39	1.89	0.19	0.13	0.04	0.51	2.25	0.75	0.61	0.11	0.37	0.83	
AAAAT	0.17	-0.01	-0.10	7.97	-14.89	-2.05	-0.05	0.11	-1.08	-1.22	3.24	3.31	-1.08	-1.48	-3.56	-5.12	36.93	37.68	3.74	4.82	12.58	5.10	0.03	0.02	0.08	1.15	1.44	1.01	0.14	0.11	0.06	0.42	2.20	0.67	0.58	0.11	0.37	0.60	
AAACA	0.15	-0.01	0.13	11.53	-13.05	-1.30	0.00	0.50	-1.06	-1.54	3.14	3.42	-1.93	0.01	-2.98	-2.89	36.59	35.22	4.67	4.54	12.42	6.08	0.01	0.02	0.04	1.18	0.55	0.52	0.26	0.24	0.14	0.99	1.99	0.93	0.69	0.19	0.33	0.56	
AAACC	0.16	0.00	0.09	12.05	-12.41	-0.58	0.10	0.48	-1.13	-1.63	3.17	3.51	-1.53	0.09	-3.70	-4.35	36.35	36.11	4.34	4.55	13.35	3.85	0.01	0.01	0.03	1.10	0.58	0.36	0.20	0.25	0.17	0.85	1.03	0.46	0.31	0.08	0.39	1.19	
AAACG	0.15	-0.01	0.12	12.34	-13.15	-0.89	0.02	0.49	-1.07	-1.53	3.15	3.43	-1.75	0.42	-2.94	-3.30	36.57	35.51	4.51	4.53	12.59	5.76	0.01	0.01	0.02	0.64	0.35	0.31	0.23	0.23	0.14	1.09	0.58	0.62	0.23	0.05	0.44	1.14	
AAACT	0.17	-0.00	0.11	11.67	-12.78	-0.79	0.10	0.46	-1.18	-1.73	3.17	3.59	-1.69	-1.02	-4.30	-5.49	35.86	36.86	3.89	4.63	13.17	5.29	0.02	0.01	0.02	2.53	1.63	0.39	0.20	0.27	0.22	0.55	0.88	0.65	0.41	0.05	0.21	0.18	
AAAGA	0.14	0.00	0.10	9.14	-10.71	-0.96	0.11	0.32	-1.21	-1.76	3.19	3.53	-2.01	-1.69	-4.76	-3.21	36.69	33.18	4.00	4.65	13.37	5.34	0.02	0.02	0.02	0.52	0.97	0.41	0.12	0.28	0.17	0.20	1.54	1.84	0.44	0.09	0.26	0.39	
AAAGC	0.13	0.00	0.08	8.27	-10.58	-0.74	0.15	0.34	-1.24	-1.79	3.25	3.47	-1.93	-1.93	-4.67	-3.95	36.74	32.81	4.02	4.58	13.55	4.28	0.02	0.02	0.05	1.33	1.60	0.87	0.16	0.29	0.14	0.38	1.95	2.09	0.51	0.17	0.55	1.73	
AAAGG	0.13	0.01	0.12	9.94	-9.21	-0.41	0.14	0.44	-1.25	-1.87	3.16	3.50	-1.98	-2.06	-4.80	-5.06	35.88	32.79	3.99	4.56	13.81	5.36	0.01	0.01	0.02	0.53	0.71	0.24	0.17	0.31	0.18	0.13	1.55	1.59	0.41	0.09	0.34	0.45	
AAAGT	0.16	0.02	0.07	8.75	-11.68	-0.58	0.24	0.36	-1.24	-1.83	3.25	3.62	-1.77	-1.81	-5.89	-4.78	37.03	33.88	3.41	4.74	13.53	4.50	0.04	0.04	0.08	2.01	1.75	1.51	0.13	0.31	0.20	0.42	2.37	1.74	0.57	0.15	0.61	1.05	
AAATA	0.15	-0.01	-0.01	4.93	-12.63	-1.42	-0.03	0.16	-1.20	-1.52	3.28	3.33	-1.72	0.41	-3.91	-6.42	37.22	33.85	3.98	4.70	12.83	5.74	0.02	0.02	0.02	0.82	1.58	0.85	0.12	0.19	0.04	1.08	2.59	1.91	0.66	0.21	0.43	0.67	
AAATC	0.16	-0.02	-0.03	5.31	-12.27	-1.32	-0.00	0.23	-1.22	-1.55	3.27	3.33	-1.69	0.90	-2.43	-5.36	36.55	33.42	4.23	4.60	13.26	5.82	0.01	0.01	0.02	0.93	0.70	0.28	0.14	0.17	0.04	1.32	2.08	1.66	0.47	0.13	0.41	0.68	
AAATG	0.16	-0.01	-0.00	6.47	-11.76	-1.02	0.03	0.27	-1.22	-1.56	3.25	3.34	-1.65	0.96	-4.21	-7.00	36.86	33.42	3.92	4.67	13.12	5.57	0.02	0.01	0.03	1.11	0.94	0.46	0.15	0.18	0.06	1.34	2.30	1.82	0.51	0.14	0.52	0.58	
AAATT	0.18	-0.01	-0.10	3.92	-14.95	-0.67	0.16	0.00	-1.29	-1.64	3.44	3.48	-1.02	0.03	-4.54	-8.57	38.12	35.11	2.55	5.00	13.25	3.85	0.04	0.01	0.09	1.15	1.87	0.88	0.16	0.19	0.10	0.62	2.42	1.74	0.68	0.17	0.51	1.61	
AACAA	0.26	-0.04	-0.00	8.21	-10.17	0.40	0.47	-0.50	-1.54	-1.25	3.39	3.52	-0.21	1.80	-2.29	6.26	34.60	35.64	5.13	4.57	12.24	6.17	0.01	0.00	0.02	0.62	0.65	0.16	0.49	0.17	0.09	1.04	4.44	0.74	0.44	0.13	0.37	0.32	
AACAC	0.26	-0.03	0.03	6.45	-9.40	0.54	0.38	-0.34	-1.52	-1.32	3.39	3.39	-0.59	0.39	-2.42	4.19	34.68	35.07	5.11	4.47	12.78	6.27	0.01	0.00	0.02	0.84	0.61	0.10	0.38	0.12	0.05	0.78	3.79	0.60	0.29	0.15	0.58	0.74	
AACAG	0.27	-0.02	-0.01	6.85	-9.26	0.73	0.40	-0.27	-1.54	-1.49	3.40	3.46	-0.37	0.49	-2.40	5.23	34.88	34.91	5.08	4.33	12.83	6.61	0.01	0.01	0.01	0.48	0.59	0.10	0.34	0.05	0.04	0.50	3.98	0.44	0.26	0.13	0.38	0.43	
AACAT	0.28	-0.03	-0.07	8.82	-10.22	0.86	0.50	-0.33	-1.55	-1.57	3.43	3.67	0.06	0.87	-3.30	5.76	35.34	35.94	4.39	4.55	12.95	5.60	0.01	0.01	0.05	1.80	1.31	0.42	0.43	0.06	0.14	0.67	4.82	0.77	0.58	0.18	0.84	1.51	
AACCA	0.26	-0.04	-0.03	5.76	-8.86	0.46	0.31	-0.06	-1.58	-1.76	3.44	3.49	-0.61	-1.52	-3.30	-0.59	35.26	34.89	4.38	4.50	13.32	6.18	0.01	0.01	0.01	0.46	0.53	0.22	0.25	0.11	0.04	0.80	1.58	0.82	0.31	0.14	0.25	0.33	
AACCC	0.28	-0.03	-0.08	6.18	-7.68	0.82	0.44	-0.05	-1.61	-1.89	3.47	3.57	-0.09	-1.46	-4.18	-1.36	35.80	34.77	4.03	4.55	14.19	5.00	0.01	0.00	0.03	0.85	0.73	0.22	0.27	0.16	0.07	1.00	1.77	0.84	0.38	0.13	0.50	1.33	
AACCG	0.27	-0.03	-0.04	5.79	-7.97	0.54	0.39	-0.06	-1.58	-1.79	3.43	3.49	-0.35	-1.02	-3.13	-0.65	35.23	34.48	4.52	4.43	13.44	6.44	0.01	0.00	0.01	0.50	0.44	0.09	0.24	0.11	0.04	0.47	1.34	0.57	0.11	0.06	0.31	0.14	
AACCT	0.29	-0.03	-0.10	6.20	-8.15	0.83	0.46	-0.04	-1.61	-1.93	3.49	3.66	0.20	-2.45	-4.78	-2.23	35.92	35.61	3.72	4.62	14.21	5.59	0.01	0.01	0.01	0.57	0.71	0.13	0.26	0.16	0.09	1.34	1.46	0.43	0.26	0.08	0.38	0.31	
AACGA	0.26	-0.03	-0.07	8.01	-9.62	0.76	0.44	-0.03	-1.51	-1.66	3.38	3.58	0.21	-0.11	-2.49	5.41	34.71	33.66	4.84	4.38	12.92	6.42	0.01	0.00	0.02	0.84	0.51	0.14	0.25	0.09	0.11	0.50	4.12	0.79	0.35	0.12	0.36	0.38	
AACGC	0.26	-0.02	-0.09	7.71	-9.91	0.88	0.44	0.03	-1.53	-1.71	3.40	3.56	0.21	-0.58	-2.93	4.65	35.06	33.41	4.68	4.42	12.96	5.85	0.01	0.00	0.01	0.49	0.48	0.10	0.21	0.10	0.09	0.43	3.82	0.87	0.17	0.07	0.59	1.05	
AACGG	0.26	-0.02	-0.10	8.65	-10.04	1.06	0.45	0.05	-1.51	-1.75	3.39	3.59	0.39	-0.90	-3.07	4.23	35.14	33.49	4.61	4.37	13.65	4.72	0.01	0.01	0.02	0.75	0.63	0.15	0.21	0.12	0.11	0.77	3.73	0.90	0.24	0.08	0.84	2.35	
AACGT	0.28	-0.03	-0.13	9.16	-10.39	0.99	0.48	-0.01	-1.52	-1.77	3.40	3.74	0.54	-0.17	-3.43	5.64	35.24	34.53	4.23	4.53	12.75	6.26	0.01	0.01	0.01	0.54	0.38	0.10	0.25	0.13	0.17	0.48	4.60	0.51	0.24	0.07	0.36	0.32	
AACTA	0.22	-0.02	0.08	1.66	-6.07	0.24	0.41	-0.28	-1.71	-1.75	3.56	3.44	-1.29	1.10	-4.61	-3.90	35.91	32.10	4.26	4.56	13.96	5.76	0.02	0.01	0.04	0.94	1.51	0.43	0.38	0.07	0.14	1.42	2.71	2.19	0.89	0.25	0.72	1.32	
AACTC	0.24	-0.03	0.07	1.89	-5.23	0.41	0.38	-0.19	-1.73	-1.80	3.54	3.46	-1.40	1.90	-4.38	-3.01	36.03	32.41	4.03	4.63	14.09	5.69	0.00	0.00	0.01	0.28	0.45	0.08	0.29	0.04	0.04	1.66	0.98	1.83	0.23	0.08	0.26	0.29	
AACTG	0.24	-0.03	0.09	1.58	-5.42	0.31	0.36	-0.22	-1.71	-1.72	3.50	3.38	-1.56	2.35	-3.28	-1.85	35.45	31.73	4.69	4.40	13.53	6.46	0.01	0.00	0.01	0.69	0.80	0.08	0.30	0.06	0.07	1.99	1.47	1.95	0.33	0.11	0.54	0.47	
AACTT	0.24	-0.03	0.06	1.95	-6.26	0.42	0.45	-0.36	-1.76	-1.85	3.57	3.62	-1.12	1.68	-5.19	-3.62	36.30	33.58	3.48	4.79	13.66	5.41	0.01	0.01	0.02	0.75	0.84	0.12	0.42	0.07	0.06	1.47	1.59	1.51	0.48	0.14	0.41	0.39	
AAGAA	-0.27	-0.04	0.12	3.89	-3.46	0.06	0.26	-0.33	-1.77	-1.51	3.40	3.44	-2.12	2.94	-1.79	-0.63	32.30	36.52	4.85	4.49	14.10	5.94	0.01	0.00	0.01	0.37	0.34	0.06	0.30	0.15	0.04	2.54	1.20	2.18	0.30	0.10	0.31	0.41	
AAGAC	-0.28	-0.03	0.12	3.39	-3.82	0.17	0.27	-0.17	-1.75	-1.51	3.43	3.34	-1.97	1.75	-2.15	-2.22	32.56	36.33	4.73	4.45	14.22	4.85	0.02	0.01	0.02	0.66	0.62	0.07	0.25	0.15	0.07	1.97	1.11	2.16	0.23	0.09	0.70	1.58	
AAGAG	-0.28	-0.03	0.09	3.02	-3.22	0.32	0.26	-0.15	-1.81	-1.66	3.43	3.41	-2.12	1.96	-1.76	-1.36	32.31	35.92	4.74	4.32	14.16	6.40	0.01	0.00	0.01	0.35	0.63	0.07	0.21	0.08	0.04	2.06	1.14	1.88	0.34	0.12	0.48	0.48	
AAGAT	-0.28	-0.02	0.08	2.52	-3.55	0.39	0.38	-0.21	-1.84	-1.67	3.58	3.52	-2.13	2.51	-2.78	-3.29	33.11	37.56	3.97	4.60	14.56	3.10	0.02	0.01	0.03	1.18	0.66	0.14	0.30	0.10	0.08	2.36	1.34	2.28	0.29	0.13	0.55	2.42	
AAGCA	-0.26	-0.02	0.18	4.04	-1.47	0.32	0.30	0.00	-1.76	-1.69	3.37	3.46	-2.19	0.66	-3.05	-3.31	32.29	37.13	4.62	4.45	13.97	6.07	0.01	0.01	0.02	0.58	0.46	0.10	0.16	0.06	0.06	1.44	1.14	2.47	0.40	0.12	0.36	0.61	
AAGCC	-0.26	-0.02	0.14	3.28	-1.55	0.43	0.35	-0.00	-1.81	-1.71	3.46	3.51	-1.75	0.91	-3.70	-4.25	32.49	37.73	4.08	4.52	14.46	4.74	0.01	0.01	0.02	0.87	0.48	0.11	0.20	0.07	0.05	1.37	1.34	2.68	0.50	0.15	0.44	1.79	
AAGCG	-0.26	-0.03	0.17	4.12	-1.91	0.27	0.31	-0.01	-1.76	-1.65	3.38	3.46	-2.11	1.05	-2.38	-2.72	32.27	37.15	4.74	4.36	13.56	6.56	0.01	0.00	0.02	0.60	0.35	0.05	0.17	0.06	0.05	1.60	0.65	2.47	0.19	0.05	0.23	0.18	
AAGCT	-0.25	-0.02	0.12	3.03	-1.56	0.37	0.36	-0.01	-1.83	-1.80	3.44	3.56	-1.77	-0.07	-3.24	-4.35	32.14	38.05	4.25	4.50	14.44	6.04	0.01	0.01	0.02	0.75	0.33	0.07	0.19	0.03	0.07	0.86	1.23	2.98	0.32	0.10	0.35	0.39	
AAGGA	-0.28	-0.02	0.18	4.75	-1.33	0.31	0.35	0.01	-1.82	-1.86	3.41	3.55	-2.36	2.12	-3.38	-1.91	32.55	34.90	4.38	4.46	14.38	5.89	0.00	0.01	0.02	0.51	0.27	0.07	0.17	0.03	0.08	2.25	0.91	1.22	0.22	0.05	0.26	0.16	
AAGGC	-0.28	-0.03	0.14	3.50	-1.50	0.28	0.33	0.07	-1.83	-1.86	3.44	3.46	-2.37	1.36	-2.55	-2.62	32.44	34.57	4.50	4.37	14.47	5.43	0.01	0.01	0.01	0.21	0.33	0.07	0.13	0.03	0.04	1.88	0.53	1.10	0.11	0.04	0.49	1.95	
AAGGG	-0.28	-0.01	0.16	5.26	-0.14	0.48	0.35	0.12	-1.85	-1.94	3.37	3.50	-2.25	1.31	-3.37	-3.54	31.94	34.22	4.40	4.36	14.80	5.91	0.00	0.01	0.01	0.25	0.38	0.08	0.12	0.06	0.07	1.79	0.99	1.19	0.28	0.09	0.23	0.35	
AAGGT	-0.28	-0.02	0.14	3.80	-1.48	0.56	0.41	-0.01	-1.91	-1.93	3.55	3.63	-2.58	2.18	-3.49	-3.27	32.77	35.68	3.81	4.53	14.85	3.64	0.02	0.01	0.02	0.87	0.84	0.14	0.27	0.07	0.08	2.52	1.66	1.55	0.31	0.14	0.47	2.15	
AAGTA	-0.26	-0.02	0.12	-0.26	-4.26	0.27	0.30	-0.25	-1.82	-1.69	3.52	3.43	-2.07	1.33	-3.52	-4.72	33.24	35.21	4.07	4.63	13.89	5.92	0.02	0.01	0.02	1.08	0.81	0.52	0.29	0.11	0.07	1.75	2.18	1.17	0.62	0.21	0.54	0.73	
AAGTC	-0.25	-0.02	0.08	-0.32	-4.07	0.41	0.34	-0.26	-1.85	-1.73	3.55	3.50	-1.85	1.74	-4.01	-5.04	33.16	35.44	3.81	4.67	14.18	5.50	0.02	0.01	0.03	0.94	0.83	0.11	0.32	0.10	0.07	1.85	1.77	1.32	0.58	0.17	0.37	0.56	
AAGTG	-0.26	-0.03	0.10	-0.34	-4.48	0.28	0.28	-0.24	-1.83	-1.68	3.51	3.45	-2.01	1.91	-2.79	-4.51	33.10	34.91	4.22	4.55	13.68	5.96	0.01	0.01	0.02	1.26	1.06	0.11	0.27	0.08	0.06	1.97	1.33	1.04	0.47	0.15	0.38	0.47	
AATAA	-0.11	-0.01	-0.08	7.00	-9.65	-0.84	0.18	-0.14	-1.53	-1.39	3.25	3.51	0.20	1.07	-3.91	8.21	32.44	34.83	5.48	4.32	12.77	6.67	0.07	0.01	0.04	0.84	0.82	0.57	0.18	0.10	0.13	0.54	6.34	1.47	0.46	0.19	0.42	0.50	
AATAC	-0.10	-0.01	-0.10	5.26	-10.45	-0.67	0.16	0.01	-1.53	-1.41	3.28	3.38	0.19	-0.45	-4.27	6.24	32.78	34.79	5.26	4.28	13.16	6.17	0.01	0.00	0.02	0.56	0.79	0.27	0.11	0.08	0.06	0.61	5.44	1.41	0.26	0.11	0.50	0.98	
AATAG	-0.13	0.01	-0.14	4.51	-11.61	-1.00	0.13	0.12	-1.48	-1.37	3.30	3.40	0.38	-0.61	-5.98	3.47	33.54	35.89	4.55	4.47	12.82	6.22	0.05	0.04	0.03	2.26	2.81	1.06	0.08	0.24	0.08	0.55	6.48	2.04	1.16	0.35	0.43	1.09	
AATAT	-0.10	-0.01	-0.17	4.93	-10.43	-0.45	0.15	-0.02	-1.59	-1.55	3.31	3.54	0.43	-0.59	-5.48	6.33	33.17	35.25	4.58	4.43	13.40	6.32	0.02	0.01	0.02	1.33	0.84	0.65	0.11	0.09	0.12	0.57	6.71	1.49	0.80	0.24	0.46	1.01	
AATCA	-0.10	-0.02	-0.18	4.83	-9.91	-0.39	0.19	0.27	-1.54	-1.59	3.30	3.42	0.76	-1.40	-4.75	-1.08	33.01	36.14	4.51	4.47	13.51	6.34	0.01	0.01	0.03	0.93	0.86	0.41	0.09	0.06	0.08	1.16	2.48	1.74	0.51	0.15	0.47	0.59	
AATCC	-0.09	-0.02	-0.22	4.52	-9.67	-0.06	0.19	0.21	-1.57	-1.61	3.33	3.46	0.86	-1.48	-5.81	-1.06	33.31	36.63	4.12	4.52	14.26	4.75	0.01	0.00	0.03	0.87	0.80	0.40	0.07	0.05	0.08	1.23	2.71	1.77	0.49	0.15	0.47	1.93	
AATCG	-0.11	-0.02	-0.17	4.39	-9.51	-0.49	0.13	0.22	-1.54	-1.52	3.29	3.38	0.58	-0.87	-4.90	-0.80	32.89	36.19	4.51	4.49	13.59	6.30	0.01	0.01	0.03	0.76	0.64	0.34	0.06	0.04	0.05	0.76	2.30	1.71	0.35	0.11	0.36	0.63	
AATCT	-0.07	-0.03	-0.26	3.88	-10.31	0.47	0.25	0.19	-1.55	-1.71	3.33	3.62	0.96	-3.06	-6.11	-2.71	33.30	37.53	3.89	4.61	14.12	5.73	0.01	0.01	0.02	1.02	0.85	0.65	0.12	0.09	0.19	2.08	3.39	2.30	0.72	0.25	0.53	0.72	
AATGA	-0.10	-0.01	-0.21	6.23	-9.02	0.00	0.21	0.29	-1.55	-1.59	3.30	3.58	0.87	-1.24	-6.08	3.80	32.87	34.98	4.55	4.42	13.44	6.18	0.01	0.01	0.03	1.14	0.98	0.47	0.13	0.08	0.15	1.12	5.36	1.29	0.52	0.15	0.50	0.63	
AATGC	-0.10	-0.02	-0.19	3.91	-9.59	-0.33	0.12	0.33	-1.52	-1.44	3.30	3.43	0.78	-1.74	-5.22	3.59	32.67	35.25	4.91	4.37	13.32	6.06	0.01	0.00	0.02	0.82	0.38	0.22	0.11	0.06	0.07	1.27	4.68	1.40	0.39	0.12	0.46	0.79	
AATGG	-0.09	-0.02	-0.20	5.67	-8.98	-0.35	0.16	0.40	-1.50	-1.53	3.26	3.44	0.96	-1.90	-4.16	3.60	32.12	34.87	5.10	4.27	13.34	6.66	0.01	0.01	0.02	0.47	0.45	0.25	0.14	0.05	0.10	1.44	4.01	1.41	0.26	0.08	0.46	0.45	
AATGT	-0.09	-0.01	-0.25	5.89	-10.82	0.31	0.25	0.30	-1.53	-1.57	3.33	3.66	1.13	-1.13	-6.22	4.78	33.33	36.13	4.11	4.54	12.90	5.96	0.01	0.01	0.04	1.40	1.16	0.68	0.13	0.08	0.18	1.18	5.93	1.58	0.67	0.18	0.86	1.07	
AATTA	-0.16	-0.03	-0.08	-0.87	-12.20	-1.44	-0.01	0.18	-1.58	-1.22	3.36	3.20	-0.02	1.57	-5.21	-2.38	33.31	35.92	4.41	4.59	13.14	6.19	0.01	0.01	0.03	1.09	0.82	0.25	0.12	0.19	0.09	0.85	2.29	1.47	0.61	0.20	0.41	0.72	
AATTC	-0.16	-0.02	-0.09	-1.22	-11.18	-0.96	0.05	0.12	-1.64	-1.27	3.39	3.25	0.13	1.92	-6.49	-3.59	33.75	36.17	3.75	4.73	13.53	5.41	0.02	0.00	0.02	1.29	0.70	0.26	0.09	0.19	0.08	0.94	1.87	1.30	0.51	0.12	0.33	0.50	
AATTG	-0.16	-0.03	-0.08	-1.18	-11.93	-1.53	-0.00	0.14	-1.59	-1.20	3.36	3.20	0.03	2.20	-5.32	-2.97	33.37	35.62	4.47	4.54	13.00	6.05	0.02	0.01	0.02	1.04	0.94	0.31	0.10	0.20	0.08	1.13	1.89	1.33	0.46	0.14	0.32	0.55	
ACAAA	0.09	-0.03	-0.25	2.71	-12.03	-1.70	-0.50	-0.13	-1.16	-1.03	3.44	3.16	2.06	-1.61	6.09	-2.56	35.41	35.77	5.34	4.42	12.34	6.30	0.01	0.01	0.04	1.56	0.62	0.36	0.20	0.10	0.14	1.86	4.59	0.53	0.32	0.10	0.48	0.38	
ACAAC	0.09	-0.03	-0.23	2.61	-11.70	-1.41	-0.47	0.02	-1.16	-1.14	3.40	3.12	2.26	-2.03	6.20	-2.89	35.22	35.04	5.76	4.17	13.24	4.53	0.01	0.01	0.04	2.20	0.50	0.32	0.25	0.08	0.15	2.16	4.62	0.47	0.22	0.15	0.76	2.99	
ACAAG	0.09	-0.03	-0.26	0.56	-10.72	-1.08	-0.46	0.04	-1.28	-1.21	3.47	3.11	2.00	-2.48	5.65	-3.95	35.43	35.05	5.03	4.27	13.09	6.58	0.01	0.00	0.03	2.00	0.66	0.24	0.25	0.09	0.19	2.25	4.87	0.46	0.27	0.06	0.35	0.38	
ACAAT	0.09	-0.03	-0.33	-2.60	-11.94	-0.52	-0.43	-0.14	-1.39	-1.20	3.57	3.20	2.15	-2.42	6.33	-2.44	35.55	35.43	4.96	4.38	12.90	6.01	0.01	0.00	0.06	2.42	1.10	1.01	0.16	0.13	0.20	2.29	4.45	0.60	0.43	0.11	0.63	1.32	
ACACA	0.10	-0.03	0.05	5.80	-9.32	-0.94	-0.38	0.39	-1.19	-1.48	3.33	3.33	0.31	-0.56	3.50	-2.65	35.34	33.88	5.34	4.21	13.00	5.99	0.01	0.01	0.05	1.95	0.47	0.27	0.40	0.17	0.07	0.96	3.71	1.00	0.37	0.09	0.81	1.69	
ACACC	0.11	-0.03	-0.02	4.94	-8.57	-0.67	-0.29	0.32	-1.27	-1.54	3.30	3.37	1.03	-0.85	3.95	-2.98	34.83	34.37	5.31	4.15	13.60	5.68	0.01	0.01	0.03	1.14	0.51	0.25	0.31	0.15	0.05	0.97	3.53	0.39	0.33	0.07	0.77	1.80	
ACACG	0.10	-0.03	-0.01	4.45	-9.43	-0.81	-0.34	0.31	-1.22	-1.45	3.32	3.32	0.84	-0.67	4.66	-2.25	35.35	33.84	5.46	4.15	12.20	7.25	0.01	0.01	0.03	1.41	0.36	0.24	0.33	0.13	0.04	0.79	3.50	0.81	0.20	0.06	0.34	0.22	
ACACT	0.11	-0.03	-0.06	3.09	-8.48	-0.30	-0.22	0.33	-1.38	-1.72	3.37	3.44	1.03	-1.86	3.69	-3.59	34.61	34.27	4.98	4.21	13.57	6.32	0.01	0.01	0.04	1.95	0.94	0.41	0.30	0.19	0.06	1.55	3.86	0.96	0.46	0.18	0.38	1.30	
ACAGA	0.08	-0.03	-0.04	2.68	-7.00	-0.80	-0.27	0.23	-1.37	-1.68	3.33	3.33	0.90	-2.41	3.72	-1.93	35.00	31.60	5.29	4.20	13.80	6.41	0.01	0.01	0.04	1.04	0.52	0.26	0.25	0.16	0.04	1.67	3.00	1.74	0.20	0.09	0.37	0.41	
ACAGC	0.08	-0.03	-0.10	0.46	-7.34	-0.51	-0.29	0.23	-1.46	-1.68	3.44	3.28	0.64	-2.51	5.07	-2.10	35.03	31.35	5.25	4.09	13.19	7.10	0.01	0.00	0.03	0.96	0.61	0.17	0.26	0.12	0.09	1.60	3.69	1.87	0.20	0.06	0.42	0.28	
ACAGG	0.08	-0.03	-0.07	2.15	-6.78	-0.41	-0.24	0.27	-1.44	-1.76	3.39	3.30	0.61	-2.61	4.68	-2.48	34.61	31.34	5.38	4.08	13.37	7.18	0.01	0.01	0.05	1.67	0.57	0.22	0.26	0.17	0.07	1.65	3.82	1.71	0.29	0.11	0.53	0.45	
ACAGT	0.09	-0.02	-0.12	0.62	-8.12	-0.32	-0.25	0.22	-1.47	-1.72	3.43	3.39	0.93	-2.62	4.57	-1.83	34.72	31.75	5.04	4.17	13.74	6.10	0.01	0.01	0.04	1.63	0.90	0.24	0.26	0.14	0.07	1.86	3.48	1.63	0.49	0.12	0.88	1.59	
ACATA	0.07	-0.02	-0.17	-3.28	-8.52	-0.19	-0.35	0.01	-1.50	-1.49	3.56	3.22	0.77	-0.83	5.25	-4.60	35.73	32.26	5.08	4.26	13.78	5.04	0.01	0.01	0.06	1.68	0.80	0.43	0.19	0.06	0.20	0.93	5.08	1.81	0.25	0.11	0.77	2.44	
ACATC	0.09	-0.02	-0.19	-2.73	-8.65	-0.29	-0.34	0.01	-1.51	-1.49	3.53	3.24	1.01	-0.36	5.15	-4.91	35.37	32.37	4.89	4.28	13.48	6.35	0.01	0.01	0.03	1.58	0.72	0.31	0.19	0.07	0.16	0.86	5.25	1.61	0.37	0.12	0.62	1.08	
ACATG	0.08	-0.01	-0.24	-3.58	-10.15	-0.25	-0.36	-0.07	-1.48	-1.45	3.55	3.25	1.39	-0.16	5.73	-4.34	35.70	32.18	5.00	4.21	13.70	3.96	0.01	0.01	0.05	1.79	0.94	0.43	0.16	0.06	0.16	0.83	5.11	1.80	0.24	0.12	0.89	2.73	
ACCAA	0.25	-0.04	0.11	1.12	-4.69	0.19	-0.06	-0.49	-1.74	-1.39	3.45	3.44	-1.35	2.71	-0.94	4.34	34.70	34.60	4.85	4.39	13.10	6.49	0.00	0.01	0.02	0.79	0.82	0.07	0.22	0.18	0.05	2.08	3.01	0.38	0.35	0.10	0.51	0.38	
ACCAC	0.25	-0.05	0.10	0.68	-5.00	0.16	-0.09	-0.30	-1.71	-1.38	3.40	3.29	-0.80	1.43	-0.49	3.44	34.37	34.13	5.50	4.11	14.21	4.08	0.01	0.00	0.01	0.57	0.50	0.07	0.11	0.17	0.07	1.17	2.03	0.41	0.17	0.08	0.68	2.02	
ACCAG	0.26	-0.04	0.07	0.67	-4.44	0.24	-0.05	-0.30	-1.76	-1.53	3.42	3.38	-0.75	1.51	-0.64	3.29	34.39	34.17	5.31	4.12	13.78	6.18	0.01	0.00	0.02	0.86	0.45	0.07	0.13	0.12	0.05	1.19	2.03	0.31	0.12	0.09	0.57	2.21	
ACCAT	0.27	-0.05	0.06	0.80	-4.33	0.26	-0.03	-0.39	-1.78	-1.54	3.44	3.49	-0.94	1.94	-1.22	4.17	34.55	34.87	4.91	4.28	14.04	5.00	0.01	0.01	0.02	1.00	0.55	0.07	0.18	0.13	0.06	1.48	2.78	0.35	0.24	0.10	0.79	2.15	
ACCCA	0.28	-0.04	0.04	-0.71	-3.38	0.34	-0.06	-0.13	-1.81	-1.82	3.48	3.39	-0.87	-0.65	-1.42	-1.98	34.63	33.69	4.68	4.27	14.39	5.20	0.01	0.01	0.03	0.94	0.56	0.08	0.05	0.05	0.07	0.30	1.14	0.69	0.40	0.16	0.65	2.46	
ACCCC	0.29	-0.04	-0.01	0.38	-2.37	0.41	-0.03	-0.09	-1.84	-1.89	3.45	3.42	-0.62	-0.44	-1.80	-2.33	34.28	33.46	4.60	4.19	15.33	4.30	0.01	0.01	0.02	0.66	0.56	0.06	0.07	0.05	0.04	0.29	0.96	0.60	0.15	0.09	0.40	2.06	
ACCCG	0.27	-0.04	0.04	-0.44	-3.53	0.27	-0.07	-0.13	-1.81	-1.79	3.47	3.38	-0.83	-0.29	-0.94	-1.76	34.56	33.51	4.76	4.24	13.86	6.93	0.01	0.00	0.02	1.05	0.56	0.07	0.05	0.04	0.06	0.39	0.70	0.64	0.28	0.12	0.33	0.32	
ACCCT	0.30	-0.05	-0.02	-0.03	-2.62	0.46	-0.00	-0.10	-1.85	-1.95	3.48	3.51	-0.50	-1.26	-2.05	-2.82	34.42	34.18	4.36	4.29	15.21	4.32	0.01	0.00	0.02	0.73	0.48	0.06	0.07	0.07	0.03	0.48	0.91	0.45	0.17	0.11	0.47	2.39	
ACCGA	0.25	-0.04	0.04	0.94	-4.29	0.33	-0.08	-0.10	-1.78	-1.64	3.45	3.43	-0.94	0.88	-0.79	3.35	34.23	32.64	5.16	4.15	13.72	6.41	0.01	0.01	0.01	0.86	0.99	0.09	0.06	0.10	0.05	1.01	2.22	0.86	0.24	0.07	0.48	1.17	
ACCGC	0.25	-0.04	0.03	0.53	-4.55	0.35	-0.06	-0.01	-1.75	-1.66	3.43	3.38	-0.54	0.54	-0.62	2.79	34.31	32.31	5.08	4.15	14.00	5.47	0.01	0.00	0.02	0.61	0.45	0.05	0.04	0.06	0.04	0.60	1.75	1.05	0.18	0.08	0.73	1.39	
ACCGG	0.25	-0.04	-0.00	2.36	-5.03	0.36	-0.06	0.01	-1.70	-1.69	3.40	3.41	-0.35	-0.17	-0.38	2.54	34.21	32.44	5.11	4.11	13.72	6.31	0.01	0.00	0.02	0.66	0.60	0.08	0.05	0.04	0.05	0.37	1.88	0.96	0.19	0.09	0.84	1.78	
ACCGT	0.27	-0.04	-0.00	1.69	-4.79	0.40	-0.06	-0.06	-1.75	-1.72	3.45	3.53	-0.69	0.94	-1.15	3.68	34.44	33.29	4.68	4.24	13.63	6.32	0.01	0.00	0.02	0.82	0.44	0.07	0.07	0.05	0.08	0.98	2.44	0.66	0.32	0.08	0.65	1.71	
ACCTA	0.25	-0.02	0.15	-4.01	-1.54	0.34	-0.07	-0.27	-1.90	-1.80	3.55	3.31	-1.81	1.98	-1.78	-2.67	34.99	31.60	4.60	4.33	14.50	5.97	0.02	0.01	0.01	0.46	0.53	0.11	0.11	0.07	0.13	1.96	1.01	1.73	0.37	0.11	0.68	1.57	
ACCTC	0.26	-0.02	0.13	-3.23	-0.88	0.38	-0.05	-0.24	-1.92	-1.83	3.56	3.35	-1.86	2.32	-2.35	-3.29	34.93	31.51	4.44	4.32	15.02	4.88	0.01	0.01	0.02	0.59	0.47	0.07	0.11	0.06	0.12	2.11	1.28	1.77	0.26	0.13	0.41	1.58	
ACCTG	0.25	-0.02	0.15	-4.09	-1.68	0.32	-0.06	-0.31	-1.92	-1.79	3.57	3.36	-1.88	2.65	-1.63	-2.62	35.08	31.58	4.58	4.31	14.45	4.87	0.01	0.01	0.02	0.47	0.31	0.09	0.13	0.07	0.11	2.28	0.71	1.79	0.31	0.11	0.66	2.36	
ACGAA	-0.29	-0.04	-0.08	-2.20	-6.66	0.40	-0.05	-0.29	-1.62	-1.41	3.54	3.36	-0.27	1.45	5.34	-0.42	33.77	35.95	5.12	4.29	13.92	4.68	0.02	0.01	0.04	1.47	0.47	0.13	0.13	0.13	0.12	0.97	3.02	1.12	0.21	0.08	0.86	2.22	
ACGAC	-0.28	-0.04	-0.03	-0.47	-6.61	0.32	-0.06	-0.10	-1.51	-1.36	3.42	3.21	0.13	0.23	5.01	-2.42	33.73	35.70	5.31	4.24	13.38	6.72	0.01	0.01	0.02	1.09	0.54	0.07	0.07	0.10	0.11	0.39	3.84	1.14	0.28	0.07	0.43	0.43	
ACGAG	-0.29	-0.05	-0.07	-2.02	-6.50	0.37	-0.06	-0.13	-1.59	-1.43	3.48	3.25	0.15	0.07	4.47	-2.01	33.69	35.94	5.13	4.20	13.67	6.54	0.00	0.00	0.01	0.48	0.33	0.04	0.04	0.09	0.11	0.23	3.33	1.16	0.17	0.06	0.25	0.30	
ACGAT	-0.28	-0.04	-0.10	-3.42	-6.85	0.50	0.02	-0.21	-1.68	-1.50	3.58	3.34	0.12	0.49	4.65	-1.68	33.64	36.22	4.74	4.34	13.54	6.50	0.01	0.00	0.03	1.20	0.43	0.07	0.12	0.11	0.14	0.47	3.30	1.42	0.29	0.09	0.39	0.38	
ACGCA	-0.28	-0.04	0.04	-1.18	-4.25	0.34	-0.04	-0.03	-1.60	-1.50	3.46	3.36	-0.69	-0.65	4.21	-1.26	33.71	35.83	5.30	4.21	12.55	6.99	0.00	0.00	0.02	0.39	0.28	0.04	0.04	0.07	0.06	0.21	2.78	1.08	0.36	0.07	0.17	0.14	
ACGCC	-0.27	-0.04	0.03	-0.29	-3.63	0.41	0.05	0.03	-1.62	-1.57	3.44	3.39	-0.48	-0.11	3.67	-2.08	33.32	36.54	5.04	4.21	13.59	6.34	0.01	0.01	0.03	0.94	0.45	0.07	0.04	0.07	0.04	0.30	2.93	1.65	0.17	0.03	0.70	1.45	
ACGCG	-0.27	-0.03	-0.00	-1.59	-4.73	0.46	0.03	-0.03	-1.65	-1.56	3.47	3.40	-0.33	-0.41	4.51	-1.66	33.20	36.35	5.09	4.17	14.72	2.30	0.01	0.00	0.02	0.99	0.30	0.06	0.05	0.06	0.06	0.30	3.11	1.62	0.19	0.07	0.62	1.63	
ACGCT	-0.27	-0.03	-0.01	-1.77	-3.93	0.50	0.08	0.01	-1.69	-1.65	3.49	3.45	-0.34	-1.18	3.70	-2.63	33.00	37.02	4.90	4.25	13.60	6.69	0.01	0.00	0.01	0.16	0.18	0.05	0.05	0.04	0.04	0.45	3.24	2.05	0.20	0.07	0.23	0.26	
ACGGA	-0.27	-0.04	0.08	1.40	-3.36	0.19	0.02	0.04	-1.63	-1.71	3.40	3.47	-0.99	0.82	2.56	-2.10	33.01	34.60	4.84	4.34	14.03	6.42	0.01	0.02	0.06	1.99	0.47	0.19	0.06	0.07	0.12	0.94	3.64	1.57	0.71	0.35	0.79	0.58	
ACGGC	-0.28	-0.05	0.02	-0.54	-3.97	0.30	0.03	0.09	-1.65	-1.71	3.48	3.35	-0.97	0.27	3.91	-1.49	33.55	33.74	5.07	4.16	13.39	6.53	0.01	0.00	0.02	0.88	0.28	0.05	0.04	0.06	0.08	0.68	2.75	0.28	0.17	0.06	0.63	1.65	
ACGGG	-0.28	-0.04	0.04	0.72	-2.81	0.34	0.05	0.09	-1.67	-1.77	3.45	3.38	-1.07	0.23	2.76	-2.05	33.23	33.75	4.91	4.15	13.89	6.78	0.01	0.00	0.01	0.18	0.32	0.04	0.03	0.06	0.04	0.68	2.44	0.32	0.11	0.03	0.16	0.12	
ACGTA	-0.29	-0.03	-0.05	-6.33	-7.92	0.64	-0.04	-0.27	-1.69	-1.48	3.61	3.31	-0.25	-0.19	5.09	-2.68	34.34	34.30	4.99	4.29	12.66	6.99	0.01	0.00	0.02	0.79	0.41	0.09	0.13	0.11	0.15	0.26	3.94	0.30	0.35	0.11	0.25	0.36	
ACGTC	-0.28	-0.03	-0.07	-5.94	-7.92	0.72	0.03	-0.27	-1.69	-1.51	3.60	3.36	0.02	0.28	5.05	-3.06	34.30	34.58	4.74	4.38	13.07	6.61	0.01	0.00	0.02	0.66	0.31	0.06	0.15	0.10	0.12	0.23	4.10	0.28	0.18	0.05	0.34	0.42	
ACGTG	-0.28	-0.03	-0.09	-7.66	-8.78	0.64	-0.04	-0.33	-1.71	-1.45	3.69	3.32	-0.22	0.13	6.03	-3.13	34.58	34.05	4.98	4.29	13.08	5.41	0.01	0.00	0.03	1.03	0.22	0.05	0.15	0.14	0.21	0.48	4.62	0.39	0.35	0.05	1.01	2.83	
ACTAA	-0.11	-0.03	-0.05	2.79	-8.10	-0.99	-0.20	-0.10	-1.70	-1.44	3.28	3.47	1.84	1.30	-0.98	7.88	31.57	34.45	5.79	3.97	12.89	7.24	0.01	0.00	0.03	0.68	0.50	0.17	0.06	0.14	0.10	0.38	4.64	1.51	0.30	0.15	0.38	0.37	
ACTAC	-0.12	-0.03	-0.03	1.64	-8.16	-0.92	-0.23	0.02	-1.70	-1.42	3.31	3.28	1.84	-0.23	-1.63	4.89	31.68	34.24	5.63	3.98	13.71	6.59	0.01	0.01	0.05	1.75	0.97	0.35	0.16	0.16	0.08	1.20	3.76	1.56	0.28	0.15	0.54	1.18	
ACTAG	-0.11	-0.02	-0.01	-0.32	-7.44	-0.52	-0.22	-0.04	-1.78	-1.47	3.39	3.32	1.56	0.04	-2.86	3.55	32.22	35.00	5.32	4.06	13.73	6.90	0.01	0.00	0.03	1.44	0.25	0.14	0.10	0.16	0.06	0.78	3.33	1.42	0.12	0.08	0.26	0.33	
ACTAT	-0.13	-0.00	-0.06	0.48	-8.26	-0.91	-0.26	-0.05	-1.73	-1.37	3.39	3.38	1.85	-0.07	-3.25	3.79	31.86	35.53	4.87	4.17	13.42	6.44	0.05	0.05	0.05	1.58	1.94	0.78	0.17	0.27	0.10	1.23	5.48	2.39	1.14	0.28	0.60	1.26	
ACTCA	-0.11	-0.02	-0.06	-1.21	-7.50	-0.38	-0.25	0.13	-1.78	-1.54	3.39	3.28	2.14	-0.98	-2.78	-1.75	32.14	35.29	4.81	4.29	14.29	6.48	0.02	0.01	0.03	0.96	0.61	0.36	0.20	0.13	0.07	1.57	1.38	1.63	0.44	0.11	0.58	0.37	
ACTCC	-0.09	-0.02	-0.09	-0.03	-6.75	-0.09	-0.20	0.13	-1.78	-1.56	3.37	3.31	2.23	-0.79	-2.84	-2.01	31.81	35.78	4.70	4.24	14.79	5.67	0.01	0.01	0.04	1.19	0.69	0.26	0.18	0.12	0.06	1.54	1.39	2.07	0.30	0.11	0.39	1.45	
ACTCG	-0.11	-0.02	-0.08	-0.72	-7.78	-0.47	-0.22	0.14	-1.77	-1.51	3.37	3.28	2.21	-0.48	-1.90	-1.04	31.96	35.21	4.98	4.20	13.79	6.93	0.01	0.01	0.03	1.10	0.38	0.19	0.18	0.14	0.06	1.37	0.72	1.68	0.32	0.13	0.25	0.35	
ACTCT	-0.07	-0.03	-0.16	-0.54	-7.83	0.06	-0.15	0.15	-1.79	-1.69	3.37	3.42	2.80	-2.24	-1.51	-0.84	31.76	35.66	4.75	4.23	14.26	6.88	0.01	0.00	0.01	1.06	0.39	0.23	0.15	0.07	0.05	2.52	0.98	2.01	0.10	0.05	0.35	0.17	
ACTGA	-0.10	-0.03	-0.09	0.23	-7.10	-0.51	-0.22	0.21	-1.74	-1.44	3.34	3.42	2.41	-0.55	-1.92	5.08	31.46	34.42	5.40	4.09	14.11	5.54	0.01	0.00	0.03	0.83	0.31	0.30	0.22	0.16	0.06	1.53	3.55	1.49	0.34	0.04	0.69	1.92	
ACTGC	-0.11	-0.03	-0.13	1.05	-7.79	-0.54	-0.21	0.32	-1.69	-1.49	3.34	3.36	2.68	-1.28	-1.42	3.67	31.50	33.95	5.37	4.03	13.55	6.89	0.01	0.01	0.04	1.45	0.77	0.27	0.28	0.12	0.06	2.02	2.78	1.33	0.28	0.11	0.56	1.07	
ACTGG	-0.11	-0.03	-0.13	1.78	-7.24	-0.53	-0.20	0.31	-1.67	-1.49	3.31	3.38	2.63	-1.43	-1.82	3.28	31.51	34.42	5.38	4.06	13.79	6.37	0.01	0.00	0.02	1.01	0.48	0.18	0.26	0.10	0.05	2.05	2.61	1.48	0.13	0.09	0.53	1.95	
ACTTA	-0.16	-0.02	0.04	-6.47	-9.96	-0.98	-0.33	0.02	-1.81	-1.25	3.51	3.12	1.94	1.54	-2.87	-3.58	33.06	35.16	4.62	4.41	13.71	6.30	0.01	0.01	0.03	1.14	0.46	0.23	0.18	0.29	0.20	0.29	1.05	1.11	0.38	0.11	0.28	0.34	
ACTTC	-0.14	-0.01	0.02	-5.73	-8.83	-0.53	-0.30	0.02	-1.84	-1.27	3.50	3.14	1.97	2.14	-3.34	-4.15	32.77	35.24	4.38	4.40	14.39	4.74	0.01	0.01	0.03	0.97	0.61	0.25	0.17	0.29	0.18	0.31	1.20	1.33	0.27	0.11	0.27	0.94	
ACTTG	-0.15	-0.02	0.03	-6.90	-10.21	-1.23	-0.34	-0.02	-1.82	-1.22	3.51	3.13	2.03	2.17	-2.35	-3.59	33.13	34.94	4.78	4.34	13.31	6.29	0.02	0.01	0.03	1.21	0.75	0.67	0.17	0.30	0.20	0.27	1.11	0.99	0.53	0.15	0.27	0.49	
AGAAA	0.07	-0.04	-0.28	0.75	-10.55	-0.67	-0.29	-0.24	-1.54	-1.08	3.45	3.18	3.20	-1.58	-0.69	-2.61	36.43	36.02	4.69	4.53	13.72	5.89	0.01	0.01	0.03	1.02	0.21	0.19	0.04	0.24	0.14	2.39	1.40	0.61	0.20	0.11	0.25	0.28	
AGAAC	0.07	-0.03	-0.24	1.88	-10.59	-0.65	-0.34	-0.14	-1.48	-1.09	3.42	3.10	2.71	-2.29	-0.56	-3.03	36.45	35.70	4.92	4.40	13.61	6.40	0.01	0.00	0.03	1.36	0.50	0.19	0.11	0.21	0.16	2.51	1.57	0.66	0.27	0.10	0.37	0.49	
AGAAG	0.07	-0.03	-0.27	0.82	-10.30	-0.32	-0.29	-0.02	-1.54	-1.25	3.49	3.17	3.21	-2.31	-1.65	-4.10	36.79	35.47	4.64	4.45	14.12	5.93	0.01	0.00	0.02	0.93	0.40	0.42	0.14	0.15	0.18	2.77	2.56	0.97	0.44	0.17	0.35	0.60	
AGAAT	0.08	-0.03	-0.29	-0.42	-10.15	-0.39	-0.26	-0.15	-1.59	-1.21	3.49	3.20	3.35	-2.31	-1.42	-3.86	36.60	36.11	4.42	4.52	14.09	5.82	0.01	0.00	0.02	0.70	0.48	0.24	0.08	0.19	0.15	2.83	1.45	0.42	0.26	0.06	0.25	0.24	
AGACA	0.08	-0.01	0.01	5.34	-8.49	-0.11	-0.18	0.26	-1.42	-1.55	3.28	3.36	1.37	-0.94	-1.88	-2.80	36.49	34.36	4.97	4.29	13.52	6.71	0.01	0.01	0.02	1.31	0.27	0.24	0.22	0.07	0.04	1.17	0.75	1.11	0.20	0.05	0.12	0.16	
AGACC	0.09	-0.02	-0.08	4.49	-8.04	0.21	-0.15	0.21	-1.51	-1.63	3.33	3.41	1.91	-1.23	-1.90	-3.28	36.10	34.76	4.69	4.25	14.58	4.89	0.01	0.00	0.04	0.47	0.35	0.30	0.18	0.08	0.04	1.58	0.99	0.78	0.15	0.09	0.43	2.19	
AGACG	0.09	-0.01	-0.03	5.23	-8.81	0.11	-0.21	0.22	-1.46	-1.54	3.30	3.37	1.48	-0.79	-2.02	-2.97	36.41	34.61	4.79	4.19	14.05	4.19	0.02	0.01	0.03	1.78	0.88	0.46	0.24	0.09	0.05	1.26	0.87	1.37	0.17	0.17	0.76	2.88	
AGACT	0.09	-0.02	-0.11	2.81	-7.81	0.39	-0.09	0.18	-1.58	-1.74	3.37	3.48	2.24	-2.42	-2.00	-3.59	36.01	34.89	4.59	4.32	14.54	6.48	0.00	0.01	0.03	0.55	0.41	0.28	0.14	0.09	0.06	2.33	1.41	0.74	0.33	0.11	0.18	0.49	
AGAGA	0.06	-0.02	-0.08	2.57	-6.62	-0.00	-0.14	0.15	-1.61	-1.76	3.36	3.34	1.63	-2.46	-1.55	-1.87	35.80	31.70	4.99	4.22	14.59	6.57	0.01	0.01	0.04	0.96	0.78	0.27	0.15	0.09	0.02	2.06	1.26	2.10	0.22	0.08	0.29	0.30	
AGAGC	0.06	-0.02	-0.08	1.99	-6.50	-0.10	-0.15	0.19	-1.61	-1.76	3.36	3.31	1.62	-2.51	-1.41	-2.48	35.84	31.62	5.03	4.20	14.41	6.63	0.00	0.00	0.02	0.78	0.38	0.12	0.17	0.08	0.03	2.07	0.68	2.13	0.06	0.03	0.23	0.29	
AGAGG	0.06	-0.02	-0.09	3.19	-6.38	0.23	-0.12	0.21	-1.64	-1.84	3.35	3.35	1.61	-2.65	-1.11	-2.50	35.39	31.47	4.98	4.12	14.68	6.41	0.01	0.01	0.04	1.00	0.77	0.18	0.17	0.11	0.04	2.16	1.39	2.04	0.28	0.12	0.41	1.55	
AGATA	0.07	-0.02	-0.16	-2.59	-8.23	-0.13	-0.17	-0.07	-1.67	-1.52	3.47	3.24	2.29	-0.67	-1.03	-4.23	36.52	32.48	4.85	4.34	13.84	6.83	0.01	0.00	0.05	0.86	0.50	0.21	0.10	0.11	0.12	1.59	2.03	2.21	0.28	0.10	0.32	0.47	
AGATC	0.08	-0.02	-0.21	-1.95	-8.23	0.19	-0.17	-0.03	-1.68	-1.54	3.49	3.27	2.56	-0.26	-1.68	-5.42	36.67	32.84	4.37	4.41	14.67	5.37	0.01	0.01	0.04	1.19	0.53	0.28	0.09	0.08	0.11	1.44	2.13	1.97	0.34	0.09	0.39	1.39	
AGATG	0.08	-0.02	-0.16	-0.83	-7.85	-0.14	-0.20	0.00	-1.63	-1.51	3.43	3.24	2.07	0.01	-1.27	-5.19	36.48	32.25	4.77	4.32	14.03	6.63	0.01	0.00	0.02	0.63	0.45	0.19	0.11	0.07	0.10	1.04	2.23	2.17	0.25	0.07	0.35	0.35	
AGCAA	0.24	-0.03	0.08	1.94	-3.36	0.31	0.01	-0.51	-1.68	-1.42	3.45	3.45	0.67	2.30	-3.02	3.78	36.94	34.41	5.00	4.38	13.63	6.29	0.01	0.01	0.02	0.71	0.46	0.07	0.26	0.14	0.04	0.84	3.59	1.36	0.38	0.12	0.34	0.31	
AGCAC	0.25	-0.04	0.09	1.44	-3.79	0.28	-0.04	-0.32	-1.63	-1.39	3.43	3.30	0.57	1.10	-1.72	2.98	36.67	33.97	5.47	4.17	13.94	5.15	0.01	0.00	0.02	0.47	0.28	0.07	0.14	0.13	0.08	0.34	2.44	1.39	0.18	0.11	0.67	2.35	
AGCAG	0.25	-0.03	0.08	1.10	-3.60	0.36	-0.03	-0.36	-1.68	-1.51	3.45	3.39	0.62	1.31	-2.72	3.81	36.97	33.85	4.96	4.29	13.76	6.41	0.01	0.01	0.02	0.81	0.37	0.06	0.17	0.09	0.05	0.41	3.42	1.60	0.39	0.15	0.54	1.04	
AGCAT	0.26	-0.04	0.04	1.96	-3.68	0.33	0.03	-0.39	-1.66	-1.52	3.44	3.48	0.87	1.61	-2.20	4.59	36.89	34.56	5.13	4.24	14.16	4.86	0.00	0.00	0.02	0.73	0.27	0.04	0.21	0.08	0.04	0.40	3.48	1.21	0.18	0.06	0.69	1.44	
AGCCA	0.27	-0.03	0.05	-0.29	-2.76	0.43	-0.01	-0.14	-1.69	-1.80	3.49	3.38	0.83	-0.86	-3.86	-2.38	37.62	33.38	4.52	4.35	14.30	5.97	0.01	0.01	0.04	1.46	0.37	0.08	0.08	0.07	0.07	0.89	1.53	2.17	0.46	0.16	0.47	1.54	
AGCCC	0.28	-0.04	0.01	0.64	-2.48	0.43	0.02	-0.12	-1.68	-1.82	3.47	3.40	1.03	-0.67	-2.95	-1.95	37.30	33.49	4.71	4.23	14.85	5.92	0.01	0.00	0.02	0.87	0.44	0.06	0.07	0.08	0.05	0.86	1.00	1.94	0.11	0.04	0.44	1.21	
AGCCG	0.27	-0.04	0.02	0.77	-3.04	0.34	0.00	-0.12	-1.66	-1.77	3.46	3.38	0.95	-0.50	-2.14	-1.44	37.23	33.27	4.98	4.17	13.97	6.64	0.01	0.00	0.01	0.40	0.29	0.06	0.06	0.07	0.04	0.75	0.54	2.02	0.12	0.07	0.49	0.88	
AGCCT	0.29	-0.04	-0.01	0.24	-2.34	0.54	0.05	-0.14	-1.72	-1.90	3.50	3.49	1.23	-1.62	-3.85	-2.59	37.47	34.05	4.43	4.33	15.03	5.12	0.00	0.00	0.03	1.00	0.23	0.06	0.10	0.10	0.03	1.43	0.92	1.75	0.14	0.07	0.29	2.40	
AGCGA	0.24	-0.03	0.02	1.43	-3.56	0.40	-0.00	-0.18	-1.65	-1.59	3.45	3.40	1.04	-0.05	-2.29	4.15	36.83	32.44	5.24	4.20	13.69	6.81	0.01	0.00	0.01	0.56	0.65	0.06	0.12	0.08	0.05	0.89	3.34	2.30	0.30	0.09	0.36	0.22	
AGCGC	0.25	-0.03	0.02	1.32	-3.87	0.44	-0.01	-0.02	-1.64	-1.66	3.44	3.37	1.09	0.01	-1.92	2.89	36.76	32.08	5.26	4.11	14.45	4.75	0.01	0.00	0.01	0.55	0.37	0.04	0.03	0.04	0.04	0.59	2.47	2.36	0.12	0.07	0.55	1.38	
AGCGG	0.25	-0.03	0.00	2.00	-3.78	0.47	0.00	-0.05	-1.63	-1.67	3.43	3.39	1.25	-0.36	-1.90	2.65	36.72	32.32	5.17	4.13	14.01	6.07	0.01	0.00	0.01	0.32	0.15	0.06	0.04	0.04	0.04	0.85	2.34	2.22	0.17	0.08	0.62	2.10	
AGCTA	0.25	-0.02	0.14	-2.94	-1.30	0.32	-0.02	-0.25	-1.76	-1.77	3.52	3.28	-0.08	1.47	-2.66	-2.32	37.56	31.13	5.02	4.24	14.29	6.67	0.01	0.00	0.01	0.48	0.24	0.08	0.12	0.03	0.12	0.79	0.56	3.22	0.28	0.09	0.45	0.80	
AGCTC	0.25	-0.02	0.12	-2.49	-0.83	0.35	0.01	-0.24	-1.77	-1.79	3.53	3.33	0.03	1.97	-3.25	-2.73	37.66	31.34	4.72	4.30	14.79	5.62	0.01	0.01	0.01	0.59	0.32	0.06	0.13	0.03	0.10	1.00	0.65	3.16	0.14	0.08	0.38	1.96	
AGCTG	0.24	-0.02	0.12	-2.22	-1.38	0.28	-0.01	-0.27	-1.76	-1.74	3.52	3.32	0.02	2.25	-2.57	-2.34	37.52	31.10	4.83	4.29	14.53	4.47	0.01	0.00	0.01	0.68	0.38	0.06	0.13	0.04	0.11	1.14	0.54	3.23	0.20	0.10	0.51	2.78	
AGGAA	-0.31	-0.05	-0.05	-0.45	-4.88	0.31	0.06	-0.30	-1.86	-1.45	3.50	3.36	1.82	1.67	-1.43	-1.30	34.41	36.26	4.75	4.38	14.61	5.49	0.01	0.00	0.02	1.21	0.56	0.08	0.18	0.22	0.07	0.36	0.90	1.20	0.22	0.12	0.45	1.73	
AGGAC	-0.31	-0.05	-0.05	-0.59	-5.39	0.37	0.03	-0.19	-1.83	-1.42	3.49	3.24	1.76	0.27	-0.96	-2.19	34.49	36.03	4.87	4.31	14.37	6.56	0.00	0.00	0.02	0.84	0.66	0.05	0.12	0.21	0.13	0.80	0.80	0.88	0.09	0.04	0.31	0.24	
AGGAG	-0.31	-0.05	-0.07	-0.81	-4.81	0.43	0.04	-0.12	-1.88	-1.51	3.50	3.30	1.90	0.47	-1.32	-2.62	34.13	36.23	4.61	4.31	14.61	6.37	0.01	0.00	0.01	0.28	0.31	0.05	0.08	0.19	0.10	0.75	1.06	1.10	0.21	0.08	0.09	0.36	
AGGAT	-0.30	-0.05	-0.10	-2.17	-5.29	0.42	0.06	-0.24	-1.92	-1.56	3.54	3.36	2.04	0.50	-1.41	-1.25	34.37	36.16	4.63	4.34	14.60	6.47	0.01	0.00	0.03	1.05	0.60	0.05	0.15	0.18	0.10	0.84	0.84	1.02	0.17	0.07	0.40	0.40	
AGGCA	-0.30	-0.04	0.03	0.41	-2.38	0.44	0.08	-0.03	-1.87	-1.64	3.43	3.40	1.19	-0.50	-2.04	-2.41	34.05	36.26	4.92	4.23	14.45	5.84	0.01	0.00	0.03	0.79	0.38	0.05	0.06	0.12	0.03	0.86	0.86	1.18	0.21	0.08	0.58	1.98	
AGGCC	-0.30	-0.04	-0.00	0.40	-2.20	0.46	0.09	-0.04	-1.90	-1.67	3.44	3.43	1.38	-0.28	-1.89	-2.37	33.71	36.64	4.74	4.21	14.85	5.96	0.01	0.00	0.01	0.40	0.37	0.05	0.07	0.13	0.02	0.85	0.82	1.51	0.17	0.07	0.41	2.17	
AGGCG	-0.30	-0.04	0.02	0.23	-2.82	0.40	0.08	-0.05	-1.85	-1.60	3.44	3.40	1.30	-0.14	-2.10	-2.16	34.33	36.31	4.95	4.20	14.03	6.87	0.01	0.00	0.01	0.47	0.27	0.05	0.07	0.13	0.03	0.73	0.54	1.03	0.08	0.03	0.30	0.14	
AGGGA	-0.30	-0.04	0.02	1.39	-1.76	0.37	0.13	0.04	-1.92	-1.86	3.43	3.47	1.05	0.92	-2.51	-1.61	33.86	33.60	4.67	4.22	14.91	6.51	0.01	0.01	0.02	0.41	0.55	0.05	0.14	0.09	0.04	0.26	1.51	0.99	0.26	0.13	0.44	0.40	
AGGGC	-0.30	-0.05	0.01	1.06	-1.88	0.37	0.12	0.06	-1.90	-1.84	3.45	3.40	1.13	0.34	-2.27	-2.16	34.00	33.54	4.76	4.21	14.89	6.55	0.00	0.00	0.01	0.38	0.45	0.04	0.03	0.04	0.03	0.41	0.39	0.31	0.07	0.04	0.12	0.23	
AGGGG	-0.31	-0.04	0.01	1.73	-1.32	0.43	0.13	0.06	-1.92	-1.88	3.44	3.42	1.07	0.25	-2.55	-2.41	33.78	33.61	4.68	4.18	15.05	6.62	0.01	0.00	0.01	0.37	0.23	0.03	0.04	0.03	0.02	0.42	0.38	0.24	0.11	0.03	0.16	0.28	
AGGTA	-0.30	-0.04	-0.02	-3.92	-5.43	0.56	0.03	-0.28	-1.89	-1.56	3.56	3.36	1.70	-0.08	-2.81	-4.49	35.24	34.69	4.57	4.40	14.28	6.37	0.01	0.00	0.03	0.96	0.60	0.09	0.17	0.18	0.11	1.00	2.06	0.72	0.44	0.18	0.48	0.60	
AGGTC	-0.30	-0.04	-0.07	-4.50	-5.67	0.61	0.04	-0.30	-1.94	-1.59	3.58	3.40	2.00	0.40	-2.46	-3.96	35.04	34.84	4.25	4.44	14.56	5.88	0.01	0.00	0.02	1.12	0.60	0.07	0.18	0.18	0.10	0.85	1.15	0.49	0.29	0.09	0.46	0.85	
AGGTG	-0.30	-0.03	-0.07	-5.17	-6.64	0.58	-0.00	-0.34	-1.92	-1.53	3.58	3.37	1.91	0.48	-1.65	-3.26	35.25	34.31	4.44	4.41	14.17	6.20	0.01	0.00	0.01	0.53	0.51	0.06	0.17	0.19	0.11	0.72	0.89	0.53	0.31	0.09	0.31	0.24	
AGTAA	-0.13	-0.02	0.06	0.12	-7.55	-0.75	-0.23	-0.16	-1.66	-1.35	3.41	3.36	1.35	1.36	-3.91	5.33	34.75	34.55	5.19	4.25	13.44	6.67	0.03	0.03	0.04	1.62	1.47	0.88	0.11	0.21	0.07	0.41	5.31	0.80	0.72	0.22	0.58	0.72	
AGTAC	-0.12	-0.03	0.05	-0.49	-8.16	-0.96	-0.23	-0.04	-1.63	-1.39	3.40	3.23	1.52	-0.11	-2.74	4.94	34.76	33.82	5.67	4.00	14.03	5.22	0.02	0.02	0.04	1.45	1.02	0.79	0.13	0.14	0.10	0.92	4.09	0.83	0.41	0.16	0.74	1.61	
AGTAG	-0.12	-0.02	0.03	-2.32	-8.16	-0.46	-0.24	-0.06	-1.71	-1.43	3.44	3.30	1.49	0.14	-4.12	4.77	35.18	34.11	4.78	4.30	13.70	6.45	0.02	0.01	0.05	1.79	0.78	0.23	0.13	0.16	0.09	0.84	4.87	0.99	0.42	0.16	0.63	1.00	
AGTAT	-0.11	-0.03	-0.03	-0.64	-8.21	-0.35	-0.16	-0.05	-1.69	-1.48	3.42	3.41	1.97	0.09	-2.71	6.22	34.73	34.44	5.13	4.20	13.49	6.94	0.01	0.01	0.02	0.89	0.77	0.33	0.08	0.11	0.05	1.01	4.59	0.44	0.26	0.08	0.34	0.29	
AGTCA	-0.11	-0.02	-0.02	-2.75	-8.11	-0.23	-0.24	0.13	-1.68	-1.47	3.46	3.25	1.88	-0.87	-3.69	-1.77	35.06	35.14	4.72	4.34	13.97	6.64	0.01	0.01	0.05	2.15	0.48	0.33	0.20	0.13	0.12	1.43	2.01	0.63	0.63	0.21	0.48	0.78	
AGTCC	-0.10	-0.01	-0.05	-2.60	-7.34	0.29	-0.20	0.09	-1.73	-1.49	3.48	3.28	2.09	-0.84	-4.22	-2.40	34.99	35.75	4.53	4.29	14.86	4.93	0.01	0.01	0.03	0.92	0.29	0.25	0.15	0.13	0.10	1.48	1.25	0.53	0.28	0.12	0.40	1.89	
AGTCG	-0.12	-0.02	-0.01	-3.72	-8.15	-0.12	-0.26	0.07	-1.72	-1.41	3.48	3.23	1.82	-0.42	-4.46	-2.31	35.27	35.38	4.51	4.38	13.95	6.35	0.01	0.01	0.03	1.62	0.69	0.29	0.18	0.16	0.13	1.19	1.63	0.59	0.42	0.14	0.43	0.44	
AGTGA	-0.12	-0.03	-0.04	-0.15	-7.10	-0.38	-0.24	0.24	-1.67	-1.47	3.42	3.36	1.91	-0.82	-3.58	3.56	34.23	33.87	5.26	4.12	13.56	6.94	0.02	0.01	0.05	2.27	1.18	0.39	0.28	0.14	0.07	1.48	3.85	1.03	0.29	0.15	0.53	0.56	
AGTGC	-0.12	-0.03	-0.03	-2.51	-7.68	-0.40	-0.26	0.22	-1.66	-1.36	3.44	3.25	1.99	-1.33	-3.54	2.74	34.58	33.99	5.18	4.17	13.45	6.91	0.01	0.00	0.04	1.55	0.33	0.15	0.25	0.16	0.10	1.67	3.29	0.46	0.40	0.13	0.31	0.45	
AGTGG	-0.11	-0.03	-0.06	-0.51	-7.40	-0.36	-0.21	0.25	-1.62	-1.43	3.41	3.32	2.21	-1.39	-2.95	2.92	34.38	34.10	5.33	4.09	13.83	6.07	0.01	0.01	0.02	0.61	0.48	0.21	0.23	0.11	0.06	1.81	3.04	0.30	0.19	0.10	0.64	2.04	
AGTTA	-0.16	-0.03	0.06	-7.51	-10.74	-1.05	-0.39	0.04	-1.72	-1.21	3.52	3.10	1.35	1.19	-3.98	-3.30	35.60	34.85	4.53	4.48	13.71	6.43	0.01	0.01	0.03	1.46	0.64	0.19	0.24	0.26	0.22	0.42	1.45	0.73	0.47	0.14	0.50	0.50	
AGTTC	-0.16	-0.01	0.04	-8.02	-10.45	-0.64	-0.36	0.01	-1.74	-1.19	3.54	3.12	1.50	1.72	-4.54	-3.79	35.93	35.24	4.11	4.55	13.98	5.56	0.01	0.01	0.03	1.31	0.84	0.22	0.20	0.28	0.21	0.29	0.98	0.49	0.37	0.12	0.39	0.70	
AGTTG	-0.16	-0.02	0.06	-9.26	-11.29	-1.03	-0.41	-0.07	-1.74	-1.17	3.55	3.11	1.37	1.88	-4.47	-3.88	36.24	34.76	4.84	4.35	13.27	6.04	0.01	0.01	0.02	1.41	1.13	0.11	0.17	0.28	0.22	0.29	0.88	0.90	0.23	0.08	0.36	0.30	
ATAAA	0.08	-0.02	-0.25	0.84	-12.37	-1.11	-0.13	-0.26	-1.35	-1.05	3.46	3.19	1.32	-1.16	8.13	-0.95	34.60	35.94	5.66	4.24	12.38	6.71	0.02	0.02	0.06	1.30	1.36	0.67	0.10	0.17	0.14	1.28	4.89	1.09	0.53	0.18	0.41	0.53	
ATAAC	0.10	-0.03	-0.15	2.01	-10.51	-1.34	-0.10	-0.07	-1.31	-1.13	3.37	3.09	1.34	-1.51	6.14	-3.50	34.54	35.50	5.67	4.23	13.11	6.49	0.01	0.01	0.02	0.65	0.47	0.20	0.11	0.11	0.14	1.49	5.17	1.43	0.51	0.19	0.35	0.42	
ATAAG	0.10	-0.03	-0.23	-1.00	-10.54	-1.08	-0.11	-0.01	-1.41	-1.28	3.46	3.11	1.34	-1.81	6.31	-3.47	35.15	35.03	5.18	4.26	13.78	6.10	0.01	0.01	0.02	2.15	0.51	0.22	0.09	0.12	0.18	1.68	5.01	1.03	0.15	0.11	0.37	0.82	
ATAAT	0.10	-0.02	-0.23	-1.21	-11.27	-1.00	-0.09	-0.14	-1.41	-1.22	3.45	3.18	1.54	-1.86	6.41	-2.76	35.02	35.90	5.18	4.34	13.15	6.45	0.01	0.01	0.03	1.26	0.91	0.24	0.07	0.11	0.14	1.72	4.82	0.69	0.40	0.13	0.54	0.54	
ATACA	0.11	-0.03	0.05	3.64	-8.93	-0.93	-0.03	0.27	-1.35	-1.53	3.29	3.33	-0.30	-0.61	5.96	-2.07	34.63	34.26	5.73	4.06	12.74	7.06	0.01	0.01	0.03	1.64	1.25	0.20	0.16	0.10	0.04	0.54	4.32	0.89	0.33	0.18	0.69	1.51	
ATACC	0.11	-0.03	0.00	3.27	-8.36	-0.57	0.02	0.24	-1.40	-1.59	3.31	3.37	0.05	-0.69	5.39	-2.61	34.56	34.70	5.48	4.06	14.00	5.00	0.01	0.01	0.03	1.01	0.30	0.16	0.12	0.11	0.04	0.45	4.07	0.35	0.34	0.12	0.90	2.67	
ATACG	0.11	-0.02	-0.00	3.30	-9.05	-0.60	0.00	0.23	-1.38	-1.54	3.32	3.34	0.07	-0.54	5.89	-2.28	34.59	34.55	5.65	3.99	14.51	2.80	0.01	0.01	0.02	1.43	0.35	0.18	0.12	0.09	0.03	0.41	4.13	0.43	0.22	0.07	0.90	2.11	
ATAGA	0.09	-0.03	-0.00	1.55	-7.03	-0.83	0.06	0.18	-1.47	-1.74	3.34	3.31	-0.10	-1.89	6.34	-1.51	34.25	31.88	5.67	4.01	13.39	7.24	0.01	0.01	0.04	0.86	1.03	0.35	0.10	0.15	0.04	1.04	4.20	1.62	0.20	0.09	0.38	0.27	
ATAGC	0.09	-0.02	-0.02	0.65	-6.84	-0.45	0.04	0.22	-1.52	-1.80	3.43	3.30	-0.72	-1.68	5.55	-2.59	34.72	31.21	5.24	4.04	14.25	5.62	0.00	0.00	0.02	0.48	0.30	0.11	0.10	0.14	0.08	0.52	4.14	1.80	0.25	0.06	0.84	1.98	
ATAGG	0.09	-0.03	-0.00	2.26	-6.87	-0.64	0.03	0.23	-1.45	-1.79	3.33	3.29	-0.29	-2.19	5.54	-2.45	34.50	31.71	5.50	4.02	13.62	7.20	0.01	0.01	0.03	0.94	0.45	0.20	0.11	0.17	0.03	0.96	4.13	1.44	0.31	0.10	0.32	0.39	
ATATA	0.08	-0.01	-0.09	-3.09	-8.95	-0.52	-0.01	-0.00	-1.50	-1.50	3.48	3.20	-0.17	-0.10	8.32	-2.62	34.46	32.12	5.73	4.03	12.52	7.77	0.02	0.01	0.05	1.24	0.97	0.26	0.06	0.05	0.15	0.37	6.02	1.46	0.52	0.20	0.82	0.86	
ATATC	0.09	-0.02	-0.10	-3.09	-8.30	-0.48	0.01	-0.02	-1.51	-1.52	3.46	3.22	0.08	0.20	6.33	-3.98	35.02	32.32	5.32	4.17	13.68	6.28	0.01	0.01	0.02	1.17	0.31	0.18	0.04	0.04	0.12	0.24	5.35	1.46	0.45	0.15	0.83	1.57	
ATATG	0.09	-0.02	-0.08	-2.85	-8.33	-0.63	-0.02	-0.04	-1.49	-1.50	3.45	3.21	-0.11	0.45	5.85	-4.26	35.37	32.04	5.36	4.18	12.93	7.15	0.00	0.01	0.02	0.38	0.52	0.28	0.04	0.03	0.12	0.30	5.08	1.69	0.11	0.04	0.23	0.20	
ATCAA	0.27	-0.04	-0.02	3.54	-7.12	0.29	0.25	-0.46	-1.57	-1.34	3.35	3.50	-1.19	2.01	0.04	6.62	35.38	34.60	5.45	4.28	13.05	6.67	0.01	0.01	0.02	1.00	0.76	0.08	0.36	0.14	0.09	1.66	3.57	0.76	0.34	0.12	0.41	0.40	
ATCAC	0.27	-0.04	0.02	1.81	-6.53	0.30	0.21	-0.26	-1.55	-1.39	3.36	3.33	-1.24	0.77	-0.51	3.72	35.64	34.03	5.27	4.28	13.59	6.12	0.01	0.01	0.03	1.48	0.88	0.08	0.25	0.12	0.07	1.11	2.45	1.13	0.47	0.15	0.53	1.03	
ATCAG	0.27	-0.04	-0.01	2.15	-6.55	0.39	0.25	-0.27	-1.53	-1.44	3.35	3.38	-0.90	0.63	-0.36	4.45	35.80	34.24	5.30	4.28	13.51	6.59	0.01	0.00	0.03	1.16	0.65	0.06	0.26	0.08	0.06	0.86	2.68	0.95	0.37	0.13	0.48	1.05	
ATCAT	0.29	-0.04	-0.03	2.73	-6.15	0.40	0.27	-0.31	-1.58	-1.57	3.41	3.54	-1.26	1.18	-1.32	3.79	36.14	34.82	4.76	4.39	13.53	6.33	0.01	0.01	0.04	1.77	1.18	0.11	0.31	0.08	0.10	1.34	3.25	1.05	0.46	0.14	0.45	0.47	
ATCCA	0.28	-0.04	-0.04	1.34	-5.70	0.29	0.19	-0.07	-1.53	-1.78	3.36	3.42	-0.93	-1.26	-0.96	-0.54	36.24	33.70	4.97	4.29	13.88	6.65	0.01	0.01	0.02	0.80	0.51	0.07	0.16	0.14	0.05	0.48	1.24	1.40	0.30	0.09	0.38	0.66	
ATCCC	0.30	-0.05	-0.09	2.45	-4.91	0.37	0.20	-0.04	-1.55	-1.86	3.34	3.47	-0.69	-1.16	-1.49	-1.04	36.09	33.70	4.77	4.28	14.89	5.18	0.01	0.01	0.02	0.72	0.52	0.10	0.14	0.17	0.07	0.41	0.95	1.35	0.20	0.09	0.52	2.20	
ATCCG	0.28	-0.03	-0.03	0.21	-4.49	0.34	0.21	-0.19	-1.56	-1.80	3.44	3.44	-1.25	-0.75	-2.07	-2.34	36.59	32.93	4.63	4.35	14.44	5.73	0.01	0.02	0.05	2.81	2.53	0.13	0.30	0.15	0.15	0.67	3.84	2.41	0.67	0.19	0.56	1.23	
ATCGA	0.27	-0.04	-0.09	3.62	-7.08	0.50	0.21	-0.00	-1.51	-1.64	3.33	3.51	-0.60	0.02	-0.52	5.51	35.76	32.77	5.16	4.20	13.37	6.61	0.01	0.01	0.02	0.93	0.77	0.07	0.12	0.08	0.10	0.53	3.36	1.59	0.34	0.13	0.60	1.02	
ATCGC	0.26	-0.03	-0.08	2.84	-6.96	0.44	0.21	0.05	-1.49	-1.62	3.32	3.42	-0.45	-0.52	-0.66	4.15	35.82	32.49	5.22	4.20	13.64	6.21	0.01	0.00	0.02	0.86	0.51	0.05	0.09	0.08	0.06	0.37	2.52	1.72	0.21	0.08	0.54	1.10	
ATCGG	0.26	-0.03	-0.11	4.16	-7.15	0.49	0.20	0.07	-1.49	-1.68	3.30	3.47	-0.20	-0.94	-0.66	3.93	35.60	32.59	5.23	4.15	13.86	5.94	0.01	0.01	0.03	1.35	0.53	0.07	0.08	0.11	0.09	0.62	2.43	1.58	0.18	0.08	0.70	2.18	
ATCTA	0.26	-0.02	0.11	-3.39	-3.20	0.27	0.20	-0.26	-1.65	-1.73	3.53	3.31	-2.52	1.93	-1.24	-2.21	36.79	31.29	4.82	4.34	13.78	6.84	0.01	0.03	0.05	2.87	2.11	0.25	0.29	0.07	0.17	2.29	3.64	3.08	0.61	0.23	0.56	0.69	
ATCTC	0.26	-0.03	0.08	-1.98	-2.78	0.26	0.19	-0.17	-1.65	-1.76	3.45	3.34	-2.23	2.06	-1.46	-2.16	36.47	31.47	4.76	4.34	14.76	5.20	0.01	0.01	0.02	0.81	0.56	0.07	0.19	0.07	0.06	2.17	0.90	2.54	0.24	0.10	0.41	1.14	
ATCTG	0.24	-0.02	0.12	-3.75	-2.70	0.23	0.11	-0.28	-1.74	-1.72	3.56	3.30	-3.09	2.23	-0.21	-2.27	35.86	31.12	5.15	4.19	14.29	5.30	0.02	0.02	0.03	1.32	1.04	0.10	0.26	0.10	0.15	2.76	1.34	2.62	0.20	0.09	0.92	1.96	
ATGAA	-0.29	-0.05	0.03	-0.52	-6.07	0.24	0.31	-0.30	-1.40	-1.46	3.44	3.35	-1.46	1.98	5.73	0.04	35.03	35.39	5.42	4.33	13.19	6.36	0.01	0.00	0.02	0.71	0.35	0.05	0.31	0.06	0.06	1.74	2.95	0.47	0.16	0.09	0.35	0.66	
ATGAC	-0.29	-0.04	0.02	-0.82	-6.37	0.26	0.30	-0.16	-1.37	-1.41	3.42	3.22	-0.86	0.62	5.16	-2.06	35.10	35.47	5.41	4.28	13.52	6.48	0.01	0.01	0.03	1.39	0.54	0.06	0.24	0.08	0.12	0.84	3.89	0.52	0.33	0.08	0.41	0.57	
ATGAG	-0.28	-0.05	-0.03	-2.42	-6.05	0.26	0.33	-0.16	-1.47	-1.54	3.50	3.26	-1.17	0.69	5.69	-1.52	34.93	35.10	5.29	4.21	13.84	6.04	0.01	0.01	0.02	1.00	0.38	0.05	0.25	0.06	0.12	0.97	3.71	0.36	0.21	0.07	0.36	1.07	
ATGCA	-0.27	-0.04	0.11	-0.51	-3.73	0.24	0.34	-0.03	-1.39	-1.56	3.39	3.37	-1.70	-0.16	4.66	-1.20	35.12	35.60	5.58	4.21	13.12	6.20	0.01	0.01	0.02	0.79	0.34	0.05	0.19	0.09	0.03	0.81	3.06	0.50	0.23	0.08	0.68	1.33	
ATGCC	-0.26	-0.04	0.09	0.10	-3.12	0.33	0.36	0.01	-1.46	-1.61	3.40	3.39	-1.67	0.28	4.26	-1.94	34.66	36.29	5.30	4.20	14.26	4.69	0.01	0.00	0.02	0.86	0.40	0.04	0.18	0.09	0.03	1.01	3.17	0.88	0.19	0.05	0.62	1.67	
ATGCG	-0.27	-0.04	0.10	0.12	-4.03	0.25	0.35	-0.01	-1.37	-1.54	3.37	3.37	-1.47	0.34	5.09	-0.77	35.00	35.59	5.60	4.15	12.70	7.01	0.01	0.00	0.02	0.68	0.53	0.05	0.19	0.09	0.02	0.94	3.08	0.47	0.20	0.08	0.72	1.46	
ATGGA	-0.27	-0.04	0.11	1.31	-3.37	0.22	0.37	0.07	-1.48	-1.79	3.37	3.42	-1.91	1.17	4.34	-0.26	34.46	33.69	5.28	4.16	13.50	6.92	0.01	0.01	0.03	0.89	0.88	0.07	0.18	0.17	0.05	1.56	2.68	0.73	0.31	0.12	0.44	0.61	
ATGGC	-0.27	-0.04	0.09	0.53	-3.12	0.22	0.38	0.12	-1.47	-1.78	3.40	3.36	-1.69	0.75	3.68	-2.18	34.93	33.39	5.14	4.22	14.02	6.04	0.01	0.01	0.03	1.17	0.55	0.06	0.14	0.17	0.05	1.26	3.04	0.84	0.24	0.07	0.43	0.91	
ATGGG	-0.27	-0.04	0.10	1.55	-2.37	0.28	0.39	0.13	-1.49	-1.82	3.38	3.38	-1.86	0.58	3.38	-2.51	34.56	33.45	5.15	4.19	14.14	5.96	0.01	0.01	0.03	0.96	0.73	0.07	0.16	0.18	0.05	1.26	3.27	0.79	0.29	0.07	0.48	1.20	
ATGTA	-0.28	-0.04	0.04	-5.57	-7.40	0.44	0.35	-0.28	-1.44	-1.50	3.50	3.31	-1.39	0.32	5.57	-2.13	35.76	34.10	5.33	4.33	12.79	6.67	0.01	0.01	0.04	1.18	0.78	0.20	0.32	0.06	0.11	0.92	4.00	0.92	0.31	0.10	0.66	1.04	
ATGTC	-0.28	-0.04	0.01	-5.50	-7.10	0.54	0.34	-0.28	-1.50	-1.54	3.53	3.35	-1.26	0.69	4.90	-2.82	35.42	34.25	5.01	4.37	13.67	5.64	0.01	0.01	0.03	1.19	0.71	0.29	0.32	0.07	0.10	1.08	3.99	0.84	0.25	0.08	0.57	1.30	
ATGTG	-0.28	-0.03	-0.03	-7.69	-8.84	0.54	0.35	-0.37	-1.50	-1.49	3.59	3.33	-1.05	0.67	6.57	-2.29	35.86	33.81	5.20	4.32	12.91	5.97	0.01	0.01	0.04	1.28	1.12	0.29	0.37	0.04	0.14	1.10	4.49	1.19	0.35	0.11	0.83	1.49	
ATTAA	-0.10	-0.02	-0.23	3.61	-11.32	-1.05	0.17	-0.00	-1.22	-1.36	3.16	3.53	1.59	-0.03	-2.12	8.64	35.37	34.44	5.53	4.25	12.75	6.66	0.05	0.02	0.05	1.43	1.06	0.51	0.11	0.13	0.20	0.87	5.88	1.08	0.57	0.20	0.41	0.65	
ATTAC	-0.11	-0.02	-0.20	2.23	-11.34	-1.02	0.15	0.12	-1.21	-1.34	3.16	3.34	1.79	-1.55	-2.51	5.03	35.53	34.68	5.39	4.28	13.35	6.40	0.02	0.02	0.06	1.52	1.18	0.44	0.09	0.12	0.10	1.71	4.29	1.07	0.50	0.17	0.39	0.68	
ATTAG	-0.09	-0.02	-0.26	3.27	-11.58	-0.87	0.17	0.10	-1.21	-1.45	3.16	3.46	1.84	-1.43	-1.62	7.71	35.33	34.46	5.46	4.20	12.97	6.97	0.01	0.01	0.03	0.83	0.49	0.19	0.05	0.13	0.16	1.65	4.90	0.73	0.35	0.13	0.45	0.51	
ATTCA	-0.11	-0.03	-0.24	-0.16	-10.83	-1.13	0.13	0.29	-1.19	-1.48	3.18	3.36	2.07	-2.20	-2.45	0.21	36.06	35.03	4.99	4.42	13.47	6.30	0.01	0.00	0.04	1.06	0.43	0.20	0.10	0.16	0.09	2.15	1.63	0.71	0.31	0.09	0.32	0.43	
ATTCC	-0.09	-0.03	-0.27	1.64	-9.61	-0.69	0.12	0.28	-1.23	-1.51	3.16	3.40	2.03	-2.02	-3.73	-0.86	35.60	36.03	4.63	4.42	14.26	5.26	0.01	0.01	0.03	0.97	0.54	0.19	0.11	0.15	0.12	2.04	1.71	0.55	0.24	0.08	0.40	1.42	
ATTCG	-0.10	-0.03	-0.25	0.84	-10.56	-1.03	0.12	0.26	-1.21	-1.45	3.17	3.36	2.03	-1.78	-2.98	-0.24	35.86	35.52	4.75	4.46	13.53	6.30	0.01	0.00	0.03	1.01	0.44	0.15	0.09	0.13	0.10	1.91	1.60	0.49	0.26	0.08	0.31	0.54	
ATTGA	-0.09	-0.03	-0.32	2.54	-10.92	-1.04	0.10	0.45	-1.20	-1.34	3.16	3.50	2.33	-2.06	-2.10	7.05	34.93	34.60	5.49	4.19	12.90	6.87	0.01	0.01	0.03	1.30	0.72	0.22	0.18	0.09	0.18	2.21	4.72	0.50	0.32	0.11	0.37	0.45	
ATTGC	-0.10	-0.03	-0.30	2.51	-10.60	-0.93	0.13	0.49	-1.19	-1.41	3.17	3.44	2.36	-2.36	-2.92	3.90	35.34	34.49	5.18	4.28	13.34	6.33	0.01	0.01	0.04	1.49	0.68	0.27	0.18	0.13	0.14	2.38	3.59	0.66	0.31	0.10	0.39	0.51	
ATTGG	-0.10	-0.03	-0.32	3.46	-10.72	-0.94	0.13	0.48	-1.19	-1.40	3.15	3.42	2.28	-2.88	-2.07	5.06	34.93	34.40	5.40	4.18	12.81	6.99	0.01	0.01	0.02	0.97	0.65	0.14	0.18	0.11	0.14	2.59	3.67	0.47	0.28	0.10	0.45	0.40	
ATTTA	-0.16	-0.03	-0.16	-5.49	-13.87	-1.71	0.00	0.25	-1.22	-1.06	3.27	3.18	1.70	1.08	-2.36	-0.94	36.55	35.79	4.88	4.49	12.72	6.29	0.01	0.01	0.05	1.05	0.92	0.48	0.14	0.10	0.05	0.40	1.53	0.65	0.53	0.14	0.42	0.60	
ATTTC	-0.15	-0.02	-0.13	-5.08	-12.09	-1.57	-0.01	0.22	-1.23	-1.10	3.24	3.17	1.65	1.30	-4.40	-3.13	36.70	35.77	4.27	4.64	13.44	4.89	0.01	0.01	0.02	0.86	0.60	0.28	0.14	0.08	0.05	0.35	1.33	0.63	0.33	0.09	0.28	0.68	
ATTTG	-0.17	-0.02	-0.09	-6.95	-13.36	-2.09	-0.09	0.09	-1.26	-1.09	3.32	3.16	1.24	1.40	-4.68	-3.54	37.28	35.49	4.28	4.65	12.84	5.61	0.01	0.01	0.05	1.47	0.91	0.36	0.12	0.10	0.09	0.40	1.65	1.11	0.65	0.16	0.40	0.46	
CAAAA	0.15	-0.03	-0.11	7.51	-13.79	-2.39	-0.18	-0.06	-1.01	-1.07	3.15	3.23	-1.53	-1.01	-2.19	-2.76	35.51	36.92	4.84	4.63	12.44	5.70	0.01	0.01	0.02	1.26	1.05	0.34	0.09	0.06	0.05	0.30	1.23	0.85	0.41	0.12	0.43	0.50	
CAAAC	0.15	-0.03	-0.08	8.07	-13.10	-2.02	-0.21	0.07	-1.01	-1.12	3.13	3.16	-1.55	-1.58	-2.42	-3.27	35.28	36.33	5.23	4.49	12.69	5.95	0.01	0.01	0.02	1.05	0.82	0.17	0.15	0.07	0.03	0.23	0.99	0.68	0.29	0.06	0.32	0.34	
CAAAG	0.15	-0.03	-0.11	6.77	-12.85	-1.91	-0.17	0.19	-1.06	-1.27	3.16	3.20	-1.50	-1.90	-2.80	-4.84	35.41	36.30	4.84	4.42	13.00	5.83	0.00	0.00	0.02	1.28	0.89	0.22	0.20	0.11	0.03	0.27	1.38	0.54	0.28	0.10	0.08	0.33	
CAACA	0.15	-0.03	0.11	9.77	-11.69	-1.79	-0.10	0.46	-1.07	-1.54	3.06	3.39	-2.37	-0.14	-2.78	-2.50	35.19	34.70	5.31	4.31	12.80	6.53	0.01	0.01	0.01	1.27	0.41	0.31	0.29	0.24	0.17	1.13	0.47	0.45	0.38	0.10	0.27	0.17	
CAACC	0.14	-0.01	0.08	4.79	-4.14	-0.26	0.21	-0.08	-1.34	-1.15	3.08	3.65	-2.85	-5.45	-2.06	-4.57	31.89	34.30	4.89	4.48	14.65	2.55	0.05	0.04	0.07	5.14	6.97	2.00	0.45	0.39	0.34	4.26	2.25	2.73	0.55	0.19	1.32	2.16	
CAACG	0.16	-0.03	0.09	10.17	-11.71	-1.48	-0.09	0.45	-1.08	-1.53	3.06	3.40	-2.23	0.25	-2.97	-2.84	35.01	35.14	5.19	4.31	12.77	6.35	0.01	0.01	0.01	0.85	0.44	0.22	0.27	0.23	0.17	1.25	0.35	0.30	0.24	0.06	0.44	1.20	
CAAGA	0.14	-0.03	0.04	6.38	-9.12	-1.34	-0.02	0.28	-1.21	-1.74	3.10	3.41	-2.35	-2.09	-3.37	-1.59	34.77	32.47	5.08	4.30	13.37	6.46	0.01	0.01	0.02	0.47	0.46	0.24	0.16	0.27	0.15	0.23	1.06	1.18	0.14	0.07	0.31	0.30	
CAAGC	0.14	-0.03	0.03	5.71	-8.63	-1.23	-0.03	0.32	-1.23	-1.77	3.10	3.37	-2.40	-2.09	-3.44	-2.39	34.57	32.11	4.98	4.30	13.62	6.35	0.00	0.01	0.01	0.42	0.25	0.09	0.18	0.27	0.14	0.20	0.71	1.25	0.24	0.09	0.27	0.60	
CAAGG	0.13	-0.02	0.05	7.66	-9.16	-0.93	0.03	0.35	-1.23	-1.82	3.13	3.44	-2.19	-2.22	-3.66	-2.93	34.98	32.51	4.50	4.41	13.80	5.99	0.01	0.01	0.03	0.90	0.23	0.41	0.17	0.30	0.16	0.35	0.87	1.28	0.26	0.07	0.45	0.28	
CAATA	0.14	-0.03	-0.01	3.03	-9.70	-1.50	-0.14	0.16	-1.18	-1.54	3.13	3.25	-2.59	0.15	-2.87	-3.90	35.12	32.40	5.13	4.37	13.18	6.72	0.01	0.01	0.02	0.84	0.48	0.25	0.16	0.19	0.06	1.39	1.13	1.45	0.27	0.08	0.43	0.39	
CAATC	0.15	-0.03	-0.05	2.85	-10.33	-1.49	-0.10	0.17	-1.20	-1.54	3.15	3.28	-2.34	0.67	-2.12	-4.28	34.92	32.75	4.96	4.37	13.25	6.68	0.01	0.01	0.02	0.84	0.59	0.19	0.15	0.17	0.07	1.52	1.52	1.16	0.35	0.11	0.43	0.54	
CAATG	0.14	-0.02	-0.05	3.33	-10.42	-1.37	-0.12	0.11	-1.19	-1.53	3.15	3.28	-2.32	0.87	-2.63	-4.37	35.08	32.41	4.91	4.38	12.85	6.81	0.01	0.01	0.02	1.02	0.42	0.23	0.14	0.17	0.07	1.61	1.29	1.42	0.33	0.09	0.35	0.47	
CACAA	0.27	-0.03	0.03	6.52	-8.23	0.42	0.35	-0.43	-1.46	-1.29	3.31	3.49	-0.73	1.98	-2.40	6.07	33.59	35.72	5.35	4.40	12.63	6.02	0.01	0.00	0.03	1.14	0.87	0.14	0.40	0.12	0.10	1.40	4.30	1.17	0.34	0.06	0.46	0.96	
CACAC	0.27	-0.04	0.08	5.13	-8.16	0.35	0.27	-0.32	-1.43	-1.21	3.30	3.31	-1.11	1.01	-1.37	5.01	33.35	35.12	5.90	4.23	12.22	7.05	0.00	0.00	0.01	0.36	0.14	0.05	0.30	0.11	0.01	1.07	3.22	0.91	0.09	0.03	0.15	0.16	
CACAG	0.27	-0.03	0.02	6.10	-8.12	0.50	0.33	-0.27	-1.46	-1.44	3.33	3.44	-0.75	0.71	-2.15	4.99	33.74	35.20	5.37	4.26	12.78	6.83	0.00	0.00	0.03	1.22	0.78	0.09	0.31	0.06	0.08	0.75	3.61	0.77	0.29	0.06	0.31	0.28	
CACCA	0.27	-0.04	0.00	4.31	-7.00	0.28	0.25	-0.05	-1.50	-1.73	3.35	3.44	-0.96	-1.03	-2.83	-0.68	34.27	34.81	4.95	4.32	13.56	6.07	0.01	0.00	0.02	0.66	0.57	0.10	0.16	0.13	0.05	0.18	1.23	0.41	0.21	0.05	0.44	1.10	
CACCC	0.29	-0.04	-0.04	4.72	-5.89	0.48	0.30	-0.00	-1.54	-1.86	3.36	3.48	-0.77	-0.65	-2.99	-0.92	34.14	34.41	4.82	4.28	14.51	4.10	0.01	0.00	0.04	1.11	0.70	0.13	0.16	0.17	0.07	0.39	1.25	0.38	0.27	0.08	0.80	2.91	
CACCG	0.27	-0.03	0.00	4.20	-6.56	0.34	0.24	-0.06	-1.50	-1.72	3.34	3.42	-1.06	-0.47	-2.48	-0.28	34.05	34.36	5.10	4.27	13.06	7.09	0.01	0.00	0.01	0.48	0.44	0.06	0.16	0.12	0.05	0.33	1.19	0.38	0.17	0.05	0.27	0.23	
CACGA	0.26	-0.03	-0.03	5.92	-7.95	0.48	0.29	-0.09	-1.44	-1.52	3.32	3.48	-0.57	-0.20	-2.18	5.80	33.77	33.99	5.47	4.23	12.42	7.09	0.00	0.00	0.01	0.50	0.35	0.04	0.19	0.04	0.08	0.21	4.01	0.24	0.10	0.04	0.17	0.28	
CACGC	0.26	-0.02	-0.03	5.31	-7.98	0.57	0.28	0.04	-1.45	-1.62	3.32	3.45	-0.61	-0.36	-2.23	4.71	33.73	33.34	5.38	4.19	12.85	6.29	0.01	0.00	0.02	0.64	0.49	0.07	0.13	0.09	0.07	0.34	3.50	0.43	0.13	0.04	0.79	1.33	
CACGG	0.26	-0.02	-0.06	7.05	-8.46	0.67	0.33	0.04	-1.44	-1.67	3.32	3.50	-0.25	-0.91	-2.43	4.08	33.81	33.70	5.14	4.25	12.98	6.19	0.01	0.00	0.02	0.76	0.48	0.08	0.15	0.12	0.10	0.39	3.27	0.19	0.24	0.05	0.72	1.90	
CACTA	0.25	-0.03	0.13	-0.24	-4.24	0.28	0.22	-0.23	-1.63	-1.73	3.42	3.30	-2.32	1.70	-2.63	-1.38	34.40	31.70	5.16	4.29	13.89	5.98	0.01	0.00	0.03	0.92	0.84	0.09	0.23	0.07	0.07	2.03	1.08	1.46	0.27	0.08	0.80	2.26	
CACTC	0.25	-0.02	0.11	0.00	-3.31	0.33	0.26	-0.21	-1.67	-1.77	3.41	3.35	-1.92	2.39	-3.21	-1.98	34.12	31.79	4.94	4.32	14.08	6.63	0.00	0.01	0.02	0.66	0.76	0.07	0.25	0.09	0.05	2.20	1.00	1.37	0.21	0.06	0.44	0.83	
CACTG	0.24	-0.03	0.13	0.08	-4.52	0.18	0.22	-0.22	-1.61	-1.67	3.42	3.35	-2.30	2.82	-2.39	-1.18	34.30	31.61	5.15	4.28	12.88	7.19	0.01	0.01	0.01	0.32	0.55	0.07	0.24	0.07	0.07	2.60	1.96	1.38	0.39	0.16	0.63	0.47	
CAGAA	-0.26	-0.03	0.13	3.69	-3.52	0.05	0.23	-0.32	-1.67	-1.49	3.33	3.42	-2.42	2.78	-1.90	-0.54	31.59	36.46	5.03	4.47	13.71	5.93	0.01	0.00	0.01	0.45	0.34	0.07	0.28	0.11	0.06	2.61	1.10	2.49	0.26	0.12	0.34	0.69	
CAGAC	-0.26	-0.04	0.11	2.90	-3.97	0.10	0.16	-0.20	-1.63	-1.41	3.30	3.28	-2.46	1.46	-1.18	-1.52	31.42	36.44	5.23	4.32	13.55	6.26	0.00	0.00	0.01	0.39	0.23	0.03	0.18	0.11	0.02	1.97	0.48	2.52	0.16	0.06	0.41	1.32	
CAGAG	-0.26	-0.03	0.10	2.74	-3.06	0.20	0.21	-0.14	-1.69	-1.63	3.30	3.37	-2.20	1.75	-1.81	-1.00	31.18	35.60	5.18	4.23	13.90	6.93	0.01	0.01	0.02	0.56	0.34	0.08	0.18	0.05	0.04	2.00	1.12	2.24	0.16	0.07	0.25	0.33	
CAGCA	-0.24	-0.02	0.19	3.74	-1.72	0.15	0.22	0.01	-1.64	-1.64	3.24	3.43	-2.60	0.80	-1.86	-1.51	31.23	36.65	5.30	4.23	13.34	6.71	0.01	0.01	0.01	0.67	0.39	0.07	0.11	0.04	0.09	1.71	0.87	2.74	0.28	0.10	0.69	0.93	
CAGCC	-0.24	-0.02	0.16	3.57	-1.20	0.27	0.24	0.01	-1.71	-1.68	3.28	3.46	-2.36	0.98	-2.40	-2.28	31.22	37.15	4.96	4.27	14.23	5.01	0.01	0.01	0.02	0.77	0.35	0.08	0.12	0.04	0.09	1.69	0.67	2.98	0.15	0.06	0.56	3.01	
CAGCG	-0.24	-0.03	0.17	3.57	-1.72	0.19	0.23	0.00	-1.67	-1.63	3.26	3.43	-2.46	1.13	-1.93	-1.69	31.20	36.67	5.21	4.22	13.33	7.04	0.01	0.00	0.01	0.50	0.31	0.04	0.12	0.04	0.09	1.80	0.45	2.75	0.17	0.06	0.40	0.65	
CAGGA	-0.26	-0.02	0.16	4.22	-0.90	0.24	0.27	0.05	-1.77	-1.89	3.29	3.50	-2.61	1.77	-2.61	-1.05	31.24	34.22	5.05	4.17	14.24	6.45	0.01	0.01	0.02	0.49	0.53	0.12	0.11	0.08	0.12	2.21	1.16	1.52	0.23	0.08	0.67	1.43	
CAGGC	-0.25	-0.03	0.14	3.20	-1.28	0.18	0.24	0.09	-1.75	-1.85	3.29	3.42	-2.41	1.19	-2.26	-1.61	31.14	33.99	4.97	4.23	14.09	6.77	0.01	0.00	0.02	0.63	0.50	0.05	0.09	0.07	0.07	1.83	1.11	1.55	0.25	0.12	0.52	0.91	
CAGGG	-0.26	-0.01	0.16	4.67	-0.14	0.35	0.30	0.12	-1.77	-1.92	3.27	3.47	-2.29	1.17	-3.39	-2.88	31.11	34.07	4.80	4.25	14.42	6.59	0.01	0.01	0.01	0.52	0.42	0.07	0.10	0.08	0.10	1.74	1.09	1.54	0.28	0.08	0.33	0.51	
CAGTA	-0.25	-0.02	0.14	-0.11	-4.20	0.30	0.21	-0.23	-1.69	-1.64	3.33	3.42	-2.77	1.76	-1.74	-2.30	31.52	34.76	5.14	4.29	13.71	5.95	0.01	0.01	0.05	0.92	0.78	0.11	0.24	0.06	0.10	2.30	1.22	1.80	0.38	0.10	0.81	2.54	
CAGTC	-0.25	-0.02	0.12	-0.06	-3.96	0.33	0.21	-0.22	-1.70	-1.65	3.33	3.43	-2.63	2.18	-1.40	-2.15	31.46	34.71	5.09	4.27	13.85	6.40	0.01	0.00	0.03	0.40	0.39	0.09	0.22	0.06	0.06	2.42	0.89	1.65	0.33	0.08	0.59	1.59	
CATAA	-0.10	-0.02	-0.01	4.86	-8.06	-1.00	0.04	-0.12	-1.45	-1.33	3.19	3.43	-0.66	1.44	-3.28	7.92	31.48	34.54	6.01	4.12	12.42	7.06	0.03	0.01	0.03	1.07	0.67	0.40	0.10	0.10	0.13	1.08	5.92	1.70	0.44	0.18	0.52	0.52	
CATAC	-0.10	-0.02	-0.03	3.69	-8.42	-0.89	0.03	0.01	-1.45	-1.38	3.19	3.31	-0.64	-0.02	-2.99	6.01	31.46	34.49	5.90	4.08	12.80	7.21	0.01	0.01	0.03	0.83	0.60	0.14	0.04	0.05	0.06	0.36	4.55	1.54	0.13	0.05	0.34	0.30	
CATAG	-0.09	-0.01	-0.07	3.06	-8.20	-0.51	0.06	0.03	-1.47	-1.48	3.20	3.39	-0.49	0.06	-3.65	5.80	31.84	34.92	5.58	4.11	13.21	6.26	0.01	0.00	0.03	0.36	0.49	0.13	0.03	0.04	0.11	0.32	4.81	1.56	0.15	0.09	0.92	2.58	
CATCA	-0.10	-0.02	-0.10	2.07	-8.13	-0.83	-0.02	0.25	-1.47	-1.54	3.22	3.31	-0.40	-0.85	-3.98	-0.46	31.93	35.36	5.31	4.21	13.28	7.09	0.01	0.01	0.02	1.19	0.57	0.33	0.15	0.06	0.06	0.40	2.22	1.84	0.40	0.12	0.42	0.46	
CATCC	-0.09	-0.02	-0.12	1.59	-7.65	-0.40	-0.01	0.21	-1.50	-1.53	3.22	3.35	-0.22	-0.74	-4.71	-1.07	32.03	36.19	4.90	4.27	14.26	5.41	0.01	0.01	0.03	0.96	0.68	0.26	0.13	0.05	0.07	0.43	2.09	2.14	0.24	0.09	0.62	2.50	
CATCG	-0.10	-0.02	-0.10	1.54	-8.32	-0.64	-0.01	0.23	-1.47	-1.48	3.23	3.31	-0.42	-0.36	-4.47	-0.95	32.14	35.83	5.01	4.28	13.24	6.98	0.01	0.00	0.03	0.98	0.65	0.18	0.13	0.04	0.04	0.27	2.04	1.92	0.27	0.08	0.38	0.38	
CATGA	-0.09	-0.00	-0.21	4.34	-9.26	-0.39	0.10	0.31	-1.45	-1.43	3.24	3.48	0.04	-1.39	-3.74	5.91	31.92	35.00	5.37	4.18	14.29	3.07	0.01	0.01	0.03	0.79	0.56	0.19	0.12	0.04	0.12	0.73	4.86	1.56	0.13	0.08	0.63	1.96	
CATGC	-0.09	-0.01	-0.21	3.68	-9.43	-0.36	0.07	0.37	-1.44	-1.45	3.24	3.42	0.04	-1.71	-3.62	4.69	31.86	34.82	5.41	4.06	14.16	2.62	0.01	0.01	0.05	1.12	0.86	0.26	0.16	0.05	0.10	0.90	4.19	1.53	0.16	0.10	0.84	2.73	
CATGG	-0.09	-0.00	-0.22	4.88	-9.01	-0.27	0.11	0.40	-1.44	-1.51	3.23	3.45	0.14	-1.98	-3.70	4.00	31.79	34.67	5.25	4.08	14.33	2.32	0.01	0.01	0.04	1.01	0.76	0.48	0.18	0.07	0.11	1.09	4.06	1.59	0.30	0.09	0.78	2.49	
CATTA	-0.15	-0.02	-0.02	-3.30	-10.52	-1.43	-0.20	0.17	-1.51	-1.20	3.28	3.14	-0.96	1.61	-4.86	-2.15	32.40	35.43	4.96	4.39	13.05	6.78	0.01	0.01	0.02	1.36	0.70	0.21	0.21	0.16	0.08	1.31	2.11	1.63	0.44	0.12	0.59	0.65	
CATTC	-0.15	-0.02	-0.03	-4.13	-9.43	-1.00	-0.18	0.12	-1.56	-1.22	3.29	3.16	-0.80	2.04	-5.91	-3.64	32.69	35.63	4.47	4.48	13.75	6.10	0.01	0.01	0.02	0.88	0.53	0.27	0.16	0.17	0.08	1.45	1.67	1.54	0.33	0.09	0.39	0.53	
CCAAA	0.09	-0.03	-0.23	-0.22	-9.32	-1.26	-0.51	-0.22	-1.30	-1.04	3.35	3.11	2.58	-1.52	2.51	-3.10	34.57	35.20	5.51	4.30	13.44	6.27	0.01	0.00	0.02	0.85	0.58	0.17	0.17	0.15	0.13	2.05	3.53	0.58	0.41	0.11	0.32	0.36	
CCAAC	0.04	0.04	-0.42	-5.83	-9.80	0.48	-0.44	0.19	-1.47	-1.33	3.53	3.06	3.11	-2.97	6.53	-1.94	34.46	31.76	5.57	4.02	14.37	5.10	0.06	0.06	0.19	5.92	1.01	1.73	0.40	0.25	0.27	3.22	4.85	2.68	0.36	0.25	1.05	1.46	
CCAAG	0.09	-0.03	-0.28	-1.92	-9.71	-1.00	-0.45	-0.03	-1.38	-1.23	3.43	3.10	2.38	-2.30	4.74	-3.40	34.65	34.56	5.36	4.16	13.57	5.76	0.01	0.00	0.02	0.49	0.41	0.11	0.21	0.08	0.17	2.35	4.14	0.27	0.19	0.08	0.55	2.01	
CCACA	0.10	-0.03	0.03	2.27	-7.33	-0.79	-0.31	0.26	-1.27	-1.48	3.21	3.29	1.19	-1.16	2.59	-1.79	34.79	33.11	5.81	4.07	12.89	6.31	0.01	0.01	0.03	0.42	0.32	0.33	0.29	0.12	0.05	1.22	2.29	0.95	0.12	0.10	1.01	2.35	
CCACC	0.11	-0.03	-0.01	2.33	-7.11	-0.64	-0.31	0.25	-1.33	-1.52	3.23	3.33	1.26	-0.99	2.46	-2.67	34.27	33.95	5.56	4.04	13.92	5.69	0.01	0.01	0.04	1.02	0.69	0.23	0.29	0.11	0.06	1.16	2.61	0.37	0.17	0.07	0.66	2.09	
CCACG	0.11	-0.03	-0.03	2.43	-7.87	-0.65	-0.31	0.24	-1.33	-1.48	3.24	3.32	1.39	-0.79	3.23	-2.37	34.18	33.89	5.49	3.91	14.52	1.26	0.01	0.01	0.02	0.96	0.40	0.30	0.28	0.09	0.04	1.12	2.84	0.40	0.11	0.07	0.62	1.85	
CCAGA	0.11	-0.02	-0.09	-0.79	-6.09	-0.54	-0.31	0.27	-1.50	-1.72	3.31	3.31	1.48	-2.20	2.85	-1.57	33.91	30.98	5.58	3.94	14.62	4.51	0.01	0.01	0.06	1.87	0.93	0.21	0.30	0.12	0.05	1.89	2.46	1.55	0.15	0.08	0.72	2.21	
CCAGC	0.10	-0.03	-0.09	-0.94	-5.87	-0.47	-0.28	0.24	-1.49	-1.72	3.32	3.28	1.49	-2.17	2.82	-1.96	34.09	30.79	5.54	3.87	14.67	2.44	0.01	0.01	0.03	0.72	0.39	0.17	0.26	0.12	0.04	1.87	2.49	1.68	0.11	0.12	0.66	2.78	
CCAGG	0.09	-0.02	-0.05	0.99	-5.54	-0.38	-0.24	0.24	-1.47	-1.75	3.31	3.29	0.98	-2.36	2.90	-2.76	34.01	31.19	5.41	3.99	14.36	4.86	0.01	0.00	0.03	0.54	0.62	0.12	0.24	0.15	0.04	1.69	2.99	1.44	0.12	0.09	0.62	2.77	
CCATA	0.09	-0.02	-0.07	-2.86	-6.69	-0.60	-0.40	0.03	-1.40	-1.44	3.32	3.17	1.29	-0.75	3.24	-2.84	34.97	31.26	5.83	4.09	13.11	7.31	0.01	0.00	0.02	0.66	0.38	0.11	0.22	0.05	0.07	1.03	3.18	1.87	0.26	0.09	0.56	0.44	
CCATC	0.09	-0.02	-0.15	-3.75	-7.48	-0.47	-0.36	-0.01	-1.47	-1.46	3.37	3.20	1.82	-0.37	4.13	-3.42	34.54	31.66	5.54	4.11	13.44	7.30	0.01	0.00	0.03	0.57	0.53	0.16	0.18	0.05	0.08	1.12	3.90	1.48	0.22	0.08	0.41	0.43	
CCCAA	0.27	-0.05	0.04	0.56	-3.45	0.20	-0.12	-0.43	-1.86	-1.51	3.33	3.54	-0.70	3.32	-0.64	6.64	32.76	34.28	5.34	4.02	13.70	6.84	0.02	0.02	0.08	1.95	1.36	0.26	0.19	0.23	0.16	2.10	4.39	1.23	0.36	0.22	0.45	0.59	
CCCAC	0.26	-0.04	0.13	-1.54	-2.94	0.23	-0.15	-0.30	-1.76	-1.40	3.34	3.28	-0.52	1.86	-1.85	3.04	33.55	33.99	5.57	4.04	14.60	2.75	0.01	0.01	0.02	0.56	0.51	0.08	0.08	0.19	0.06	1.24	2.52	0.50	0.22	0.11	0.51	2.60	
CCCAG	0.27	-0.04	0.10	-1.62	-2.47	0.30	-0.12	-0.33	-1.81	-1.54	3.36	3.37	-0.41	2.17	-1.97	3.61	33.54	33.97	5.24	4.07	15.03	3.36	0.01	0.00	0.01	0.32	0.39	0.05	0.11	0.14	0.05	1.37	2.87	0.35	0.21	0.07	0.57	1.99	
CCCCA	0.29	-0.04	0.05	-1.74	-2.02	0.34	-0.13	-0.13	-1.86	-1.82	3.39	3.34	-0.54	-0.43	-2.10	-1.74	33.49	33.26	5.05	4.11	14.66	5.69	0.01	0.01	0.03	1.00	0.48	0.06	0.04	0.05	0.04	0.24	0.59	0.40	0.14	0.05	0.44	1.37	
CCCCC	0.31	-0.04	0.01	-0.95	-1.03	0.43	-0.09	-0.07	-1.88	-1.90	3.40	3.39	-0.42	0.00	-2.41	-2.04	33.41	33.35	4.71	4.07	15.59	2.32	0.01	0.00	0.01	0.51	0.34	0.05	0.05	0.04	0.02	0.28	0.44	0.36	0.10	0.04	0.29	1.82	
CCCCG	0.28	-0.04	0.05	-1.72	-1.96	0.27	-0.10	-0.14	-1.84	-1.79	3.38	3.35	-0.34	-0.08	-1.76	-1.77	33.61	33.22	4.91	4.15	14.38	6.90	0.01	0.00	0.01	0.37	0.30	0.03	0.03	0.04	0.02	0.19	0.37	0.34	0.13	0.04	0.24	0.23	
CCCGA	0.26	-0.04	0.07	-0.73	-2.92	0.26	-0.10	-0.11	-1.76	-1.55	3.36	3.37	-0.31	1.00	-1.75	3.35	33.58	32.86	5.14	4.14	13.85	6.79	0.01	0.00	0.00	0.17	0.32	0.02	0.04	0.11	0.02	0.70	2.59	0.42	0.11	0.05	0.25	0.22	
CCCGC	0.26	-0.03	0.08	-1.59	-2.75	0.31	-0.13	-0.01	-1.78	-1.60	3.36	3.30	-0.14	0.77	-1.73	2.34	33.41	32.30	5.34	4.06	14.22	5.61	0.01	0.01	0.02	0.69	0.38	0.05	0.07	0.10	0.04	0.54	2.10	0.68	0.19	0.05	0.59	1.37	
CCCGG	0.25	-0.04	0.05	-0.17	-3.26	0.24	-0.15	0.01	-1.78	-1.64	3.35	3.33	-0.44	0.48	-1.59	1.93	33.24	32.53	5.12	4.09	13.84	6.99	0.01	0.01	0.01	0.94	1.22	0.13	0.13	0.09	0.03	0.73	1.91	0.53	0.15	0.07	0.21	0.24	
CCCTA	0.26	-0.02	0.17	-5.24	-0.56	0.32	-0.14	-0.27	-1.89	-1.76	3.46	3.23	-1.14	1.67	-2.27	-2.67	34.12	31.16	4.90	4.22	14.52	6.86	0.00	0.01	0.02	0.59	0.20	0.07	0.07	0.07	0.11	1.41	0.56	1.51	0.36	0.09	0.36	0.26	
CCCTC	0.27	-0.02	0.14	-4.25	-0.03	0.35	-0.12	-0.24	-1.92	-1.80	3.45	3.29	-1.15	2.35	-2.62	-2.73	33.87	31.33	4.73	4.23	14.92	6.53	0.01	0.01	0.01	0.47	0.38	0.07	0.07	0.07	0.08	1.76	0.75	1.30	0.18	0.07	0.25	0.38	
CCGAA	-0.27	-0.04	-0.03	-1.40	-6.08	0.34	-0.08	-0.28	-1.59	-1.40	3.39	3.32	0.34	1.39	3.40	-0.53	32.76	35.61	5.36	4.22	14.09	4.97	0.01	0.00	0.02	0.64	0.34	0.03	0.10	0.11	0.06	0.72	2.17	1.47	0.19	0.10	0.66	2.06	
CCGAC	-0.27	-0.04	-0.05	-2.19	-6.74	0.35	-0.12	-0.21	-1.55	-1.34	3.36	3.18	0.79	-0.18	3.41	-1.52	32.81	35.42	5.54	4.16	13.37	6.96	0.01	0.00	0.01	0.47	0.21	0.05	0.06	0.12	0.09	0.51	2.49	1.34	0.07	0.03	0.23	0.22	
CCGAG	-0.27	-0.03	-0.07	-2.27	-6.12	0.47	-0.05	-0.14	-1.63	-1.52	3.41	3.26	0.46	0.30	4.74	-0.49	32.45	34.73	5.52	4.01	14.00	5.75	0.01	0.00	0.02	0.80	0.26	0.05	0.06	0.09	0.09	0.48	2.73	1.25	0.27	0.07	0.81	2.83	
CCGCA	-0.25	-0.03	0.06	-1.35	-4.13	0.32	-0.02	-0.03	-1.54	-1.47	3.32	3.36	0.37	-0.73	2.75	-0.88	33.13	35.63	5.56	4.10	13.16	7.01	0.01	0.00	0.01	0.47	0.25	0.04	0.03	0.05	0.03	0.56	1.90	1.27	0.19	0.05	0.17	0.20	
CCGCC	-0.25	-0.03	0.04	-0.43	-3.13	0.42	0.01	0.03	-1.63	-1.58	3.33	3.39	0.19	-0.14	2.04	-1.94	32.35	36.27	5.32	4.07	14.33	4.77	0.01	0.00	0.01	0.44	0.28	0.06	0.03	0.05	0.04	0.36	2.09	1.97	0.12	0.05	0.70	2.63	
CCGCG	-0.24	-0.03	0.02	-1.65	-4.25	0.44	-0.00	-0.02	-1.62	-1.54	3.33	3.38	0.63	-0.37	2.68	-1.21	32.35	35.97	5.36	4.07	14.87	2.16	0.01	0.01	0.02	0.65	0.31	0.06	0.05	0.06	0.04	0.57	1.99	1.85	0.13	0.03	0.68	1.99	
CCGGA	-0.25	-0.04	0.06	0.16	-3.19	0.26	-0.00	0.03	-1.62	-1.70	3.34	3.40	-0.37	0.67	1.31	-0.62	32.84	33.60	5.24	4.16	13.80	6.70	0.01	0.00	0.02	0.53	0.49	0.04	0.04	0.06	0.04	0.59	1.34	0.49	0.29	0.13	0.11	0.53	
CCGGC	-0.25	-0.04	0.03	-0.70	-3.58	0.28	0.01	0.10	-1.62	-1.71	3.34	3.33	0.08	0.13	2.24	-1.33	32.62	33.41	5.35	4.06	13.84	6.32	0.01	0.00	0.01	0.32	0.26	0.04	0.07	0.06	0.04	0.44	1.89	0.46	0.13	0.06	0.60	1.91	
CCGTA	-0.26	-0.02	0.01	-5.04	-6.70	0.54	-0.04	-0.27	-1.59	-1.46	3.39	3.29	0.82	-0.13	2.74	-2.19	33.27	33.73	5.32	4.26	13.48	6.75	0.01	0.00	0.02	0.52	0.60	0.14	0.12	0.09	0.06	0.53	2.64	0.42	0.27	0.11	0.86	0.84	
CCGTC	-0.27	-0.02	-0.04	-5.66	-7.15	0.72	-0.03	-0.27	-1.68	-1.50	3.46	3.33	0.78	0.30	3.28	-2.46	33.10	34.10	5.08	4.25	13.72	6.17	0.01	0.00	0.01	0.44	0.30	0.06	0.12	0.10	0.07	0.37	2.94	0.55	0.09	0.04	0.50	1.63	
CCTAA	-0.10	-0.03	0.07	-0.03	-5.77	-1.06	-0.26	-0.15	-1.71	-1.30	3.20	3.31	1.67	1.45	-2.83	5.87	31.45	34.35	5.70	4.09	13.74	6.85	0.00	0.00	0.02	0.79	0.43	0.18	0.06	0.21	0.06	0.15	4.46	1.50	0.13	0.07	0.27	0.31	
CCTAC	-0.10	-0.03	0.06	-1.08	-6.19	-0.84	-0.27	-0.04	-1.76	-1.38	3.26	3.21	1.66	0.27	-2.71	4.46	31.41	34.06	5.65	4.01	14.21	5.85	0.00	0.01	0.02	0.44	0.41	0.24	0.12	0.19	0.03	0.74	3.70	1.42	0.31	0.12	0.42	1.25	
CCTAG	-0.10	-0.03	-0.00	-0.58	-6.51	-0.83	-0.23	-0.00	-1.76	-1.46	3.27	3.28	1.93	0.04	-2.23	4.92	31.47	34.19	5.59	3.99	13.74	7.28	0.01	0.00	0.02	0.43	0.20	0.14	0.12	0.15	0.02	0.95	3.63	1.38	0.26	0.10	0.15	0.27	
CCTCA	-0.09	-0.02	-0.02	-2.32	-6.36	-0.42	-0.26	0.15	-1.79	-1.54	3.30	3.24	2.26	-0.59	-2.49	-0.98	31.54	34.61	5.28	4.09	14.04	7.06	0.01	0.01	0.02	0.70	0.35	0.20	0.20	0.13	0.03	1.43	0.87	1.55	0.12	0.03	0.42	0.22	
CCTCC	-0.08	-0.01	-0.05	-2.08	-5.75	0.11	-0.23	0.15	-1.81	-1.54	3.32	3.27	2.25	-0.25	-3.27	-1.66	31.42	35.55	4.83	4.09	15.26	2.68	0.01	0.01	0.03	1.26	0.65	0.23	0.20	0.15	0.04	1.32	1.24	2.14	0.21	0.09	0.35	2.10	
CCTCG	-0.09	-0.02	-0.02	-2.32	-6.32	-0.45	-0.27	0.12	-1.79	-1.48	3.30	3.23	2.18	-0.09	-2.80	-1.28	31.50	35.04	5.14	4.13	14.04	6.67	0.01	0.01	0.03	0.95	0.34	0.20	0.20	0.16	0.04	1.16	1.03	1.82	0.22	0.07	0.57	1.38	
CCTGA	-0.10	-0.03	-0.03	-0.15	-5.31	-0.68	-0.28	0.23	-1.76	-1.46	3.26	3.34	2.08	-0.68	-3.12	3.63	30.94	34.07	5.45	4.05	13.83	7.01	0.01	0.00	0.02	0.85	0.61	0.17	0.26	0.16	0.05	1.41	3.44	1.61	0.12	0.05	0.19	0.25	
CCTGC	-0.10	-0.02	-0.02	-2.46	-5.92	-0.52	-0.31	0.27	-1.78	-1.40	3.31	3.25	2.28	-0.70	-2.88	2.96	31.08	33.94	5.45	4.01	13.88	6.22	0.01	0.00	0.03	1.43	0.90	0.09	0.29	0.19	0.05	1.53	3.01	1.50	0.26	0.07	0.59	1.94	
CCTTA	-0.14	-0.01	0.10	-7.88	-8.13	-0.98	-0.40	0.01	-1.84	-1.27	3.41	3.07	2.15	1.64	-4.02	-3.71	32.34	34.66	4.89	4.33	14.04	6.51	0.01	0.01	0.03	0.95	0.42	0.10	0.22	0.29	0.17	0.33	1.10	1.20	0.46	0.12	0.55	0.51	
CCTTC	-0.12	-0.01	0.04	-6.61	-7.38	-0.56	-0.34	0.02	-1.86	-1.28	3.40	3.10	2.24	2.16	-3.57	-3.82	32.02	34.75	4.61	4.35	14.53	5.72	0.01	0.01	0.02	0.60	0.36	0.12	0.19	0.29	0.15	0.17	0.67	1.40	0.24	0.07	0.20	0.73	
CGAAA	0.10	-0.03	-0.22	0.83	-10.58	-1.21	-0.28	-0.20	-1.38	-1.09	3.32	3.18	1.50	-1.14	-0.38	-2.61	35.62	35.88	4.83	4.55	13.22	5.99	0.01	0.00	0.02	0.99	0.37	0.15	0.05	0.15	0.07	1.33	1.38	0.44	0.30	0.11	0.19	0.37	
CGAAC	0.10	-0.02	-0.18	1.63	-10.48	-1.08	-0.30	-0.08	-1.35	-1.13	3.30	3.10	1.18	-1.83	-0.26	-3.31	35.61	35.58	5.03	4.39	13.33	6.47	0.01	0.01	0.02	0.90	0.30	0.17	0.12	0.13	0.11	1.51	1.77	0.35	0.32	0.08	0.37	0.32	
CGAAG	0.10	-0.03	-0.22	-0.10	-9.80	-1.02	-0.28	-0.01	-1.45	-1.27	3.33	3.13	1.45	-1.98	-0.16	-3.70	35.23	35.11	4.96	4.31	13.70	6.54	0.01	0.00	0.04	1.32	0.54	0.17	0.15	0.11	0.11	1.75	2.04	0.57	0.34	0.11	0.36	0.47	
CGACA	0.11	-0.03	0.05	3.88	-8.25	-0.77	-0.20	0.28	-1.31	-1.50	3.18	3.33	-0.25	-0.72	-1.70	-2.39	35.73	34.23	5.32	4.23	13.10	6.97	0.00	0.01	0.02	0.95	0.25	0.24	0.25	0.10	0.08	0.29	0.64	0.82	0.23	0.09	0.27	0.30	
CGACC	0.11	-0.02	0.02	4.43	-8.09	-0.43	-0.13	0.28	-1.35	-1.57	3.20	3.38	0.17	-0.55	-2.17	-3.49	35.73	34.74	4.85	4.27	13.79	6.54	0.01	0.01	0.03	1.20	0.37	0.21	0.21	0.12	0.09	0.47	1.04	0.65	0.34	0.10	0.36	0.73	
CGACG	0.11	-0.02	0.03	4.23	-8.49	-0.67	-0.21	0.26	-1.33	-1.49	3.19	3.34	-0.04	-0.36	-1.47	-2.51	35.57	34.26	5.20	4.21	12.99	7.12	0.01	0.01	0.02	0.88	0.38	0.17	0.24	0.09	0.08	0.25	0.77	0.76	0.20	0.06	0.36	0.39	
CGAGA	0.10	-0.02	-0.03	1.53	-6.79	-0.68	-0.14	0.23	-1.47	-1.72	3.24	3.32	0.16	-2.04	-1.15	-1.90	35.24	31.51	5.12	4.18	14.10	5.91	0.01	0.01	0.03	0.89	0.57	0.35	0.21	0.14	0.05	1.12	1.12	1.98	0.19	0.10	0.50	2.13	
CGAGC	0.10	-0.03	-0.04	1.11	-6.78	-0.64	-0.15	0.23	-1.47	-1.73	3.25	3.28	0.17	-2.14	-1.22	-2.22	35.31	31.41	5.22	4.14	13.86	6.90	0.01	0.01	0.02	0.76	0.31	0.17	0.19	0.14	0.03	1.19	0.86	1.98	0.21	0.08	0.31	0.46	
CGATA	0.10	-0.02	-0.06	-2.58	-7.63	-0.73	-0.22	0.04	-1.47	-1.49	3.29	3.20	0.02	-0.19	-0.47	-3.35	35.68	31.89	5.43	4.21	13.33	7.12	0.01	0.00	0.02	0.60	0.54	0.15	0.13	0.03	0.05	0.22	1.56	1.93	0.24	0.06	0.37	0.71	
CGATC	0.10	-0.02	-0.11	-2.49	-7.79	-0.61	-0.19	0.02	-1.50	-1.50	3.31	3.23	0.47	0.11	-0.57	-4.15	35.57	32.29	5.02	4.26	13.80	6.79	0.01	0.00	0.02	0.80	0.45	0.22	0.11	0.04	0.05	0.29	2.11	1.73	0.38	0.13	0.60	1.20	
CGCAA	0.25	-0.04	0.11	1.45	-4.14	0.18	0.02	-0.45	-1.51	-1.21	3.36	3.35	-0.32	2.21	-0.83	4.82	35.49	34.85	5.80	4.20	12.76	6.46	0.01	0.00	0.02	0.65	0.30	0.05	0.24	0.16	0.03	1.28	2.85	0.43	0.18	0.05	0.69	1.61	
CGCAC	0.25	-0.04	0.15	-0.12	-4.13	0.16	-0.04	-0.30	-1.48	-1.20	3.36	3.20	-0.60	1.08	-0.64	3.27	35.54	34.69	5.86	4.15	12.55	7.24	0.01	0.01	0.01	0.54	0.29	0.05	0.14	0.15	0.08	0.86	2.02	0.57	0.15	0.05	0.22	0.20	
CGCAG	0.26	-0.04	0.10	0.59	-3.85	0.24	0.01	-0.27	-1.52	-1.39	3.36	3.29	-0.30	1.00	-0.89	3.64	35.66	34.24	5.70	4.10	13.01	6.83	0.01	0.00	0.01	0.47	0.33	0.05	0.15	0.07	0.05	0.74	2.33	0.79	0.14	0.05	0.68	1.62	
CGCCA	0.28	-0.04	0.06	-0.47	-2.98	0.32	0.02	-0.10	-1.56	-1.75	3.40	3.34	-0.16	-0.56	-1.90	-1.48	36.36	33.60	5.14	4.20	14.24	5.27	0.02	0.01	0.02	0.75	0.74	0.10	0.13	0.10	0.06	0.32	1.73	1.62	0.33	0.14	0.96	2.17	
CGCCC	0.28	-0.04	0.05	0.09	-2.89	0.32	0.02	-0.08	-1.57	-1.76	3.39	3.36	-0.10	-0.41	-1.66	-1.63	36.18	33.85	5.12	4.17	13.89	6.97	0.01	0.00	0.02	0.81	0.48	0.05	0.07	0.11	0.02	0.34	0.56	1.29	0.11	0.06	0.25	0.26	
CGCCG	0.27	-0.04	0.07	-0.28	-3.17	0.24	0.01	-0.09	-1.55	-1.70	3.38	3.33	-0.16	-0.13	-1.46	-1.33	36.24	33.59	5.19	4.17	13.35	7.04	0.01	0.00	0.01	0.60	0.26	0.04	0.06	0.08	0.03	0.20	0.41	1.37	0.11	0.04	0.35	0.61	
CGCGA	0.25	-0.03	0.03	1.22	-4.27	0.40	0.02	-0.09	-1.56	-1.55	3.39	3.38	0.24	0.21	-1.20	4.50	36.04	32.65	5.51	4.11	14.84	2.65	0.01	0.00	0.01	0.52	0.27	0.05	0.07	0.04	0.03	0.29	2.88	1.73	0.13	0.04	0.44	1.31	
CGCGC	0.25	-0.03	0.04	0.36	-4.22	0.40	0.00	-0.01	-1.55	-1.57	3.39	3.31	0.12	-0.11	-1.20	3.12	36.06	32.44	5.45	4.06	14.90	1.77	0.01	0.00	0.02	0.80	0.37	0.06	0.04	0.05	0.05	0.29	2.20	1.85	0.14	0.04	0.54	1.67	
CGCTA	0.25	-0.02	0.18	-4.15	-1.63	0.22	-0.01	-0.22	-1.62	-1.69	3.44	3.23	-1.23	1.66	-1.71	-2.20	36.72	31.38	5.29	4.22	13.60	6.92	0.01	0.01	0.01	0.38	0.27	0.05	0.11	0.04	0.11	1.45	0.51	2.68	0.13	0.04	0.43	0.76	
CGCTC	0.25	-0.02	0.16	-3.69	-1.32	0.25	0.01	-0.21	-1.64	-1.72	3.44	3.27	-1.10	2.26	-1.98	-1.89	36.68	31.47	5.09	4.25	13.91	6.97	0.01	0.01	0.01	0.53	0.26	0.06	0.12	0.05	0.09	1.70	0.64	2.63	0.12	0.04	0.25	0.22	
CGGAA	-0.27	-0.04	0.00	0.23	-5.36	0.19	0.08	-0.38	-1.70	-1.40	3.42	3.35	0.61	1.25	-1.46	-1.80	34.24	35.82	4.93	4.39	13.74	6.27	0.05	0.01	0.01	0.74	0.34	0.08	0.31	0.16	0.10	1.33	4.06	1.65	0.80	0.25	0.47	0.66	
CGGAC	-0.29	-0.05	-0.03	-1.42	-6.07	0.25	0.02	-0.22	-1.70	-1.36	3.41	3.22	0.77	0.26	-0.38	-1.73	33.84	36.17	5.14	4.27	13.96	5.86	0.01	0.00	0.02	0.86	0.35	0.07	0.13	0.17	0.10	0.35	0.87	1.23	0.14	0.06	0.61	2.03	
CGGAG	-0.28	-0.04	-0.03	-0.70	-5.07	0.24	0.07	-0.11	-1.75	-1.51	3.40	3.28	0.75	0.60	-0.61	-1.83	33.51	35.79	5.09	4.20	13.96	6.89	0.01	0.00	0.02	0.64	0.31	0.04	0.10	0.12	0.07	0.24	0.82	1.19	0.11	0.05	0.27	0.22	
CGGCA	-0.27	-0.04	0.08	0.22	-3.11	0.27	0.09	-0.01	-1.70	-1.57	3.33	3.38	0.05	-0.22	-1.26	-1.38	33.58	36.23	5.24	4.19	13.49	6.70	0.01	0.00	0.02	0.56	0.30	0.06	0.06	0.08	0.03	0.21	0.36	1.36	0.13	0.05	0.55	1.47	
CGGCC	-0.27	-0.04	0.06	0.77	-2.72	0.32	0.11	0.02	-1.74	-1.60	3.33	3.41	0.21	0.11	-1.30	-2.00	33.23	36.85	5.08	4.15	13.93	6.96	0.01	0.01	0.01	0.52	0.34	0.05	0.06	0.08	0.04	0.24	0.59	1.86	0.16	0.08	0.35	0.40	
CGGGA	-0.28	-0.04	0.09	1.90	-2.56	0.18	0.13	0.05	-1.73	-1.75	3.33	3.42	-0.07	0.94	-1.93	-0.91	33.56	34.12	5.12	4.16	13.84	6.79	0.00	0.00	0.02	0.42	0.21	0.04	0.05	0.03	0.05	0.51	0.69	0.38	0.08	0.05	0.18	0.23	
CGGGC	-0.28	-0.04	0.05	0.59	-2.73	0.23	0.12	0.09	-1.78	-1.77	3.36	3.37	0.23	0.45	-1.69	-1.71	33.48	33.78	4.99	4.16	14.13	6.46	0.01	0.01	0.01	0.51	0.34	0.06	0.05	0.04	0.02	0.29	0.47	0.40	0.12	0.07	0.43	1.63	
CGGTA	-0.28	-0.03	0.04	-3.77	-5.99	0.37	0.06	-0.21	-1.71	-1.52	3.40	3.33	0.24	0.52	-0.83	-2.35	34.27	34.43	5.14	4.27	13.31	7.16	0.01	0.00	0.02	0.55	0.27	0.06	0.14	0.10	0.04	0.25	0.92	0.30	0.21	0.06	0.28	0.25	
CGGTC	-0.28	-0.03	-0.00	-3.77	-5.99	0.44	0.07	-0.22	-1.76	-1.55	3.43	3.37	0.59	0.97	-0.84	-2.77	34.17	34.65	4.83	4.31	13.71	6.80	0.01	0.00	0.01	0.50	0.35	0.06	0.15	0.11	0.04	0.27	1.07	0.33	0.11	0.05	0.23	0.22	
CGTAA	-0.11	-0.03	0.10	-0.60	-7.71	-0.99	-0.22	-0.12	-1.48	-1.25	3.29	3.29	0.01	1.40	-2.05	6.35	33.76	34.26	6.02	4.06	13.07	5.87	0.01	0.01	0.03	0.90	0.49	0.23	0.07	0.13	0.03	0.75	4.35	0.66	0.26	0.11	0.97	2.08	
CGTAC	-0.12	-0.03	0.07	-2.91	-8.84	-0.84	-0.26	0.00	-1.50	-1.30	3.32	3.18	0.11	-0.11	-2.07	4.68	34.24	34.20	5.80	3.96	14.14	3.37	0.01	0.01	0.03	1.24	0.55	0.25	0.14	0.12	0.08	0.28	3.45	0.51	0.24	0.10	1.17	2.92	
CGTAG	-0.11	-0.03	0.03	-2.39	-8.43	-0.68	-0.21	0.02	-1.51	-1.37	3.32	3.24	0.37	-0.09	-2.15	4.93	34.21	34.25	5.78	3.93	14.02	4.22	0.01	0.01	0.03	0.87	0.48	0.17	0.12	0.08	0.05	0.37	3.61	0.46	0.17	0.08	1.08	3.06	
CGTCA	-0.11	-0.02	0.03	-4.30	-8.47	-0.72	-0.27	0.23	-1.49	-1.38	3.33	3.19	0.30	-0.42	-2.40	-1.16	34.29	35.19	5.34	4.18	13.21	6.91	0.01	0.01	0.02	0.86	0.38	0.27	0.25	0.06	0.07	0.40	0.82	0.57	0.23	0.05	0.48	0.91	
CGTCC	-0.10	-0.02	-0.01	-3.23	-8.11	-0.30	-0.23	0.22	-1.51	-1.38	3.33	3.23	0.54	-0.31	-2.49	-1.78	34.01	36.14	5.05	4.19	13.76	6.18	0.01	0.01	0.02	1.02	0.65	0.20	0.23	0.08	0.05	0.52	0.56	1.15	0.08	0.06	0.54	2.11	
CGTGA	-0.11	-0.03	0.03	-4.05	-8.08	-0.98	-0.29	0.29	-1.45	-1.17	3.31	3.25	0.45	-0.72	-2.49	4.27	33.80	34.66	5.81	4.11	12.80	7.01	0.01	0.00	0.02	1.23	0.28	0.16	0.29	0.15	0.04	0.62	3.41	0.51	0.16	0.04	0.51	1.01	
CGTGC	-0.11	-0.04	0.02	-4.21	-8.40	-0.85	-0.29	0.32	-1.45	-1.19	3.32	3.20	0.50	-1.05	-2.27	3.22	33.78	34.75	5.79	4.09	12.48	7.37	0.01	0.00	0.02	0.62	0.32	0.17	0.31	0.14	0.06	0.80	2.80	0.56	0.22	0.06	0.32	0.26	
CGTTA	-0.15	-0.02	0.10	-10.20	-11.31	-1.24	-0.45	0.15	-1.51	-1.09	3.38	3.05	-0.36	1.52	-2.86	-2.63	34.91	35.27	5.06	4.35	12.87	6.65	0.01	0.01	0.02	1.23	0.48	0.20	0.31	0.21	0.17	0.97	0.89	0.41	0.31	0.08	0.52	0.94	
CGTTC	-0.15	-0.02	0.08	-9.67	-11.06	-1.02	-0.40	0.12	-1.53	-1.09	3.40	3.08	-0.04	1.93	-2.93	-2.93	34.90	35.71	4.77	4.39	13.09	6.53	0.01	0.01	0.02	0.47	0.31	0.17	0.26	0.22	0.16	1.00	0.54	0.48	0.16	0.05	0.25	0.27	
CTAAA	0.08	-0.02	-0.20	0.97	-11.18	-1.01	-0.13	-0.29	-1.33	-1.03	3.36	3.15	1.30	-1.02	6.50	-1.41	34.22	35.72	6.01	4.11	13.32	5.89	0.02	0.01	0.03	0.92	0.69	0.27	0.10	0.16	0.12	1.18	4.16	0.87	0.40	0.17	0.60	1.84	
CTAAC	0.10	-0.03	-0.15	1.01	-10.65	-1.16	-0.13	-0.10	-1.31	-1.12	3.32	3.06	1.22	-1.52	5.90	-2.89	34.52	35.18	6.04	4.08	13.31	6.34	0.01	0.00	0.02	1.02	0.31	0.21	0.06	0.11	0.14	1.40	4.47	0.51	0.12	0.08	0.53	1.64	
CTAAG	0.10	-0.03	-0.21	-1.08	-10.31	-1.07	-0.12	-0.05	-1.39	-1.24	3.40	3.09	1.31	-1.86	6.27	-3.25	34.66	35.04	5.33	4.22	13.62	5.96	0.01	0.00	0.02	0.77	0.50	0.14	0.05	0.09	0.16	1.61	4.85	0.36	0.20	0.09	0.51	1.88	
CTACA	0.13	-0.02	0.09	2.29	-8.60	-1.56	-0.06	0.31	-1.29	-1.48	3.20	3.31	-0.07	-0.43	3.24	-3.23	35.06	33.91	5.85	3.97	13.06	7.08	0.03	0.03	0.03	0.78	1.97	1.40	0.21	0.14	0.07	0.24	4.22	1.02	0.60	0.16	0.25	0.69	
CTACC	0.12	-0.03	0.03	2.17	-8.07	-0.66	-0.03	0.22	-1.40	-1.56	3.25	3.35	-0.07	-0.60	4.24	-2.68	34.30	34.55	5.61	4.00	14.03	5.44	0.01	0.01	0.03	2.01	1.09	0.21	0.15	0.10	0.07	0.51	3.67	0.75	0.30	0.18	0.77	2.27	
CTAGA	0.10	-0.03	-0.00	0.19	-6.98	-0.86	0.00	0.18	-1.44	-1.69	3.29	3.28	-0.02	-1.77	5.27	-1.22	34.35	31.57	5.86	3.96	13.73	7.25	0.01	0.01	0.01	0.45	0.27	0.20	0.10	0.13	0.01	0.88	3.32	1.42	0.20	0.10	0.44	0.42	
CTAGC	0.11	-0.03	-0.00	-0.72	-6.54	-0.88	-0.02	0.21	-1.46	-1.70	3.29	3.23	0.07	-1.82	4.03	-2.24	34.66	31.36	5.68	4.00	13.65	7.27	0.00	0.00	0.02	0.69	0.33	0.12	0.12	0.12	0.03	0.96	3.25	1.67	0.19	0.11	0.22	0.20	
CTATA	0.10	-0.02	-0.03	-3.51	-7.69	-0.67	-0.02	-0.01	-1.44	-1.50	3.33	3.19	0.12	-0.08	5.66	-3.10	34.63	31.97	5.84	4.04	13.26	7.32	0.01	0.01	0.03	0.65	0.45	0.18	0.03	0.04	0.08	0.22	4.51	1.38	0.21	0.11	0.50	0.89	
CTATC	0.11	-0.01	-0.08	-1.96	-8.88	-0.36	-0.04	0.05	-1.50	-1.55	3.36	3.25	-0.03	0.45	6.37	-4.19	33.94	32.43	5.33	4.11	14.07	5.89	0.02	0.01	0.03	2.48	1.81	0.22	0.11	0.08	0.08	0.67	5.62	1.44	0.63	0.24	0.78	2.20	
CTCAA	0.27	-0.04	0.01	2.26	-6.36	0.20	0.18	-0.46	-1.54	-1.13	3.26	3.38	-0.80	1.87	-0.68	5.89	34.56	34.65	5.83	4.16	13.73	6.40	0.00	0.00	0.01	0.79	0.45	0.06	0.32	0.21	0.06	1.36	3.47	0.44	0.22	0.10	0.53	0.51	
CTCAC	0.27	-0.04	0.02	1.63	-6.50	0.25	0.16	-0.28	-1.51	-1.26	3.28	3.30	-0.84	0.67	-0.57	4.33	34.95	34.48	5.72	4.16	13.63	6.13	0.00	0.00	0.03	0.94	0.37	0.07	0.22	0.15	0.05	0.78	2.55	0.42	0.14	0.08	0.69	1.52	
CTCAG	0.27	-0.04	-0.00	1.97	-6.08	0.28	0.15	-0.26	-1.54	-1.41	3.27	3.36	-0.80	0.60	-0.89	4.27	34.84	34.47	5.59	4.13	13.73	6.95	0.01	0.00	0.02	1.03	0.55	0.09	0.21	0.08	0.06	0.78	2.73	0.53	0.11	0.06	0.23	0.23	
CTCCA	0.29	-0.05	-0.05	1.36	-5.45	0.27	0.12	-0.02	-1.50	-1.78	3.27	3.44	-0.52	-1.25	-1.81	-0.78	35.80	33.91	5.08	4.20	14.55	5.09	0.01	0.01	0.04	1.32	0.47	0.05	0.10	0.15	0.11	0.55	1.37	1.14	0.15	0.06	0.61	1.94	
CTCCC	0.30	-0.05	-0.09	2.36	-4.60	0.37	0.14	0.00	-1.56	-1.88	3.29	3.47	-0.70	-0.87	-1.87	-0.82	35.58	33.61	4.86	4.14	15.31	3.39	0.01	0.01	0.03	1.01	0.55	0.06	0.09	0.17	0.10	0.48	0.81	1.12	0.13	0.08	0.31	2.11	
CTCGA	0.26	-0.03	-0.09	3.64	-6.72	0.48	0.20	-0.02	-1.54	-1.60	3.30	3.49	-0.53	-0.16	-0.31	5.47	34.94	33.01	5.46	4.06	14.77	2.32	0.01	0.01	0.03	1.04	0.57	0.10	0.13	0.08	0.10	0.53	3.02	1.22	0.16	0.06	0.62	2.45	
CTCGC	0.26	-0.03	-0.05	1.79	-6.31	0.37	0.13	0.07	-1.48	-1.58	3.25	3.39	-0.23	-0.30	-1.17	4.39	35.13	32.59	5.46	4.09	13.86	5.99	0.01	0.01	0.02	0.66	0.37	0.04	0.04	0.06	0.07	0.21	2.82	1.30	0.11	0.03	0.46	1.28	
CTCTA	0.26	-0.03	0.10	-2.92	-3.22	0.19	0.15	-0.21	-1.64	-1.72	3.38	3.29	-1.79	1.61	-0.29	-1.35	35.43	31.40	5.38	4.17	14.42	5.78	0.01	0.00	0.02	0.61	0.41	0.05	0.19	0.08	0.07	1.78	1.04	2.13	0.22	0.05	0.64	1.76	
CTCTC	0.27	-0.03	0.08	-2.10	-2.54	0.25	0.13	-0.19	-1.65	-1.75	3.37	3.32	-1.73	1.97	-1.65	-1.93	35.62	31.39	5.00	4.26	15.03	5.24	0.01	0.00	0.01	0.46	0.36	0.05	0.16	0.07	0.04	1.87	0.91	2.15	0.15	0.07	0.23	1.65	
CTGAA	-0.28	-0.04	0.05	0.12	-5.95	0.25	0.28	-0.34	-1.38	-1.42	3.35	3.32	-1.15	1.77	5.44	0.57	34.18	35.08	5.89	4.19	13.52	5.69	0.01	0.01	0.02	0.39	0.18	0.03	0.31	0.08	0.04	1.49	2.65	0.76	0.23	0.18	0.74	2.43	
CTGAC	-0.28	-0.04	0.02	-1.24	-6.43	0.27	0.22	-0.22	-1.38	-1.40	3.34	3.21	-0.65	0.47	4.57	-1.29	34.37	35.20	5.73	4.16	13.37	6.97	0.01	0.00	0.01	0.53	0.22	0.05	0.22	0.05	0.07	0.60	3.00	0.61	0.17	0.07	0.17	0.25	
CTGCA	-0.26	-0.04	0.12	-0.33	-3.68	0.26	0.26	-0.03	-1.37	-1.53	3.28	3.37	-1.10	-0.16	3.43	-0.81	34.50	35.75	5.74	4.12	13.44	6.06	0.01	0.00	0.02	0.55	0.35	0.08	0.15	0.10	0.06	0.51	2.20	0.76	0.22	0.07	0.77	2.34	
CTGCC	-0.26	-0.03	0.09	-0.44	-3.20	0.33	0.29	0.01	-1.47	-1.60	3.31	3.39	-1.01	0.17	3.38	-1.40	33.75	36.23	5.51	4.11	14.02	6.17	0.01	0.00	0.01	0.89	0.53	0.05	0.16	0.08	0.05	0.66	2.59	1.34	0.19	0.10	0.65	1.78	
CTGGA	-0.27	-0.04	0.10	1.12	-2.98	0.24	0.32	0.06	-1.53	-1.79	3.36	3.42	-1.98	1.21	3.37	-0.76	34.03	33.74	5.24	4.14	14.65	4.36	0.01	0.00	0.02	0.73	0.51	0.06	0.14	0.14	0.06	1.66	2.23	0.47	0.21	0.09	0.59	1.76	
CTGGC	-0.27	-0.04	0.09	0.08	-3.34	0.20	0.30	0.10	-1.47	-1.74	3.34	3.33	-1.45	0.52	3.13	-1.52	34.29	33.53	5.40	4.13	14.17	5.56	0.01	0.00	0.02	0.51	0.42	0.05	0.11	0.14	0.05	1.04	2.43	0.50	0.18	0.06	0.76	1.81	
CTGTA	-0.28	-0.03	0.09	-4.11	-6.49	0.46	0.26	-0.26	-1.39	-1.49	3.34	3.30	-0.96	0.46	3.96	-1.95	34.82	33.82	5.61	4.24	13.21	7.07	0.01	0.00	0.03	0.89	0.52	0.08	0.27	0.08	0.04	0.77	3.09	0.71	0.25	0.08	0.47	0.34	
CTGTC	-0.27	-0.03	0.04	-4.78	-6.88	0.52	0.27	-0.29	-1.44	-1.51	3.38	3.34	-0.66	0.68	3.98	-2.46	34.79	34.25	5.34	4.28	13.47	6.75	0.01	0.00	0.01	0.13	0.22	0.06	0.28	0.04	0.03	0.68	3.24	0.37	0.10	0.04	0.11	0.11	
CTTAA	-0.11	-0.02	-0.15	2.04	-9.57	-1.25	0.05	-0.03	-1.29	-1.27	3.10	3.42	1.51	-0.08	-3.71	6.23	34.68	34.81	5.55	4.27	13.46	6.18	0.01	0.00	0.01	0.56	0.33	0.16	0.07	0.08	0.16	0.81	5.09	0.54	0.18	0.08	0.11	0.44	
CTTAC	-0.10	-0.02	-0.17	0.91	-10.31	-1.14	0.04	0.10	-1.26	-1.33	3.10	3.32	1.66	-1.31	-3.21	5.90	34.87	34.34	5.65	4.15	13.57	5.89	0.01	0.01	0.03	1.04	0.54	0.16	0.06	0.05	0.11	1.50	4.66	0.57	0.29	0.10	0.49	1.41	
CTTCA	-0.10	-0.03	-0.23	-0.32	-10.24	-1.14	0.03	0.29	-1.26	-1.48	3.14	3.36	2.15	-1.93	-3.01	0.22	35.14	35.10	5.01	4.29	13.86	6.44	0.01	0.00	0.02	1.11	0.73	0.23	0.15	0.12	0.11	2.08	1.81	0.78	0.18	0.07	0.20	0.23	
CTTCC	-0.08	-0.03	-0.29	1.46	-9.44	-0.52	0.05	0.33	-1.26	-1.52	3.13	3.42	2.17	-1.84	-3.81	-0.34	35.02	36.09	4.74	4.24	14.98	1.35	0.01	0.01	0.03	0.97	0.38	0.15	0.15	0.13	0.15	2.02	1.86	0.70	0.12	0.06	0.22	1.31	
CTTGA	-0.10	-0.03	-0.24	-0.06	-9.98	-1.46	-0.01	0.46	-1.23	-1.26	3.12	3.42	2.16	-1.67	-3.44	5.51	34.76	34.53	5.59	4.23	13.12	6.68	0.02	0.01	0.03	1.24	0.70	0.73	0.26	0.10	0.15	1.93	4.65	0.57	0.28	0.07	0.31	0.33	
CTTGC	-0.09	-0.03	-0.24	-0.29	-9.90	-1.05	0.01	0.42	-1.21	-1.29	3.12	3.35	2.25	-2.32	-3.39	4.47	34.89	34.37	5.47	4.21	13.18	6.63	0.01	0.01	0.04	1.15	0.57	0.10	0.23	0.08	0.12	2.32	4.01	0.75	0.27	0.07	0.35	0.31	
CTTTA	-0.15	-0.03	-0.11	-6.34	-12.85	-1.72	-0.13	0.23	-1.25	-1.07	3.20	3.17	1.82	0.98	-3.87	-1.56	36.11	35.70	4.57	4.51	13.26	5.81	0.01	0.00	0.02	0.83	0.41	0.24	0.19	0.10	0.03	0.47	1.34	0.33	0.29	0.09	0.21	0.28	
CTTTC	-0.15	-0.02	-0.13	-5.43	-11.93	-1.54	-0.13	0.23	-1.26	-1.08	3.19	3.17	1.87	1.31	-4.95	-3.00	36.10	35.91	4.40	4.56	13.53	5.25	0.01	0.01	0.03	0.98	0.78	0.34	0.19	0.10	0.02	0.35	1.35	0.43	0.25	0.06	0.26	0.55	
GAAAA	0.16	-0.01	-0.16	6.00	-13.16	-2.28	-0.30	-0.12	-1.02	-1.05	3.17	3.23	-1.13	-1.03	-3.68	-4.32	36.33	37.00	4.29	4.71	13.19	4.32	0.02	0.03	0.10	0.88	1.60	0.87	0.15	0.09	0.05	0.41	1.80	0.85	0.59	0.17	0.33	0.68	
GAAAC	0.14	-0.03	-0.11	6.57	-12.76	-1.63	-0.29	0.00	-1.02	-1.11	3.15	3.15	-1.47	-1.77	-2.18	-3.35	36.01	36.17	4.83	4.55	13.32	5.41	0.01	0.00	0.02	1.17	0.49	0.18	0.16	0.06	0.02	0.24	1.09	0.32	0.24	0.06	0.37	0.70	
GAACA	0.14	-0.01	0.08	9.27	-10.91	-0.99	-0.14	0.40	-1.09	-1.55	3.09	3.39	-2.20	-0.37	-3.14	-2.74	35.68	34.81	4.84	4.39	13.09	6.42	0.01	0.01	0.04	1.87	0.74	0.26	0.28	0.23	0.16	0.97	1.18	0.64	0.32	0.11	0.49	0.71	
GAACC	0.15	-0.02	0.06	8.53	-10.08	-0.91	-0.08	0.33	-1.16	-1.60	3.11	3.44	-1.83	-0.53	-3.83	-3.59	35.45	35.19	4.48	4.43	13.99	5.71	0.01	0.01	0.02	1.06	0.82	0.21	0.24	0.23	0.17	0.80	1.00	0.63	0.34	0.08	0.28	0.65	
GAAGA	0.13	-0.02	0.05	6.57	-8.18	-0.96	-0.03	0.26	-1.26	-1.78	3.12	3.43	-2.10	-2.04	-3.49	-2.28	35.05	32.42	4.77	4.38	14.12	6.08	0.01	0.01	0.03	0.94	0.51	0.27	0.15	0.26	0.16	0.22	1.33	1.39	0.37	0.12	0.35	0.92	
GAAGC	0.13	-0.02	0.02	4.95	-8.01	-0.94	-0.07	0.29	-1.26	-1.77	3.13	3.35	-2.20	-2.17	-3.36	-2.78	34.96	32.06	4.84	4.29	14.39	4.62	0.01	0.00	0.02	0.69	0.40	0.15	0.19	0.26	0.12	0.17	0.66	1.48	0.14	0.06	0.23	0.92	
GAATA	0.14	-0.02	-0.03	2.95	-10.01	-1.21	-0.16	0.13	-1.19	-1.54	3.17	3.28	-2.21	0.22	-3.10	-4.85	35.93	32.92	4.66	4.47	13.65	6.33	0.01	0.01	0.01	0.42	0.53	0.27	0.15	0.18	0.06	1.23	1.58	1.57	0.40	0.09	0.39	0.39	
GAATC	0.15	-0.02	-0.05	3.24	-9.46	-1.04	-0.11	0.16	-1.24	-1.57	3.18	3.30	-2.04	0.68	-3.18	-5.55	35.53	32.93	4.49	4.45	14.26	4.60	0.01	0.00	0.01	0.89	0.49	0.20	0.15	0.17	0.07	1.38	1.45	1.33	0.23	0.05	0.38	1.03	
GACAA	0.27	-0.04	0.05	5.54	-7.48	0.32	0.28	-0.51	-1.50	-1.19	3.32	3.42	-0.88	2.13	-1.95	6.28	33.76	34.98	5.70	4.36	12.92	6.42	0.01	0.01	0.02	0.63	0.55	0.12	0.40	0.18	0.06	1.52	4.20	0.69	0.27	0.07	0.57	0.31	
GACAC	0.26	-0.03	0.08	4.45	-7.25	0.41	0.22	-0.32	-1.48	-1.27	3.33	3.32	-0.99	0.94	-2.01	4.23	34.03	34.92	5.54	4.30	12.92	6.86	0.01	0.00	0.02	0.49	0.38	0.07	0.27	0.12	0.03	0.98	3.16	0.64	0.14	0.06	0.31	0.25	
GACCA	0.27	-0.04	0.02	3.20	-6.17	0.33	0.22	-0.08	-1.54	-1.75	3.37	3.42	-0.98	-0.89	-2.73	-0.69	34.68	34.30	4.94	4.33	13.92	6.06	0.01	0.00	0.02	0.63	0.40	0.09	0.15	0.11	0.03	0.17	1.13	0.35	0.19	0.04	0.57	1.12	
GACCC	0.29	-0.03	-0.03	4.27	-5.33	0.55	0.27	-0.04	-1.58	-1.86	3.38	3.48	-0.63	-0.85	-3.44	-1.78	34.81	34.36	4.52	4.35	14.81	5.83	0.01	0.00	0.02	0.69	0.50	0.07	0.16	0.14	0.06	0.22	1.06	0.37	0.12	0.04	0.36	0.99	
GACGA	0.26	-0.03	-0.02	5.46	-7.11	0.58	0.26	-0.07	-1.49	-1.59	3.33	3.48	-0.34	-0.13	-2.39	4.81	34.18	33.65	5.21	4.30	13.42	6.55	0.01	0.00	0.02	0.40	0.35	0.10	0.17	0.07	0.08	0.26	3.68	0.39	0.17	0.06	0.43	0.60	
GACGC	0.26	-0.02	-0.03	5.02	-7.38	0.64	0.25	0.03	-1.50	-1.66	3.34	3.46	-0.47	-0.26	-2.45	4.23	34.21	33.02	5.14	4.23	13.74	5.51	0.01	0.00	0.02	0.56	0.41	0.07	0.12	0.09	0.07	0.25	3.37	0.68	0.12	0.04	0.62	1.35	
GACTA	0.25	-0.02	0.13	-0.18	-3.90	0.32	0.21	-0.22	-1.64	-1.72	3.41	3.30	-2.16	2.03	-2.07	-1.00	34.57	31.53	5.30	4.23	13.58	7.12	0.01	0.01	0.01	0.59	0.50	0.06	0.22	0.07	0.07	2.11	1.14	1.57	0.31	0.12	0.63	0.58	
GACTC	0.26	-0.02	0.10	-0.05	-3.11	0.40	0.22	-0.22	-1.71	-1.80	3.46	3.38	-2.04	2.27	-3.57	-2.30	34.87	31.85	4.60	4.39	14.68	5.87	0.01	0.01	0.02	0.60	0.43	0.07	0.22	0.06	0.05	2.17	1.12	1.54	0.25	0.07	0.37	1.54	
GAGAA	-0.26	-0.03	0.12	3.66	-2.40	0.16	0.23	-0.28	-1.75	-1.58	3.32	3.49	-2.03	3.25	-2.79	-1.63	31.51	36.61	4.70	4.46	14.40	5.63	0.01	0.01	0.02	0.88	0.79	0.08	0.27	0.10	0.10	2.66	1.57	2.65	0.30	0.11	0.34	0.79	
GAGAC	-0.27	-0.03	0.10	2.75	-3.46	0.16	0.16	-0.16	-1.69	-1.50	3.32	3.32	-2.15	1.74	-1.45	-1.85	31.76	36.17	4.99	4.32	14.40	6.05	0.01	0.01	0.01	0.66	0.60	0.06	0.17	0.11	0.03	1.97	0.76	2.24	0.17	0.07	0.32	0.88	
GAGCA	-0.25	-0.01	0.19	3.75	-0.94	0.24	0.21	-0.01	-1.71	-1.66	3.25	3.44	-2.28	0.67	-2.44	-2.29	31.46	36.61	5.16	4.29	14.15	6.61	0.01	0.01	0.01	0.46	0.38	0.08	0.12	0.04	0.09	1.48	0.77	2.61	0.25	0.07	0.30	0.26	
GAGCC	-0.25	-0.01	0.14	3.79	-0.53	0.39	0.24	0.03	-1.76	-1.73	3.30	3.48	-2.07	1.13	-2.76	-2.83	31.39	37.06	4.83	4.25	15.11	3.97	0.01	0.00	0.02	0.52	0.22	0.05	0.11	0.04	0.09	1.61	0.61	2.84	0.13	0.07	0.39	2.02	
GAGGA	-0.27	-0.02	0.16	4.34	-0.44	0.28	0.24	0.05	-1.79	-1.88	3.29	3.50	-2.46	1.85	-2.72	-1.37	31.56	34.17	4.92	4.23	14.69	5.98	0.01	0.01	0.01	0.40	0.32	0.08	0.10	0.06	0.11	2.17	0.95	1.34	0.15	0.06	0.50	1.48	
GAGGC	-0.26	-0.02	0.13	3.10	-0.70	0.26	0.22	0.08	-1.80	-1.88	3.30	3.43	-2.32	1.30	-2.42	-2.18	31.38	33.92	4.86	4.22	14.90	5.81	0.01	0.01	0.01	0.48	0.49	0.06	0.08	0.06	0.07	1.83	0.79	1.34	0.19	0.09	0.42	1.23	
GAGTA	-0.26	-0.02	0.14	0.27	-3.05	0.32	0.21	-0.23	-1.76	-1.69	3.34	3.42	-2.39	1.34	-2.76	-3.67	31.76	34.56	4.84	4.37	14.26	6.80	0.02	0.01	0.02	0.64	0.51	0.25	0.25	0.08	0.10	1.94	2.59	1.52	0.57	0.16	0.53	0.47	
GATAA	-0.11	-0.02	-0.02	4.39	-7.66	-0.82	0.03	-0.13	-1.49	-1.35	3.20	3.43	-0.38	1.42	-3.54	7.32	31.94	34.59	5.77	4.17	13.21	6.70	0.13	0.01	0.05	0.84	1.14	0.25	0.11	0.11	0.12	0.94	5.72	1.78	0.45	0.16	0.52	0.74	
GATAC	-0.10	-0.02	-0.03	3.37	-8.06	-0.77	-0.01	0.00	-1.49	-1.40	3.21	3.31	-0.40	0.01	-3.62	5.72	32.10	34.46	5.75	4.07	13.92	5.56	0.01	0.01	0.03	0.83	0.49	0.20	0.05	0.06	0.06	0.30	4.74	1.24	0.25	0.10	0.66	1.55	
GATCA	-0.10	-0.02	-0.11	1.92	-7.81	-0.46	-0.03	0.21	-1.51	-1.56	3.24	3.34	-0.18	-1.04	-4.67	-1.37	32.48	35.60	4.89	4.30	14.18	6.29	0.01	0.01	0.02	1.33	0.47	0.33	0.14	0.05	0.06	0.57	2.07	1.67	0.39	0.10	0.51	1.07	
GATCC	-0.08	-0.02	-0.16	3.13	-7.56	-0.10	0.05	0.22	-1.52	-1.59	3.24	3.41	0.23	-0.97	-4.64	-1.29	32.44	36.25	4.63	4.30	14.96	3.55	0.01	0.01	0.04	1.19	0.62	0.34	0.10	0.06	0.11	0.70	2.14	1.98	0.35	0.14	0.40	2.82	
GATGA	-0.09	-0.02	-0.15	3.91	-7.37	-0.35	0.02	0.32	-1.49	-1.52	3.22	3.47	0.23	-1.08	-4.68	4.02	32.03	34.64	5.10	4.23	13.77	6.44	0.01	0.01	0.03	1.00	0.74	0.26	0.18	0.07	0.13	0.71	4.62	1.40	0.33	0.09	0.49	0.95	
GATGC	-0.09	-0.02	-0.13	2.26	-7.60	-0.48	-0.02	0.33	-1.48	-1.44	3.23	3.36	0.22	-1.41	-4.24	3.67	31.96	34.59	5.45	4.16	13.86	6.22	0.01	0.00	0.02	0.80	0.55	0.19	0.18	0.06	0.07	0.83	4.07	1.35	0.28	0.07	0.53	1.33	
GATTA	-0.15	-0.02	-0.03	-2.76	-10.25	-1.36	-0.15	0.15	-1.53	-1.23	3.28	3.15	-0.66	1.66	-4.51	-2.32	32.72	35.28	4.96	4.40	13.51	6.61	0.02	0.01	0.03	1.11	0.81	0.41	0.17	0.16	0.08	1.19	2.03	1.45	0.54	0.17	0.51	0.74	
GCAAA	0.10	-0.03	-0.24	1.90	-10.88	-1.71	-0.54	-0.07	-1.24	-1.08	3.37	3.13	2.02	-1.36	4.15	-3.68	34.34	35.29	5.11	4.37	13.03	5.23	0.02	0.01	0.04	2.14	0.85	0.51	0.26	0.11	0.13	1.74	4.11	1.05	0.38	0.11	0.53	1.42	
GCAAC	0.10	-0.03	-0.20	2.23	-10.75	-1.35	-0.47	-0.05	-1.13	-1.10	3.30	3.09	2.18	-2.16	4.66	-2.98	34.80	35.02	5.80	4.23	12.67	6.80	0.01	0.00	0.02	1.06	0.30	0.16	0.22	0.06	0.11	2.18	3.84	0.39	0.18	0.06	0.19	0.21	
GCACA	0.10	-0.04	0.05	4.01	-8.30	-0.96	-0.32	0.31	-1.16	-1.45	3.18	3.32	1.01	-0.84	3.31	-1.85	35.01	33.55	5.92	4.07	12.50	7.34	0.01	0.01	0.02	1.29	0.32	0.16	0.32	0.15	0.07	0.95	2.63	0.77	0.24	0.06	0.31	0.24	
GCACC	0.11	-0.03	0.00	3.78	-7.89	-0.73	-0.31	0.28	-1.27	-1.52	3.21	3.35	1.06	-0.81	2.97	-2.71	34.26	34.17	5.45	4.08	13.52	6.19	0.01	0.01	0.03	1.24	0.59	0.20	0.30	0.14	0.08	0.98	2.90	0.48	0.29	0.09	0.65	1.92	
GCAGA	0.09	-0.03	-0.07	1.03	-6.69	-0.65	-0.32	0.21	-1.43	-1.67	3.33	3.30	0.83	-2.43	4.21	-1.20	34.04	31.17	5.64	3.96	14.10	4.76	0.01	0.00	0.03	0.58	0.44	0.16	0.27	0.13	0.03	1.65	2.79	1.46	0.10	0.09	0.77	2.86	
GCAGC	0.09	-0.03	-0.05	1.06	-6.76	-0.70	-0.27	0.24	-1.37	-1.67	3.28	3.27	1.10	-2.43	3.55	-2.09	34.49	31.29	5.55	4.06	13.49	6.99	0.01	0.01	0.02	0.78	0.33	0.18	0.26	0.16	0.02	1.77	2.86	1.64	0.15	0.05	0.29	0.17	
GCATA	0.09	-0.02	-0.12	-2.44	-8.11	-0.68	-0.35	0.04	-1.39	-1.46	3.37	3.20	1.34	-0.56	5.21	-2.97	34.79	31.62	5.76	4.08	12.82	7.37	0.01	0.01	0.03	0.58	0.43	0.16	0.20	0.06	0.09	0.96	4.18	1.62	0.23	0.07	0.63	1.22	
GCCAA	0.26	-0.05	0.09	1.13	-3.85	0.10	-0.07	-0.47	-1.75	-1.33	3.30	3.40	-0.44	2.56	-1.23	4.45	33.00	34.72	5.50	4.20	13.47	6.74	0.01	0.00	0.02	0.92	0.56	0.08	0.22	0.22	0.06	1.66	2.91	1.10	0.16	0.05	0.24	0.27	
GCCAC	0.26	-0.04	0.12	0.18	-4.03	0.05	-0.15	-0.29	-1.70	-1.33	3.30	3.25	-0.44	1.32	-1.52	3.09	33.11	34.20	5.61	4.11	14.16	5.08	0.01	0.01	0.02	0.54	0.34	0.39	0.17	0.20	0.04	1.06	2.71	1.10	0.40	0.10	0.53	1.37	
GCCCA	0.28	-0.04	0.05	-0.94	-2.77	0.25	-0.11	-0.13	-1.79	-1.78	3.38	3.37	-0.56	-0.59	-1.89	-2.07	33.74	33.45	4.94	4.19	14.33	6.32	0.01	0.01	0.03	0.88	0.68	0.09	0.08	0.06	0.05	0.24	1.40	0.63	0.31	0.09	0.49	1.40	
GCCCC	0.29	-0.05	0.01	0.07	-2.13	0.30	-0.06	-0.08	-1.80	-1.86	3.36	3.39	-0.34	-0.34	-1.96	-2.00	33.68	33.55	4.87	4.15	14.93	5.76	0.01	0.00	0.01	0.50	0.44	0.05	0.04	0.05	0.03	0.21	0.49	0.37	0.08	0.06	0.44	1.84	
GCCGA	0.25	-0.04	0.04	0.37	-3.40	0.28	-0.12	-0.06	-1.77	-1.61	3.33	3.38	-0.33	0.78	-0.95	3.91	32.98	32.47	5.37	4.05	13.72	6.97	0.01	0.00	0.01	0.60	0.27	0.06	0.04	0.10	0.04	0.61	2.52	0.49	0.17	0.08	0.33	1.26	
GCCGC	0.26	-0.04	0.05	-0.16	-3.73	0.28	-0.10	0.02	-1.72	-1.61	3.34	3.33	-0.22	0.55	-1.30	2.78	33.44	32.46	5.38	4.06	14.12	5.42	0.01	0.00	0.02	0.66	0.43	0.05	0.07	0.08	0.03	0.51	2.10	0.65	0.13	0.06	0.60	1.51	
GCCTA	0.25	-0.03	0.16	-4.00	-1.23	0.19	-0.11	-0.24	-1.86	-1.76	3.44	3.27	-1.34	1.84	-1.96	-2.47	34.04	31.51	5.02	4.22	14.38	6.50	0.01	0.01	0.01	0.51	0.33	0.05	0.07	0.06	0.09	1.60	0.63	1.30	0.23	0.07	0.50	1.00	
GCGAA	-0.26	-0.04	-0.01	-0.44	-6.08	0.30	-0.09	-0.28	-1.53	-1.39	3.34	3.33	0.12	1.49	3.80	-0.23	32.71	35.53	5.40	4.26	13.32	6.28	0.01	0.00	0.01	0.56	0.25	0.05	0.10	0.09	0.03	0.73	2.12	1.45	0.15	0.06	0.37	0.79	
GCGAC	-0.27	-0.04	-0.03	-1.25	-6.90	0.34	-0.13	-0.18	-1.52	-1.36	3.36	3.20	0.13	0.10	4.64	-1.39	32.70	35.46	5.50	4.14	13.32	6.58	0.01	0.00	0.02	0.95	0.51	0.05	0.07	0.10	0.09	0.47	3.06	1.49	0.14	0.05	0.51	0.95	
GCGCA	-0.25	-0.03	0.08	0.07	-3.94	0.30	-0.04	-0.01	-1.51	-1.51	3.29	3.36	-0.19	-0.42	3.54	-0.67	32.79	35.52	5.75	4.06	13.60	5.35	0.01	0.00	0.02	0.53	0.39	0.04	0.05	0.04	0.04	0.29	2.21	1.42	0.13	0.06	0.93	1.76	
GCGCC	-0.25	-0.03	0.06	0.35	-3.39	0.39	-0.00	0.02	-1.58	-1.57	3.31	3.39	-0.21	-0.09	2.85	-1.71	32.32	36.24	5.45	4.08	14.35	4.78	0.01	0.00	0.02	0.60	0.39	0.06	0.05	0.05	0.06	0.27	2.50	2.03	0.14	0.05	0.63	1.39	
GCGGA	-0.25	-0.04	0.08	1.29	-3.15	0.27	0.01	0.09	-1.60	-1.74	3.30	3.41	-0.68	0.72	2.40	-0.89	32.42	33.51	5.35	4.10	13.95	5.96	0.01	0.01	0.02	0.82	0.59	0.09	0.13	0.09	0.06	0.79	2.29	0.91	0.18	0.05	0.55	1.25	
GCGTA	-0.27	-0.03	0.00	-4.59	-7.22	0.56	-0.04	-0.23	-1.62	-1.49	3.43	3.30	0.16	0.19	4.32	-2.07	33.13	33.93	5.42	4.18	13.49	5.58	0.01	0.00	0.02	0.77	0.48	0.09	0.12	0.08	0.07	0.42	3.23	0.62	0.17	0.06	0.91	1.79	
GCTAA	-0.11	-0.03	0.05	0.87	-6.12	-1.05	-0.23	-0.13	-1.70	-1.36	3.23	3.35	1.38	1.45	-2.63	5.63	31.42	34.68	5.68	4.09	13.77	6.47	0.01	0.01	0.02	0.62	0.31	0.15	0.06	0.18	0.07	0.18	4.18	1.66	0.20	0.07	0.36	0.93	
GCTAC	-0.11	-0.03	0.04	-0.14	-6.96	-0.94	-0.26	-0.03	-1.71	-1.36	3.25	3.23	1.53	0.11	-2.28	4.45	31.25	34.48	5.68	4.03	13.88	6.27	0.01	0.01	0.03	0.84	0.43	0.20	0.13	0.19	0.03	0.74	3.63	1.70	0.34	0.14	0.53	1.38	
GCTCA	-0.10	-0.03	-0.04	-0.72	-6.75	-0.72	-0.23	0.18	-1.73	-1.54	3.27	3.26	2.09	-0.68	-2.11	-0.90	31.45	34.81	5.37	4.11	14.07	6.86	0.01	0.01	0.03	1.04	0.39	0.24	0.21	0.10	0.03	1.40	1.02	1.73	0.23	0.07	0.39	0.73	
GCTCC	-0.08	-0.02	-0.07	-0.19	-6.07	-0.25	-0.20	0.17	-1.73	-1.54	3.26	3.30	2.24	-0.58	-2.75	-1.59	31.38	35.82	5.03	4.13	14.97	4.70	0.01	0.01	0.03	0.74	0.38	0.26	0.19	0.10	0.03	1.43	0.84	2.25	0.15	0.08	0.47	2.09	
GCTGA	-0.09	-0.04	-0.06	-0.03	-6.36	-0.89	-0.23	0.26	-1.67	-1.38	3.24	3.35	2.37	-0.77	-2.00	4.93	31.14	34.29	5.69	4.03	13.45	7.24	0.01	0.00	0.03	0.64	0.44	0.16	0.25	0.15	0.06	1.59	3.55	1.62	0.22	0.07	0.22	0.36	
GCTTA	-0.14	-0.03	0.05	-6.15	-8.92	-1.23	-0.34	0.07	-1.77	-1.26	3.38	3.11	1.99	1.80	-2.56	-2.87	32.17	34.85	4.88	4.34	13.87	6.63	0.01	0.01	0.02	0.66	0.34	0.20	0.21	0.26	0.14	0.22	0.74	1.40	0.26	0.08	0.26	0.31	
GGAAA	0.08	-0.03	-0.26	0.13	-10.09	-0.69	-0.33	-0.26	-1.44	-1.07	3.39	3.17	1.83	-1.27	-1.00	-3.36	36.49	35.97	4.71	4.46	14.45	2.08	0.01	0.01	0.03	1.01	0.42	0.21	0.08	0.20	0.11	1.58	1.61	0.67	0.23	0.11	0.50	1.63	
GGAAC	0.08	-0.03	-0.21	0.99	-9.91	-0.73	-0.37	-0.10	-1.41	-1.13	3.36	3.09	1.29	-1.94	-1.24	-3.78	36.15	35.48	4.78	4.35	14.32	4.13	0.01	0.01	0.05	1.73	0.59	0.35	0.19	0.15	0.13	1.80	2.56	0.86	0.32	0.11	0.52	2.30	
GGACA	0.09	-0.01	0.02	3.61	-7.71	-0.14	-0.22	0.25	-1.37	-1.54	3.22	3.34	0.11	-0.82	-1.98	-2.88	36.24	34.09	5.09	4.18	14.43	3.73	0.01	0.01	0.04	1.60	0.50	0.37	0.25	0.10	0.07	0.64	0.88	1.25	0.23	0.10	0.69	2.63	
GGACC	0.10	-0.02	-0.03	3.58	-7.55	-0.05	-0.17	0.22	-1.44	-1.59	3.25	3.39	0.45	-0.96	-2.11	-3.33	35.87	34.68	4.77	4.23	14.79	4.64	0.00	0.01	0.04	0.86	0.59	0.27	0.20	0.10	0.07	0.75	0.80	0.71	0.08	0.08	0.49	1.60	
GGAGA	0.08	-0.02	-0.07	1.08	-6.10	-0.04	-0.16	0.17	-1.54	-1.76	3.30	3.33	0.39	-2.03	-1.61	-2.23	35.82	31.48	4.90	4.14	15.25	2.62	0.01	0.01	0.03	0.71	0.24	0.20	0.17	0.12	0.03	1.23	0.60	2.20	0.12	0.10	0.32	1.90	
GGATA	0.08	-0.01	-0.11	-2.48	-7.47	-0.29	-0.21	-0.01	-1.55	-1.52	3.36	3.22	0.62	-0.42	-1.19	-4.17	36.10	32.31	4.94	4.26	14.41	4.82	0.01	0.01	0.04	0.93	0.55	0.26	0.13	0.06	0.08	0.67	1.98	1.98	0.37	0.09	0.71	2.85	
GGCAA	0.25	-0.03	0.10	1.06	-3.14	0.24	-0.01	-0.47	-1.60	-1.36	3.39	3.40	-0.26	2.30	-2.14	3.97	36.30	34.50	5.31	4.27	13.95	5.66	0.01	0.01	0.02	0.69	0.48	0.30	0.23	0.14	0.04	1.32	3.20	0.99	0.21	0.08	0.61	1.93	
GGCAC	0.25	-0.04	0.14	-0.67	-3.41	0.21	-0.07	-0.34	-1.54	-1.29	3.38	3.21	-0.54	0.97	-1.33	3.05	36.30	34.22	5.66	4.15	13.53	6.62	0.00	0.01	0.01	0.32	0.39	0.06	0.15	0.14	0.09	0.81	2.25	1.22	0.20	0.09	0.56	1.51	
GGCCA	0.27	-0.03	0.06	-1.10	-2.54	0.35	-0.04	-0.11	-1.62	-1.76	3.42	3.33	-0.24	-0.59	-2.29	-1.76	36.91	33.23	4.92	4.21	14.68	4.93	0.01	0.00	0.03	0.70	0.46	0.09	0.06	0.09	0.05	0.48	0.56	1.90	0.16	0.06	0.55	2.71	
GGCCC	0.29	-0.04	0.02	-0.05	-1.93	0.41	0.01	-0.08	-1.63	-1.82	3.41	3.39	0.11	-0.48	-2.39	-2.36	36.62	33.57	4.77	4.21	15.05	5.96	0.01	0.01	0.02	0.59	0.40	0.06	0.05	0.10	0.04	0.35	0.70	1.58	0.17	0.08	0.46	1.30	
GGCGA	0.25	-0.03	0.05	0.17	-2.99	0.42	-0.05	-0.09	-1.60	-1.56	3.39	3.35	-0.05	0.38	-1.66	3.27	36.16	32.60	5.45	4.11	14.29	4.43	0.01	0.00	0.02	0.45	0.28	0.06	0.04	0.05	0.03	0.30	2.50	1.81	0.17	0.05	0.84	2.44	
GGCTA	0.24	-0.02	0.17	-4.28	-1.22	0.28	-0.03	-0.27	-1.66	-1.71	3.47	3.25	-1.10	1.44	-2.45	-2.77	37.30	31.35	4.85	4.32	14.52	6.00	0.01	0.01	0.01	0.36	0.32	0.12	0.13	0.04	0.11	1.28	1.14	2.99	0.19	0.06	0.39	2.16	
GGGAA	-0.31	-0.05	-0.06	-1.20	-4.39	0.37	0.00	-0.29	-1.87	-1.51	3.46	3.39	0.74	1.98	-1.09	-0.97	33.77	36.01	4.80	4.29	15.15	2.83	0.01	0.00	0.02	0.63	0.38	0.06	0.16	0.19	0.04	0.68	0.64	1.24	0.11	0.07	0.32	1.40	
GGGAC	-0.31	-0.05	-0.05	-1.50	-5.28	0.34	-0.01	-0.17	-1.79	-1.41	3.44	3.22	0.90	0.32	-0.90	-2.34	33.98	35.97	4.92	4.25	14.60	5.47	0.01	0.01	0.02	0.64	0.28	0.06	0.09	0.20	0.11	0.37	0.91	1.06	0.11	0.05	0.49	2.04	
GGGCA	-0.29	-0.04	0.05	-0.12	-2.52	0.37	0.06	-0.03	-1.79	-1.59	3.36	3.38	0.24	-0.36	-1.72	-1.81	33.75	36.27	5.07	4.18	14.43	5.40	0.01	0.00	0.03	0.76	0.34	0.07	0.06	0.11	0.02	0.35	0.38	1.29	0.14	0.05	0.61	2.42	
GGGGA	-0.31	-0.04	0.01	0.66	-1.44	0.39	0.06	0.02	-1.90	-1.85	3.40	3.45	0.02	1.08	-2.13	-1.23	33.51	33.65	4.75	4.13	15.55	2.78	0.01	0.00	0.02	0.39	0.28	0.05	0.03	0.05	0.03	0.55	0.56	0.23	0.08	0.05	0.26	1.84	
GGGTA	-0.29	-0.03	0.01	-3.80	-5.01	0.52	0.03	-0.23	-1.83	-1.56	3.45	3.34	0.50	0.23	-1.78	-3.44	34.33	34.53	4.82	4.30	14.41	6.09	0.01	0.00	0.02	0.59	0.49	0.10	0.15	0.15	0.06	0.29	1.66	0.46	0.41	0.14	0.61	1.33	
GGTAA	-0.12	-0.02	0.08	-1.52	-7.21	-0.86	-0.24	-0.12	-1.56	-1.34	3.34	3.33	0.19	1.54	-3.59	5.01	34.54	34.64	5.43	4.15	13.74	5.99	0.02	0.03	0.04	1.15	1.31	0.85	0.11	0.15	0.03	0.78	4.73	0.89	0.49	0.15	0.54	1.60	
GGTAC	-0.12	-0.03	0.07	-2.68	-8.12	-0.86	-0.27	-0.01	-1.54	-1.32	3.35	3.18	0.35	-0.04	-2.46	4.32	34.45	34.23	5.86	3.96	14.37	3.88	0.01	0.01	0.03	1.33	0.53	0.19	0.14	0.12	0.09	0.33	3.51	0.47	0.28	0.12	0.53	1.68	
GGTCA	-0.11	-0.02	0.01	-4.35	-7.96	-0.39	-0.27	0.16	-1.57	-1.41	3.39	3.22	0.64	-0.61	-3.46	-2.01	34.82	35.47	4.94	4.26	14.09	6.41	0.01	0.01	0.02	1.18	0.47	0.21	0.22	0.09	0.09	0.66	1.02	0.47	0.31	0.07	0.38	0.90	
GGTGA	-0.11	-0.03	-0.02	-2.60	-7.04	-0.59	-0.27	0.25	-1.56	-1.34	3.35	3.31	0.85	-0.74	-3.11	3.82	34.12	34.15	5.44	4.03	14.20	4.08	0.01	0.00	0.04	0.85	0.55	0.17	0.26	0.12	0.03	0.82	3.57	0.27	0.18	0.11	0.71	2.91	
GGTTA	-0.16	-0.02	0.07	-9.38	-10.83	-1.12	-0.42	0.09	-1.59	-1.15	3.44	3.08	0.17	1.43	-3.36	-3.03	35.35	35.08	4.85	4.34	13.83	4.80	0.01	0.01	0.02	0.72	0.37	0.29	0.26	0.23	0.18	0.65	0.59	0.36	0.34	0.11	0.35	2.11	
GTAAA	0.09	-0.02	-0.18	0.88	-11.89	-1.20	-0.12	-0.23	-1.24	-1.06	3.30	3.17	1.47	-0.93	6.47	-0.99	34.25	35.53	5.88	4.23	12.58	6.68	0.01	0.01	0.03	1.05	0.62	0.26	0.08	0.11	0.07	1.23	3.97	0.88	0.36	0.18	0.37	0.54	
GTAAC	0.10	-0.02	-0.14	0.49	-10.83	-1.14	-0.14	-0.11	-1.28	-1.14	3.29	3.08	1.01	-1.43	5.89	-2.71	34.23	35.06	5.67	4.21	13.11	6.50	0.01	0.01	0.02	1.22	0.84	0.18	0.08	0.09	0.11	1.26	4.39	0.83	0.21	0.08	0.44	0.75	
GTACA	0.11	-0.04	0.12	1.23	-8.00	-1.12	-0.02	0.26	-1.26	-1.47	3.16	3.29	-0.24	-0.36	4.26	-1.75	34.52	33.68	6.03	4.06	12.94	6.71	0.01	0.01	0.03	1.42	0.54	0.22	0.15	0.12	0.07	0.20	3.18	0.65	0.28	0.12	0.57	1.05	
GTAGA	0.12	-0.03	0.05	0.25	-6.38	-1.22	0.05	0.29	-1.33	-1.66	3.21	3.27	0.01	-1.59	4.12	-2.44	34.42	30.99	5.79	4.02	13.73	6.33	0.03	0.02	0.03	0.67	1.46	0.22	0.22	0.17	0.04	0.87	4.32	1.99	0.32	0.10	0.48	1.19	
GTATA	0.09	-0.02	0.00	-3.57	-7.88	-0.70	-0.01	0.00	-1.36	-1.48	3.30	3.19	-0.23	0.07	5.60	-2.77	34.63	31.88	5.96	4.05	13.33	6.44	0.01	0.01	0.07	1.33	1.02	0.38	0.05	0.09	0.08	0.34	4.29	1.43	0.31	0.10	0.92	1.90	
GTCAA	0.28	-0.04	0.02	2.55	-7.07	0.19	0.22	-0.41	-1.43	-1.20	3.20	3.43	-0.62	2.01	-0.75	6.83	34.78	34.61	5.87	4.21	13.07	6.73	0.01	0.00	0.01	0.65	0.49	0.34	0.32	0.15	0.12	1.35	3.93	0.46	0.23	0.10	0.45	0.77	
GTCAC	0.28	-0.04	0.05	0.80	-6.82	0.26	0.21	-0.24	-1.34	-1.17	3.18	3.26	-0.31	0.75	-1.42	4.26	35.33	34.56	5.86	4.24	13.49	5.83	0.01	0.00	0.02	0.88	0.32	0.05	0.23	0.12	0.06	0.57	2.91	0.58	0.24	0.04	0.72	1.82	
GTCCA	0.28	-0.04	0.00	-0.02	-5.78	0.23	0.14	-0.06	-1.41	-1.68	3.25	3.38	-0.64	-1.09	-1.88	-0.37	36.01	33.79	5.17	4.27	14.16	5.90	0.01	0.00	0.02	0.87	0.60	0.09	0.11	0.17	0.08	0.40	1.00	1.23	0.20	0.07	0.60	1.19	
GTCGA	0.27	-0.04	-0.04	1.89	-6.68	0.34	0.20	0.06	-1.36	-1.51	3.20	3.43	-0.04	0.01	-1.51	5.38	35.44	33.06	5.57	4.16	13.91	5.57	0.01	0.00	0.03	1.17	0.35	0.10	0.09	0.11	0.12	0.40	3.52	1.26	0.15	0.05	0.90	1.70	
GTCTA	0.26	-0.03	0.13	-3.60	-3.62	0.11	0.15	-0.17	-1.50	-1.67	3.33	3.27	-1.91	1.65	-1.24	-1.45	36.00	31.64	5.32	4.26	14.19	6.25	0.01	0.01	0.01	0.35	0.50	0.08	0.17	0.12	0.06	1.82	0.74	2.22	0.10	0.08	0.68	1.36	
GTGAA	-0.26	-0.04	0.07	0.19	-6.21	0.16	0.30	-0.30	-1.17	-1.44	3.23	3.34	-0.88	1.90	4.07	0.69	34.78	34.80	5.84	4.27	13.14	6.64	0.01	0.00	0.01	0.44	0.16	0.05	0.31	0.15	0.06	1.44	1.78	0.70	0.20	0.06	0.25	0.15	
GTGCA	-0.25	-0.04	0.17	0.39	-3.74	0.18	0.28	0.05	-1.20	-1.50	3.19	3.36	-1.21	0.26	2.85	-0.76	34.64	35.46	5.91	4.15	12.90	7.15	0.01	0.01	0.01	0.73	0.36	0.06	0.12	0.16	0.09	0.75	1.91	0.56	0.20	0.07	0.36	0.29	
GTGGA	-0.26	-0.04	0.14	1.24	-3.48	0.16	0.31	0.09	-1.36	-1.73	3.25	3.40	-1.66	1.22	2.98	-0.49	34.24	33.75	5.64	4.08	14.37	3.62	0.01	0.00	0.02	0.46	0.38	0.08	0.12	0.20	0.08	1.47	1.80	0.47	0.12	0.08	0.62	2.45	
GTGTA	-0.26	-0.04	0.13	-3.97	-6.58	0.36	0.27	-0.22	-1.21	-1.45	3.26	3.29	-1.16	0.52	3.40	-2.01	34.99	33.60	5.75	4.27	12.85	7.07	0.01	0.01	0.02	0.69	0.39	0.07	0.25	0.15	0.04	0.86	3.04	0.84	0.42	0.10	0.31	0.42	
GTTAA	-0.10	-0.02	-0.14	0.18	-10.44	-1.18	0.13	0.02	-1.14	-1.22	3.07	3.42	1.35	0.24	-2.86	7.53	35.05	34.36	5.67	4.27	12.88	6.60	0.01	0.01	0.03	1.56	0.66	0.24	0.08	0.12	0.19	0.61	5.42	0.68	0.34	0.11	0.56	0.76	
GTTCA	-0.10	-0.03	-0.18	-1.80	-10.38	-1.18	0.10	0.33	-1.11	-1.41	3.08	3.31	1.83	-1.70	-2.98	0.09	35.57	35.12	5.19	4.34	13.41	6.51	0.01	0.00	0.03	1.14	0.33	0.23	0.12	0.16	0.11	1.77	1.66	0.46	0.23	0.06	0.32	0.58	
GTTGA	-0.10	-0.03	-0.18	-2.31	-10.22	-1.54	0.04	0.43	-1.12	-1.10	3.08	3.35	2.06	-1.78	-3.34	5.39	34.93	34.69	5.65	4.27	13.23	5.78	0.01	0.00	0.02	1.33	0.45	0.22	0.20	0.09	0.14	1.94	4.40	0.28	0.28	0.04	0.35	1.11	
GTTTA	-0.15	-0.03	-0.09	-8.30	-13.54	-1.99	-0.04	0.30	-1.07	-0.99	3.15	3.14	1.74	1.09	-2.84	-1.29	36.40	35.72	5.21	4.49	12.73	6.13	0.01	0.01	0.02	0.71	0.46	0.19	0.17	0.05	0.02	0.37	1.12	0.44	0.34	0.06	0.28	0.53	
TAAAA	0.15	-0.02	-0.11	7.24	-13.29	-2.26	-0.26	-0.10	-1.05	-1.05	3.13	3.22	-0.69	-1.02	-2.46	-2.75	35.60	36.72	4.88	4.65	12.83	5.67	0.01	0.01	0.02	0.42	0.51	0.35	0.10	0.04	0.05	0.24	1.16	0.66	0.51	0.14	0.18	0.58	
TAACA	0.15	-0.02	0.09	9.43	-11.35	-1.43	-0.17	0.45	-1.09	-1.52	3.06	3.39	-1.57	-0.13	-2.39	-2.60	35.32	34.87	5.23	4.31	12.80	6.60	0.01	0.01	0.02	1.27	0.50	0.31	0.32	0.23	0.17	0.80	1.04	0.53	0.19	0.07	0.66	1.34	
TAAGA	0.14	-0.02	0.06	6.61	-8.51	-1.05	-0.02	0.29	-1.28	-1.79	3.10	3.43	-1.81	-1.96	-3.37	-2.42	34.89	32.43	4.82	4.39	14.12	5.60	0.01	0.01	0.03	1.03	1.05	0.24	0.18	0.27	0.17	0.56	1.21	1.52	0.36	0.15	0.51	1.70	
TAATA	0.14	-0.02	0.02	3.57	-9.98	-1.45	-0.16	0.18	-1.19	-1.53	3.13	3.26	-2.02	0.23	-2.19	-3.92	35.37	32.48	5.25	4.37	13.15	6.88	0.01	0.01	0.02	0.82	0.56	0.26	0.18	0.18	0.07	1.15	1.82	1.55	0.45	0.16	0.39	0.60	
TACAA	0.27	-0.04	0.09	5.25	-7.17	0.28	0.29	-0.46	-1.47	-1.14	3.28	3.39	-0.40	2.41	-1.49	5.80	33.40	35.27	5.99	4.32	12.56	6.66	0.01	0.01	0.03	0.77	0.48	0.11	0.38	0.19	0.07	1.43	3.76	1.03	0.34	0.14	0.53	0.68	
TACCA	0.27	-0.04	0.07	2.66	-5.96	0.27	0.17	-0.08	-1.51	-1.69	3.32	3.37	-0.65	-0.57	-2.45	-0.70	34.38	34.32	5.26	4.29	13.40	6.78	0.01	0.00	0.02	0.70	0.28	0.08	0.13	0.10	0.03	0.17	1.04	0.32	0.17	0.05	0.37	1.05	
TACGA	0.26	-0.03	0.04	4.37	-6.48	0.53	0.23	-0.05	-1.47	-1.50	3.28	3.41	0.06	0.18	-1.92	4.91	33.57	33.73	5.67	4.21	12.89	7.01	0.01	0.00	0.02	0.69	0.45	0.07	0.15	0.05	0.07	0.27	3.53	0.39	0.28	0.10	0.48	0.50	
TACTA	0.25	-0.03	0.18	-0.49	-3.97	0.25	0.19	-0.21	-1.60	-1.67	3.37	3.26	-1.63	2.14	-2.12	-1.21	34.42	31.63	5.47	4.25	13.38	7.21	0.01	0.01	0.01	0.43	0.27	0.05	0.20	0.06	0.06	1.89	1.00	1.44	0.28	0.08	0.42	0.38	
TAGAA	-0.26	-0.04	0.14	4.23	-3.73	0.00	0.20	-0.32	-1.64	-1.41	3.27	3.39	-1.64	2.67	-1.40	-0.49	31.57	36.55	5.48	4.35	13.61	6.47	0.00	0.00	0.00	0.16	0.25	0.07	0.27	0.13	0.06	2.16	0.55	2.53	0.22	0.08	0.22	0.10	
TAGCA	-0.24	-0.02	0.20	4.14	-1.60	0.17	0.22	0.02	-1.67	-1.64	3.22	3.43	-1.73	0.83	-2.09	-1.50	31.39	36.48	5.41	4.23	13.60	7.04	0.01	0.01	0.02	0.52	0.33	0.08	0.11	0.04	0.11	1.30	0.71	2.56	0.26	0.07	0.30	0.22	
TAGGA	-0.26	-0.02	0.19	4.88	-1.39	0.17	0.26	0.06	-1.74	-1.81	3.25	3.50	-1.93	1.87	-2.51	-0.97	31.66	34.64	4.98	4.30	14.18	6.60	0.01	0.01	0.01	0.36	0.14	0.08	0.10	0.05	0.13	1.91	0.87	1.51	0.33	0.12	0.33	0.40	
TATAA	-0.09	-0.02	0.03	4.35	-7.14	-0.87	0.01	-0.12	-1.49	-1.34	3.18	3.42	-0.06	1.78	-3.01	7.37	31.78	34.59	6.02	4.10	12.80	6.88	0.02	0.01	0.04	0.62	0.63	0.23	0.08	0.09	0.13	0.94	5.51	1.54	0.50	0.18	0.67	1.32	
TATCA	-0.09	-0.02	-0.05	2.37	-7.32	-0.68	-0.03	0.27	-1.48	-1.50	3.19	3.30	0.33	-0.35	-3.40	-1.13	31.94	35.75	5.46	4.22	13.44	7.02	0.01	0.01	0.03	0.94	0.59	0.36	0.16	0.04	0.06	0.48	1.60	1.98	0.36	0.14	0.43	0.61	
TATGA	-0.09	-0.02	-0.06	2.25	-7.00	-0.78	-0.04	0.32	-1.45	-1.33	3.19	3.37	0.61	-0.57	-3.24	4.95	31.46	35.10	5.85	4.13	12.97	7.04	0.01	0.01	0.04	0.82	0.54	0.32	0.19	0.09	0.10	0.64	4.31	1.86	0.37	0.13	0.58	0.87	
TCAAA	0.10	-0.03	-0.22	1.26	-10.28	-1.59	-0.45	-0.18	-1.16	-1.04	3.39	3.14	2.03	-1.45	5.24	-2.67	34.64	35.30	5.77	4.31	12.99	6.34	0.01	0.00	0.03	1.33	0.69	0.24	0.16	0.11	0.13	1.77	4.18	0.61	0.34	0.09	0.32	0.31	
TCACA	0.11	-0.03	0.04	4.22	-7.82	-0.92	-0.30	0.31	-1.18	-1.49	3.26	3.31	0.55	-0.80	4.25	-2.37	34.66	33.72	5.80	4.08	13.31	5.62	0.01	0.01	0.03	1.09	0.58	0.28	0.31	0.17	0.05	0.72	3.37	0.66	0.21	0.06	0.83	2.50	
TCAGA	0.10	-0.03	-0.05	0.55	-6.32	-0.72	-0.27	0.22	-1.41	-1.68	3.38	3.31	0.41	-2.19	4.51	-1.76	34.39	31.28	5.57	4.06	13.49	6.95	0.01	0.01	0.04	1.14	0.63	0.19	0.25	0.15	0.05	1.34	3.34	1.59	0.23	0.10	0.49	1.04	
TCCAA	0.26	-0.04	0.13	-0.67	-2.74	0.16	-0.05	-0.50	-1.74	-1.29	3.41	3.34	-1.20	2.55	-1.03	2.70	33.66	34.57	5.32	4.32	13.89	6.18	0.01	0.01	0.02	0.70	0.95	0.14	0.24	0.24	0.08	1.90	2.91	0.71	0.35	0.14	0.36	0.36	
TCCCA	0.29	-0.04	0.05	-1.24	-2.42	0.31	-0.07	-0.10	-1.83	-1.83	3.44	3.35	-1.17	-0.36	-0.93	-1.79	33.69	33.34	4.91	4.15	14.56	5.43	0.02	0.01	0.04	1.46	0.54	0.11	0.15	0.07	0.06	0.64	1.75	0.89	0.23	0.21	0.73	2.12	
TCCGA	0.25	-0.04	0.08	-0.69	-3.04	0.23	-0.07	-0.10	-1.73	-1.53	3.40	3.33	-0.74	0.85	-0.69	3.14	33.69	32.77	5.28	4.17	14.05	5.83	0.01	0.01	0.03	0.93	0.60	0.07	0.04	0.11	0.04	0.80	2.03	0.53	0.10	0.07	0.72	2.16	
TCGAA	-0.27	-0.04	-0.03	-1.46	-5.99	0.35	-0.01	-0.31	-1.58	-1.47	3.45	3.33	-0.45	1.38	5.38	0.19	32.98	34.95	5.54	4.13	14.15	4.98	0.01	0.00	0.02	0.67	0.39	0.09	0.17	0.10	0.07	1.03	2.68	1.14	0.23	0.06	0.64	1.18	
TCGCA	-0.25	-0.04	0.07	-0.74	-3.81	0.28	0.05	-0.01	-1.46	-1.51	3.34	3.36	-0.32	-0.50	4.16	-0.91	33.31	35.53	5.68	4.15	12.87	7.15	0.01	0.00	0.01	0.34	0.30	0.06	0.05	0.06	0.02	0.16	2.64	1.15	0.24	0.05	0.14	0.20	
TCTAA	-0.11	-0.03	0.03	0.93	-6.61	-1.21	-0.19	-0.11	-1.67	-1.32	3.26	3.34	1.48	1.35	-1.11	6.26	31.27	34.40	5.88	4.08	13.46	6.87	0.01	0.01	0.03	0.49	0.41	0.27	0.05	0.18	0.05	0.22	3.76	1.59	0.22	0.08	0.21	0.34	
TCTCA	-0.10	-0.03	-0.01	-1.73	-6.62	-0.91	-0.22	0.17	-1.68	-1.49	3.31	3.24	1.93	-0.56	-2.02	-1.29	31.77	35.17	5.22	4.21	14.03	6.63	0.01	0.01	0.03	0.54	0.59	0.42	0.20	0.11	0.04	1.26	1.09	1.72	0.29	0.10	0.51	0.41	
TGAAA	0.09	-0.03	-0.22	1.41	-10.81	-1.24	-0.32	-0.26	-1.44	-1.03	3.33	3.16	2.00	-1.23	0.49	-1.64	34.89	35.90	5.49	4.38	13.16	6.33	0.01	0.01	0.03	0.97	0.18	0.18	0.05	0.21	0.08	1.62	1.40	0.84	0.38	0.11	0.17	0.33	
TGACA	0.11	-0.02	0.05	4.09	-8.28	-0.71	-0.23	0.30	-1.37	-1.52	3.19	3.34	0.33	-0.63	-1.55	-2.49	35.49	34.21	5.42	4.19	13.45	6.07	0.02	0.01	0.03	1.32	0.46	0.50	0.27	0.09	0.08	0.54	0.98	0.92	0.35	0.11	0.61	1.96	
TGCAA	0.25	-0.04	0.14	0.73	-3.80	0.20	-0.02	-0.42	-1.54	-1.23	3.36	3.34	-0.13	2.51	-1.25	4.61	35.49	34.61	5.83	4.22	12.69	6.89	0.01	0.00	0.02	0.86	0.56	0.04	0.23	0.18	0.04	1.35	3.06	0.81	0.25	0.08	0.32	0.26	
TGCCA	0.27	-0.03	0.11	-1.54	-2.98	0.21	-0.03	-0.10	-1.58	-1.71	3.39	3.30	-0.01	-0.33	-1.81	-1.34	36.44	33.41	5.35	4.18	13.64	6.59	0.01	0.01	0.03	1.02	0.34	0.34	0.06	0.08	0.05	0.50	0.59	1.64	0.24	0.09	0.45	1.54	
TGGAA	-0.29	-0.04	-0.01	0.12	-5.20	0.25	0.06	-0.27	-1.77	-1.48	3.40	3.39	0.96	2.11	-0.85	-0.69	33.87	36.04	4.98	4.32	14.34	5.09	0.01	0.00	0.02	0.85	0.33	0.09	0.17	0.15	0.03	0.66	0.71	1.20	0.17	0.08	0.49	1.87	
TGTAA	-0.11	-0.03	0.12	-0.58	-7.55	-1.07	-0.23	-0.08	-1.50	-1.29	3.29	3.32	0.40	1.70	-2.12	6.03	33.77	34.60	5.94	4.09	12.70	6.87	0.01	0.01	0.03	1.21	0.46	0.19	0.08	0.12	0.04	0.68	4.29	0.71	0.28	0.14	0.61	1.23	
TTAAA	0.12	-0.00	-0.16	0.32	-10.70	-1.68	-0.04	-0.23	-1.09	-1.05	3.37	3.13	0.06	-0.74	5.72	-3.00	34.67	35.63	5.62	4.51	12.91	5.72	0.02	0.02	0.05	1.49	0.78	0.71	0.12	0.13	0.13	0.51	4.52	0.73	0.50	0.09	0.20	0.33	
TTCAA	0.27	-0.04	0.06	0.29	-5.98	0.21	0.30	-0.43	-1.46	-1.09	3.34	3.33	-2.06	2.25	0.18	5.46	34.80	34.59	5.85	4.36	13.32	6.06	0.01	0.00	0.01	0.60	0.38	0.06	0.37	0.21	0.03	2.18	2.78	0.62	0.25	0.09	0.20	0.27	
